{
  "type": "FeatureCollection",
  "generator": "overpass-turbo",
  "copyright": "The data included in this document is from www.openstreetmap.org. The data is made available under ODbL.",
  "timestamp": "2026-06-16T16:54:11Z",
  "features": [
    {
      "type": "Feature",
      "properties": {
        "@id": "way/9499187",
        "CEMT": "IV",
        "alt_name": "Nieuwe Meerschutsluis",
        "canoe": "yes",
        "description": "schutsluis",
        "lock": "yes",
        "motorboat": "yes",
        "name": "Nieuwe Meersluis",
        "old_name": "Schinkelsluis",
        "operator": "Waternet",
        "waterway": "canal",
        "website": "https://grachten.waternet.nl/vaarkaart/#!/locaties/filter/sluis/item/1756",
        "wikidata": "Q3114693",
        "wikipedia": "nl:Nieuwe Meersluis"
      },
      "geometry": {
        "type": "LineString",
        "coordinates": [
          [
            4.8469406,
            52.3382586
          ],
          [
            4.8467956,
            52.3393713
          ]
        ]
      },
      "id": "way/9499187"
    },
    {
      "type": "Feature",
      "properties": {
        "@id": "way/12855964",
        "CEMT": "0",
        "boat": "yes",
        "name": "Korte Prinsengracht",
        "oneway": "yes",
        "seamark:bridge:category": "yes",
        "waterway": "canal"
      },
      "geometry": {
        "type": "LineString",
        "coordinates": [
          [
            4.8907017,
            52.3830424
          ],
          [
            4.890509,
            52.3828551
          ],
          [
            4.8903176,
            52.3826464
          ],
          [
            4.8899662,
            52.3822758
          ],
          [
            4.8898501,
            52.3821726
          ],
          [
            4.8897611,
            52.3819553
          ]
        ]
      },
      "id": "way/12855964"
    },
    {
      "type": "Feature",
      "properties": {
        "@id": "way/12869938",
        "canoe": "yes",
        "motorboat": "yes",
        "name": "Spiegelgracht",
        "waterway": "canal",
        "wikidata": "Q2590555"
      },
      "geometry": {
        "type": "LineString",
        "coordinates": [
          [
            4.8876965,
            52.3625661
          ],
          [
            4.8869936,
            52.3617894
          ]
        ]
      },
      "id": "way/12869938"
    },
    {
      "type": "Feature",
      "properties": {
        "@id": "way/12869939",
        "canoe": "yes",
        "motorboat": "yes",
        "name": "Leidsegracht",
        "seamark:bridge:category": "yes",
        "waterway": "canal",
        "wikidata": "Q657507"
      },
      "geometry": {
        "type": "LineString",
        "coordinates": [
          [
            4.8809734,
            52.3655128
          ],
          [
            4.8808399,
            52.3654658
          ]
        ]
      },
      "id": "way/12869939"
    },
    {
      "type": "Feature",
      "properties": {
        "@id": "way/15498075",
        "boat": "yes",
        "name": "Bloemgracht",
        "tourism": "yes",
        "waterway": "canal"
      },
      "geometry": {
        "type": "LineString",
        "coordinates": [
          [
            4.8793083,
            52.3743692
          ],
          [
            4.8811182,
            52.3747815
          ]
        ]
      },
      "id": "way/15498075"
    },
    {
      "type": "Feature",
      "properties": {
        "@id": "way/15498366",
        "alt_name": "Doorvaart",
        "boat": "yes",
        "intermittent": "no",
        "lock": "no",
        "name": "Doorvaart P-Q",
        "seamark:bridge:category": "yes",
        "waterway": "canal",
        "wikidata": "Q90909965"
      },
      "geometry": {
        "type": "LineString",
        "coordinates": [
          [
            4.8767489,
            52.3703464
          ],
          [
            4.8770461,
            52.3704235
          ]
        ]
      },
      "id": "way/15498366"
    },
    {
      "type": "Feature",
      "properties": {
        "@id": "way/15498529",
        "boat": "yes",
        "name": "Egelantiersgracht",
        "tourism": "attraction",
        "waterway": "canal"
      },
      "geometry": {
        "type": "LineString",
        "coordinates": [
          [
            4.8806082,
            52.3758058
          ],
          [
            4.8823789,
            52.3761877
          ]
        ]
      },
      "id": "way/15498529"
    },
    {
      "type": "Feature",
      "properties": {
        "@id": "way/15498784",
        "canoe": "yes",
        "motorboat": "yes",
        "name": "Leliegracht",
        "waterway": "canal",
        "wikidata": "Q2400867"
      },
      "geometry": {
        "type": "LineString",
        "coordinates": [
          [
            4.88456,
            52.3758622
          ],
          [
            4.8856458,
            52.3754896
          ]
        ]
      },
      "id": "way/15498784"
    },
    {
      "type": "Feature",
      "properties": {
        "@id": "way/15500380",
        "canoe": "yes",
        "motorboat": "yes",
        "name": "Looiersgracht",
        "seamark:bridge:category": "yes",
        "waterway": "canal"
      },
      "geometry": {
        "type": "LineString",
        "coordinates": [
          [
            4.8822389,
            52.3687666
          ],
          [
            4.8823402,
            52.3687632
          ],
          [
            4.882408,
            52.3687609
          ]
        ]
      },
      "id": "way/15500380"
    },
    {
      "type": "Feature",
      "properties": {
        "@id": "way/15500429",
        "boat": "yes",
        "name": "Passeerdersgracht",
        "seamark:bridge:category": "yes",
        "waterway": "canal",
        "wikidata": "Q2511759"
      },
      "geometry": {
        "type": "LineString",
        "coordinates": [
          [
            4.8821313,
            52.3673874
          ],
          [
            4.8823098,
            52.3674395
          ]
        ]
      },
      "id": "way/15500429"
    },
    {
      "type": "Feature",
      "properties": {
        "@id": "way/15500960",
        "boat": "yes",
        "name": "Lijnbaansgracht",
        "waterway": "canal"
      },
      "geometry": {
        "type": "LineString",
        "coordinates": [
          [
            4.881111,
            52.3807424
          ],
          [
            4.8799053,
            52.3788459
          ],
          [
            4.8794154,
            52.3781134
          ],
          [
            4.8792271,
            52.3778508
          ],
          [
            4.8792499,
            52.377779
          ]
        ]
      },
      "id": "way/15500960"
    },
    {
      "type": "Feature",
      "properties": {
        "@id": "way/17162469",
        "boat": "yes",
        "name": "Reguliersgracht",
        "waterway": "canal",
        "wikidata": "Q12013307"
      },
      "geometry": {
        "type": "LineString",
        "coordinates": [
          [
            4.8961035,
            52.3613968
          ],
          [
            4.8962113,
            52.3598794
          ]
        ]
      },
      "id": "way/17162469"
    },
    {
      "type": "Feature",
      "properties": {
        "@id": "way/17162470",
        "canoe": "yes",
        "maxspeed": "6",
        "motorboat": "yes",
        "name": "Entrepotdok",
        "waterway": "canal",
        "wikidata": "Q2452724",
        "wikipedia": "nl:Entrepotdok"
      },
      "geometry": {
        "type": "LineString",
        "coordinates": [
          [
            4.9138922,
            52.3685797
          ],
          [
            4.9175514,
            52.3673372
          ],
          [
            4.9184457,
            52.3670906
          ],
          [
            4.9196025,
            52.3666495
          ],
          [
            4.9212274,
            52.3661028
          ],
          [
            4.9214175,
            52.3658452
          ]
        ]
      },
      "id": "way/17162470"
    },
    {
      "type": "Feature",
      "properties": {
        "@id": "way/17162472",
        "boat": "yes",
        "canoe": "yes",
        "motorboat": "yes",
        "name": "Herengracht",
        "name:nl": "Herengracht",
        "name:uk": "Геренграхт",
        "seamark:bridge:category": "yes",
        "waterway": "canal",
        "wikidata": "Q2623129",
        "wikipedia": "nl:Herengracht (Amsterdam)"
      },
      "geometry": {
        "type": "LineString",
        "coordinates": [
          [
            4.888044,
            52.3748812
          ],
          [
            4.8879718,
            52.374802
          ]
        ]
      },
      "id": "way/17162472"
    },
    {
      "type": "Feature",
      "properties": {
        "@id": "way/17166659",
        "canoe": "yes",
        "maxspeed": "6",
        "motorboat": "yes",
        "name": "Nieuwe Prinsengracht",
        "waterway": "canal",
        "wikidata": "Q4987241"
      },
      "geometry": {
        "type": "LineString",
        "coordinates": [
          [
            4.9035619,
            52.36295
          ],
          [
            4.9044648,
            52.3631025
          ],
          [
            4.9063287,
            52.3634481
          ]
        ]
      },
      "id": "way/17166659"
    },
    {
      "type": "Feature",
      "properties": {
        "@id": "way/17166660",
        "boat": "yes",
        "name": "Keizersgracht",
        "name:uk": "Кейзерсграхт",
        "waterway": "canal"
      },
      "geometry": {
        "type": "LineString",
        "coordinates": [
          [
            4.901892,
            52.364479
          ],
          [
            4.901263,
            52.36436
          ]
        ]
      },
      "id": "way/17166660"
    },
    {
      "type": "Feature",
      "properties": {
        "@id": "way/22103864",
        "canoe": "yes",
        "motorboat": "yes",
        "name": "Lijnbaansgracht",
        "waterway": "canal"
      },
      "geometry": {
        "type": "LineString",
        "coordinates": [
          [
            4.8868362,
            52.3616354
          ],
          [
            4.8841434,
            52.362964
          ]
        ]
      },
      "id": "way/22103864"
    },
    {
      "type": "Feature",
      "properties": {
        "@id": "way/22103865",
        "canoe": "yes",
        "motorboat": "yes",
        "name": "Schutsluis",
        "note": "schutsluis",
        "seamark:bridge:category": "yes",
        "waterway": "canal"
      },
      "geometry": {
        "type": "LineString",
        "coordinates": [
          [
            4.888426,
            52.3606908
          ],
          [
            4.8883739,
            52.360653
          ],
          [
            4.8880254,
            52.3603861
          ]
        ]
      },
      "id": "way/22103865"
    },
    {
      "type": "Feature",
      "properties": {
        "@id": "way/22103866",
        "CEMT": "0",
        "boat": "yes",
        "name": "Singelgracht",
        "name:nl": "Singelgracht",
        "name:uk": "Сінгелграхт",
        "note": "(Buiten)singelgracht / Stadhouderskade",
        "waterway": "canal"
      },
      "geometry": {
        "type": "LineString",
        "coordinates": [
          [
            4.8821271,
            52.3620702
          ],
          [
            4.8818728,
            52.3621799
          ],
          [
            4.8817489,
            52.362317
          ],
          [
            4.881539,
            52.3629454
          ],
          [
            4.8814208,
            52.3631327
          ]
        ]
      },
      "id": "way/22103866"
    },
    {
      "type": "Feature",
      "properties": {
        "@id": "way/23269770",
        "boat": "yes",
        "canoe": "yes",
        "maxspeed": "6",
        "motorboat": "yes",
        "name": "Raamgracht",
        "oneway": "yes",
        "waterway": "canal",
        "wikidata": "Q1872315",
        "wikimedia_commons": "Category:Raamgracht, Amsterdam",
        "wikipedia": "nl:Raamgracht (Amsterdam)"
      },
      "geometry": {
        "type": "LineString",
        "coordinates": [
          [
            4.900044,
            52.3694622
          ],
          [
            4.8996705,
            52.3696237
          ],
          [
            4.8990669,
            52.3697396
          ],
          [
            4.8981548,
            52.369918
          ]
        ]
      },
      "id": "way/23269770"
    },
    {
      "type": "Feature",
      "properties": {
        "@id": "way/23269771",
        "boat": "yes",
        "canoe": "yes",
        "motorboat": "yes",
        "name": "Groenburgwal",
        "waterway": "canal"
      },
      "geometry": {
        "type": "LineString",
        "coordinates": [
          [
            4.897634,
            52.3681864
          ],
          [
            4.8973818,
            52.3678872
          ],
          [
            4.8973073,
            52.3678047
          ],
          [
            4.8972668,
            52.3676856
          ],
          [
            4.8972449,
            52.36741
          ]
        ]
      },
      "id": "way/23269771"
    },
    {
      "type": "Feature",
      "properties": {
        "@id": "way/23289293",
        "boat": "yes",
        "name": "Nieuwe Keizersgracht",
        "waterway": "canal",
        "wikidata": "Q2394887",
        "wikipedia": "nl:Nieuwe Keizersgracht (Amsterdam)"
      },
      "geometry": {
        "type": "LineString",
        "coordinates": [
          [
            4.9089932,
            52.3657991
          ],
          [
            4.9087251,
            52.3658133
          ],
          [
            4.9058674,
            52.3652529
          ]
        ]
      },
      "id": "way/23289293"
    },
    {
      "type": "Feature",
      "properties": {
        "@id": "way/23294019",
        "CEMT": "II",
        "boat": "yes",
        "maxspeed": "7.5",
        "name": "Oosterdok",
        "waterway": "canal",
        "wikidata": "Q2302371",
        "wikipedia": "nl:Oosterdok"
      },
      "geometry": {
        "type": "LineString",
        "coordinates": [
          [
            4.9135161,
            52.3720335
          ],
          [
            4.9135033,
            52.3727643
          ],
          [
            4.9131394,
            52.3744229
          ],
          [
            4.9124928,
            52.3755272
          ],
          [
            4.9111702,
            52.3754794
          ]
        ]
      },
      "id": "way/23294019"
    },
    {
      "type": "Feature",
      "properties": {
        "@id": "way/25429202",
        "boat": "yes",
        "name": "Singel",
        "name:nl": "Singel",
        "name:uk": "Сінгел",
        "waterway": "canal"
      },
      "geometry": {
        "type": "LineString",
        "coordinates": [
          [
            4.8931275,
            52.3669061
          ],
          [
            4.8916224,
            52.3669465
          ],
          [
            4.8902386,
            52.3671432
          ],
          [
            4.8898518,
            52.3672346
          ]
        ]
      },
      "id": "way/25429202"
    },
    {
      "type": "Feature",
      "properties": {
        "@id": "way/25429203",
        "canoe": "yes",
        "motorboat": "yes",
        "name": "Brouwersgracht",
        "waterway": "canal"
      },
      "geometry": {
        "type": "LineString",
        "coordinates": [
          [
            4.8827324,
            52.3838422
          ],
          [
            4.8828679,
            52.3837291
          ],
          [
            4.882986,
            52.3835826
          ],
          [
            4.8830487,
            52.3835219
          ],
          [
            4.8847612,
            52.3825754
          ]
        ]
      },
      "id": "way/25429203"
    },
    {
      "type": "Feature",
      "properties": {
        "@id": "way/25429798",
        "CEMT": "0",
        "boat": "yes",
        "name": "Singelgracht",
        "name:nl": "Singelgracht",
        "name:uk": "Сінгелграхт",
        "note": "(Buiten)singelgracht / Nassaukade",
        "waterway": "canal"
      },
      "geometry": {
        "type": "LineString",
        "coordinates": [
          [
            4.8792688,
            52.3649914
          ],
          [
            4.878989,
            52.3655626
          ],
          [
            4.87862,
            52.3659976
          ],
          [
            4.8783083,
            52.366206
          ]
        ]
      },
      "id": "way/25429798"
    },
    {
      "type": "Feature",
      "properties": {
        "@id": "way/27459189",
        "canoe": "yes",
        "motorboat": "yes",
        "name": "Achtergracht",
        "waterway": "canal",
        "wikidata": "Q2059752"
      },
      "geometry": {
        "type": "LineString",
        "coordinates": [
          [
            4.9013626,
            52.3612557
          ],
          [
            4.9025616,
            52.3614952
          ]
        ]
      },
      "id": "way/27459189"
    },
    {
      "type": "Feature",
      "properties": {
        "@id": "way/27687813",
        "CEMT": "II",
        "boat": "yes",
        "maxspeed": "6",
        "name": "Dijksgracht",
        "waterway": "canal",
        "wikidata": "Q19017633"
      },
      "geometry": {
        "type": "LineString",
        "coordinates": [
          [
            4.9214459,
            52.3751553
          ],
          [
            4.9230689,
            52.3748803
          ],
          [
            4.9242697,
            52.3744942
          ],
          [
            4.9264423,
            52.3737484
          ],
          [
            4.9267834,
            52.3734883
          ],
          [
            4.9268857,
            52.3733494
          ]
        ]
      },
      "id": "way/27687813"
    },
    {
      "type": "Feature",
      "properties": {
        "@id": "way/27687815",
        "canoe": "yes",
        "motorboat": "yes",
        "name": "Oostenburgervaart",
        "waterway": "canal"
      },
      "geometry": {
        "type": "LineString",
        "coordinates": [
          [
            4.9290908,
            52.3712222
          ],
          [
            4.9268915,
            52.3698745
          ]
        ]
      },
      "id": "way/27687815"
    },
    {
      "type": "Feature",
      "properties": {
        "@id": "way/27759161",
        "boat": "yes",
        "name": "Le Mairegracht",
        "waterway": "canal",
        "wikidata": "Q1922432",
        "wikipedia": "nl:Le Mairegracht"
      },
      "geometry": {
        "type": "LineString",
        "coordinates": [
          [
            4.8843229,
            52.3893524
          ],
          [
            4.8820605,
            52.3896593
          ]
        ]
      },
      "id": "way/27759161"
    },
    {
      "type": "Feature",
      "properties": {
        "@id": "way/27759345",
        "CEMT": "IV",
        "boat": "yes",
        "note": "Westerkanaal",
        "waterway": "canal"
      },
      "geometry": {
        "type": "LineString",
        "coordinates": [
          [
            4.882623,
            52.3854313
          ],
          [
            4.8828615,
            52.385711
          ]
        ]
      },
      "id": "way/27759345"
    },
    {
      "type": "Feature",
      "properties": {
        "@id": "way/27784607",
        "boat": "yes",
        "name": "Kostverlorenvaart",
        "waterway": "canal"
      },
      "geometry": {
        "type": "LineString",
        "coordinates": [
          [
            4.8810733,
            52.3857133
          ],
          [
            4.8810056,
            52.3855685
          ],
          [
            4.8807891,
            52.3854404
          ],
          [
            4.880616,
            52.3853465
          ]
        ]
      },
      "id": "way/27784607"
    },
    {
      "type": "Feature",
      "properties": {
        "@id": "way/27784753",
        "boat": "yes",
        "waterway": "canal"
      },
      "geometry": {
        "type": "LineString",
        "coordinates": [
          [
            4.8684293,
            52.3762296
          ],
          [
            4.8693847,
            52.3759786
          ]
        ]
      },
      "id": "way/27784753"
    },
    {
      "type": "Feature",
      "properties": {
        "@id": "way/27784906",
        "boat": "yes",
        "check_date": "2024-03-16",
        "name": "Lijnbaansgracht",
        "waterway": "canal"
      },
      "geometry": {
        "type": "LineString",
        "coordinates": [
          [
            4.877608,
            52.3752153
          ],
          [
            4.87704,
            52.3742944
          ],
          [
            4.8769221,
            52.3740066
          ]
        ]
      },
      "id": "way/27784906"
    },
    {
      "type": "Feature",
      "properties": {
        "@id": "way/27784995",
        "boat": "yes",
        "waterway": "canal"
      },
      "geometry": {
        "type": "LineString",
        "coordinates": [
          [
            4.8768205,
            52.3737199
          ],
          [
            4.8767104,
            52.3737349
          ],
          [
            4.8764355,
            52.373734
          ]
        ]
      },
      "id": "way/27784995"
    },
    {
      "type": "Feature",
      "properties": {
        "@id": "way/27785363",
        "canoe": "yes",
        "motorboat": "yes",
        "name": "Jacob van Lennepkanaal",
        "waterway": "canal"
      },
      "geometry": {
        "type": "LineString",
        "coordinates": [
          [
            4.8575881,
            52.3618143
          ],
          [
            4.8582577,
            52.3617646
          ],
          [
            4.8600574,
            52.3621686
          ]
        ]
      },
      "id": "way/27785363"
    },
    {
      "type": "Feature",
      "properties": {
        "@id": "way/27791037",
        "CEMT": "IV",
        "boat": "yes",
        "name": "Kattensloot",
        "waterway": "canal"
      },
      "geometry": {
        "type": "LineString",
        "coordinates": [
          [
            4.8738594,
            52.3804434
          ],
          [
            4.8747046,
            52.3807413
          ],
          [
            4.8788166,
            52.3817678
          ]
        ]
      },
      "id": "way/27791037"
    },
    {
      "type": "Feature",
      "properties": {
        "@id": "way/27828192",
        "boat": "yes",
        "canoe": "yes",
        "motorboat": "yes",
        "name": "Lijnbaansgracht",
        "waterway": "canal"
      },
      "geometry": {
        "type": "LineString",
        "coordinates": [
          [
            4.8814164,
            52.3648744
          ],
          [
            4.8808985,
            52.36526
          ],
          [
            4.8807118,
            52.3654208
          ]
        ]
      },
      "id": "way/27828192"
    },
    {
      "type": "Feature",
      "properties": {
        "@id": "way/28344864",
        "boat": "yes",
        "maxspeed": "6",
        "name": "Krom Boomssloot",
        "waterway": "canal",
        "wikidata": "Q2192281"
      },
      "geometry": {
        "type": "LineString",
        "coordinates": [
          [
            4.9022655,
            52.3714829
          ],
          [
            4.9020579,
            52.3712229
          ],
          [
            4.901677,
            52.3710211
          ]
        ]
      },
      "id": "way/28344864"
    },
    {
      "type": "Feature",
      "properties": {
        "@id": "way/28345098",
        "name": "Oudezijds Achterburgwal",
        "waterway": "canal",
        "wikidata": "Q3001173"
      },
      "geometry": {
        "type": "LineString",
        "coordinates": [
          [
            4.8949336,
            52.36936
          ],
          [
            4.8950766,
            52.3695024
          ],
          [
            4.8957003,
            52.3702213
          ]
        ]
      },
      "id": "way/28345098"
    },
    {
      "type": "Feature",
      "properties": {
        "@id": "way/29396342",
        "canoe": "yes",
        "motorboat": "yes",
        "name": "Oostenburgerdwarsvaart",
        "waterway": "canal"
      },
      "geometry": {
        "type": "LineString",
        "coordinates": [
          [
            4.9264105,
            52.3695602
          ],
          [
            4.9253882,
            52.370159
          ]
        ]
      },
      "id": "way/29396342"
    },
    {
      "type": "Feature",
      "properties": {
        "@id": "way/29403640",
        "boat": "yes",
        "name": "Grimburgwal",
        "oneway": "yes",
        "waterway": "canal",
        "wikidata": "Q2122890"
      },
      "geometry": {
        "type": "LineString",
        "coordinates": [
          [
            4.8927888,
            52.3691275
          ],
          [
            4.8929777,
            52.3691294
          ],
          [
            4.8935412,
            52.3691811
          ],
          [
            4.8937187,
            52.3692127
          ],
          [
            4.8943009,
            52.3692249
          ],
          [
            4.8947409,
            52.3692297
          ],
          [
            4.8948251,
            52.369259
          ]
        ]
      },
      "id": "way/29403640"
    },
    {
      "type": "Feature",
      "properties": {
        "@id": "way/29404218",
        "boat": "yes",
        "maxspeed": "6",
        "name": "Kattenburgervaart",
        "waterway": "canal",
        "wikidata": "Q37427136"
      },
      "geometry": {
        "type": "LineString",
        "coordinates": [
          [
            4.9195639,
            52.3717511
          ],
          [
            4.9199445,
            52.3717637
          ],
          [
            4.9201892,
            52.3718258
          ],
          [
            4.9215702,
            52.372683
          ]
        ]
      },
      "id": "way/29404218"
    },
    {
      "type": "Feature",
      "properties": {
        "@id": "way/29404935",
        "CEMT": "II",
        "boat": "yes",
        "maxspeed": "7.5",
        "name": "Nieuwe Herengracht",
        "waterway": "canal",
        "wikidata": "Q2327303"
      },
      "geometry": {
        "type": "LineString",
        "coordinates": [
          [
            4.9051342,
            52.3665197
          ],
          [
            4.906036,
            52.3667049
          ],
          [
            4.9068697,
            52.3671865
          ]
        ]
      },
      "id": "way/29404935"
    },
    {
      "type": "Feature",
      "properties": {
        "@id": "way/29404961",
        "CEMT": "II",
        "boat": "yes",
        "name": "Schippersgracht",
        "waterway": "canal",
        "wikidata": "Q2209820"
      },
      "geometry": {
        "type": "LineString",
        "coordinates": [
          [
            4.9117791,
            52.3704021
          ],
          [
            4.9124763,
            52.3708603
          ]
        ]
      },
      "id": "way/29404961"
    },
    {
      "type": "Feature",
      "properties": {
        "@id": "way/29406525",
        "boat": "yes",
        "name": "Onbekendegracht",
        "seamark:bridge:category": "yes",
        "waterway": "canal",
        "wikidata": "Q2456618"
      },
      "geometry": {
        "type": "LineString",
        "coordinates": [
          [
            4.9044648,
            52.3631025
          ],
          [
            4.9045562,
            52.3629222
          ]
        ]
      },
      "id": "way/29406525"
    },
    {
      "type": "Feature",
      "properties": {
        "@id": "way/29406836",
        "boat": "yes",
        "name": "Plantage Muidergracht",
        "waterway": "canal",
        "wikidata": "Q2211214"
      },
      "geometry": {
        "type": "LineString",
        "coordinates": [
          [
            4.9214924,
            52.3657435
          ],
          [
            4.9215545,
            52.3655773
          ],
          [
            4.9214246,
            52.3653699
          ],
          [
            4.9206226,
            52.3648414
          ],
          [
            4.9194118,
            52.3642526
          ],
          [
            4.9187501,
            52.3639898
          ]
        ]
      },
      "id": "way/29406836"
    },
    {
      "type": "Feature",
      "properties": {
        "@id": "way/29407365",
        "CEMT": "0",
        "boat": "yes",
        "maxspeed": "6",
        "name": "Oudeschans",
        "waterway": "canal",
        "wikidata": "Q2441755",
        "wikimedia_commons": "Category:Oudeschans, Amsterdam",
        "wikipedia": "nl:Oudeschans (Amsterdam)"
      },
      "geometry": {
        "type": "LineString",
        "coordinates": [
          [
            4.9018729,
            52.370111
          ],
          [
            4.9022443,
            52.3703332
          ],
          [
            4.9038756,
            52.3710301
          ]
        ]
      },
      "id": "way/29407365"
    },
    {
      "type": "Feature",
      "properties": {
        "@id": "way/29407431",
        "CEMT": "0",
        "boat": "yes",
        "layer": "-1",
        "name": "Sint Antoniesluis",
        "seamark:bridge:category": "yes",
        "tunnel": "covered",
        "waterway": "canal"
      },
      "geometry": {
        "type": "LineString",
        "coordinates": [
          [
            4.9009475,
            52.3695216
          ],
          [
            4.9012086,
            52.3696901
          ],
          [
            4.9013671,
            52.3697969
          ]
        ]
      },
      "id": "way/29407431"
    },
    {
      "type": "Feature",
      "properties": {
        "@id": "way/29407577",
        "boat": "yes",
        "maxspeed": "6",
        "name": "Snoekjesgracht",
        "waterway": "canal",
        "wikidata": "Q4834672"
      },
      "geometry": {
        "type": "LineString",
        "coordinates": [
          [
            4.9011437,
            52.3707644
          ],
          [
            4.9012665,
            52.3705639
          ]
        ]
      },
      "id": "way/29407577"
    },
    {
      "type": "Feature",
      "properties": {
        "@id": "way/29408185",
        "boat": "yes",
        "name": "Recht Boomssloot",
        "waterway": "canal",
        "wikidata": "Q2220608"
      },
      "geometry": {
        "type": "LineString",
        "coordinates": [
          [
            4.9019088,
            52.3730424
          ],
          [
            4.9013406,
            52.3733687
          ]
        ]
      },
      "id": "way/29408185"
    },
    {
      "type": "Feature",
      "properties": {
        "@id": "way/29410858",
        "canoe": "yes",
        "motorboat": "yes",
        "name": "Lijnbaansgracht",
        "waterway": "canal"
      },
      "geometry": {
        "type": "LineString",
        "coordinates": [
          [
            4.8906245,
            52.3600169
          ],
          [
            4.8900615,
            52.3600744
          ],
          [
            4.8885562,
            52.3607852
          ]
        ]
      },
      "id": "way/29410858"
    },
    {
      "type": "Feature",
      "properties": {
        "@id": "way/29469901",
        "canoe": "yes",
        "motorboat": "yes",
        "waterway": "canal"
      },
      "geometry": {
        "type": "LineString",
        "coordinates": [
          [
            4.9266981,
            52.3671321
          ],
          [
            4.9269104,
            52.3667968
          ]
        ]
      },
      "id": "way/29469901"
    },
    {
      "type": "Feature",
      "properties": {
        "@id": "way/29469910",
        "canoe": "yes",
        "motorboat": "yes",
        "name": "Singelgracht",
        "name:nl": "Singelgracht",
        "note": "(Buiten)singelgracht / Mauritskade",
        "waterway": "canal"
      },
      "geometry": {
        "type": "LineString",
        "coordinates": [
          [
            4.9198104,
            52.3631799
          ],
          [
            4.9196057,
            52.3630349
          ],
          [
            4.9188443,
            52.362389
          ],
          [
            4.918355,
            52.3622055
          ],
          [
            4.9175349,
            52.362126
          ],
          [
            4.9168701,
            52.3620902
          ],
          [
            4.9163364,
            52.3620505
          ],
          [
            4.9152654,
            52.3618078
          ]
        ]
      },
      "id": "way/29469910"
    },
    {
      "type": "Feature",
      "properties": {
        "@id": "way/29471871",
        "canoe": "yes",
        "maxspeed": "6",
        "motorboat": "yes",
        "name": "Entrepotdoksluis",
        "waterway": "canal"
      },
      "geometry": {
        "type": "LineString",
        "coordinates": [
          [
            4.9201623,
            52.3688147
          ],
          [
            4.9197733,
            52.3685225
          ],
          [
            4.9193335,
            52.3680363
          ]
        ]
      },
      "id": "way/29471871"
    },
    {
      "type": "Feature",
      "properties": {
        "@id": "way/29472010",
        "CEMT": "II",
        "boat": "yes",
        "name": "Oosterdok",
        "name:nl": "Oosterdok",
        "name:uk": "Оостердок",
        "waterway": "canal",
        "wikidata": "Q2302371"
      },
      "geometry": {
        "type": "LineString",
        "coordinates": [
          [
            4.9079726,
            52.3728316
          ],
          [
            4.9086356,
            52.3731626
          ],
          [
            4.9093387,
            52.3739396
          ],
          [
            4.9104327,
            52.3746298
          ]
        ]
      },
      "id": "way/29472010"
    },
    {
      "type": "Feature",
      "properties": {
        "@id": "way/29472300",
        "boat": "yes",
        "maxspeed": "6",
        "name": "Nieuwe Achtergracht",
        "waterway": "canal",
        "wikidata": "Q2099627"
      },
      "geometry": {
        "type": "LineString",
        "coordinates": [
          [
            4.9075654,
            52.3624703
          ],
          [
            4.9105487,
            52.363048
          ]
        ]
      },
      "id": "way/29472300"
    },
    {
      "type": "Feature",
      "properties": {
        "@id": "way/29472599",
        "boat": "yes",
        "canoe": "yes",
        "maxspeed": "6",
        "motorboat": "yes",
        "name": "Rapenburgwal",
        "waterway": "canal",
        "wikidata": "Q16672161"
      },
      "geometry": {
        "type": "LineString",
        "coordinates": [
          [
            4.907455,
            52.3714192
          ],
          [
            4.907879,
            52.371159
          ]
        ]
      },
      "id": "way/29472599"
    },
    {
      "type": "Feature",
      "properties": {
        "@id": "way/29472611",
        "canoe": "yes",
        "motorboat": "yes",
        "name": "Kloveniersburgwal",
        "waterway": "canal",
        "wikidata": "Q2621306",
        "wikimedia_commons": "Category:Kloveniersburgwal, Amsterdam",
        "wikipedia": "nl:Kloveniersburgwal"
      },
      "geometry": {
        "type": "LineString",
        "coordinates": [
          [
            4.8996359,
            52.3719578
          ],
          [
            4.8987929,
            52.3710337
          ]
        ]
      },
      "id": "way/29472611"
    },
    {
      "type": "Feature",
      "properties": {
        "@id": "way/29472669",
        "boat": "yes",
        "loc_ref": "203",
        "name": "Oudezijds Voorburgwal",
        "oneway": "yes",
        "waterway": "canal",
        "wikidata": "Q2484869"
      },
      "geometry": {
        "type": "LineString",
        "coordinates": [
          [
            4.8959406,
            52.3719185
          ],
          [
            4.896833,
            52.3726611
          ]
        ]
      },
      "id": "way/29472669"
    },
    {
      "type": "Feature",
      "properties": {
        "@id": "way/29472670",
        "canoe": "yes",
        "motorboat": "yes",
        "name": "Rokin",
        "waterway": "river",
        "wikidata": "Q673399",
        "wikimedia_commons": "Category:Rokin, Amsterdam",
        "wikipedia": "nl:Rokin"
      },
      "geometry": {
        "type": "LineString",
        "coordinates": [
          [
            4.8937391,
            52.367623
          ],
          [
            4.8927669,
            52.368404
          ],
          [
            4.8925344,
            52.368704
          ],
          [
            4.8923639,
            52.3690584
          ]
        ]
      },
      "id": "way/29472670"
    },
    {
      "type": "Feature",
      "properties": {
        "@id": "way/29472797",
        "boat": "yes",
        "canoe": "yes",
        "maxspeed": "6",
        "motorboat": "yes",
        "name": "Waalseilandgracht",
        "waterway": "canal",
        "wikidata": "Q5465767",
        "wikimedia_commons": "Category:Waalseilandsgracht",
        "wikipedia": "nl:Waalseilandsgracht"
      },
      "geometry": {
        "type": "LineString",
        "coordinates": [
          [
            4.903268,
            52.3750195
          ],
          [
            4.903147,
            52.3748093
          ],
          [
            4.9030988,
            52.3744071
          ],
          [
            4.9031705,
            52.3741044
          ],
          [
            4.9033227,
            52.3738339
          ],
          [
            4.9034516,
            52.3736895
          ]
        ]
      },
      "id": "way/29472797"
    },
    {
      "type": "Feature",
      "properties": {
        "@id": "way/29472928",
        "boat": "yes",
        "canoe": "yes",
        "motorboat": "yes",
        "name": "Kloveniersburgwal",
        "seamark:bridge:category": "yes",
        "waterway": "canal"
      },
      "geometry": {
        "type": "LineString",
        "coordinates": [
          [
            4.8963176,
            52.3684169
          ],
          [
            4.8962778,
            52.3683744
          ],
          [
            4.8962423,
            52.3683329
          ]
        ]
      },
      "id": "way/29472928"
    },
    {
      "type": "Feature",
      "properties": {
        "@id": "way/29473019",
        "CEMT": "0",
        "boat": "yes",
        "name": "Prinsengracht",
        "name:nl": "Prinsengracht",
        "name:uk": "Принсенграхт",
        "oneway": "yes",
        "seamark:type": "separation_lane",
        "waterway": "canal"
      },
      "geometry": {
        "type": "LineString",
        "coordinates": [
          [
            4.8842818,
            52.3759593
          ],
          [
            4.8835292,
            52.3751701
          ]
        ]
      },
      "id": "way/29473019"
    },
    {
      "type": "Feature",
      "properties": {
        "@id": "way/29473027",
        "canoe": "yes",
        "motorboat": "yes",
        "name": "Lijnbaansgracht",
        "waterway": "canal"
      },
      "geometry": {
        "type": "LineString",
        "coordinates": [
          [
            4.8883949,
            52.3608553
          ],
          [
            4.8870522,
            52.3615005
          ]
        ]
      },
      "id": "way/29473027"
    },
    {
      "type": "Feature",
      "properties": {
        "@id": "way/29473090",
        "CEMT": "0",
        "boat": "yes",
        "name": "Singelgracht",
        "name:nl": "Singelgracht",
        "name:uk": "Сінгелграхт",
        "note": "(Buiten)singelgracht / Stadhouderskade",
        "oneway": "yes",
        "waterway": "canal"
      },
      "geometry": {
        "type": "LineString",
        "coordinates": [
          [
            4.8905597,
            52.3583955
          ],
          [
            4.8898801,
            52.3585801
          ],
          [
            4.8894624,
            52.3587404
          ],
          [
            4.8891081,
            52.3589264
          ],
          [
            4.888801,
            52.3591337
          ],
          [
            4.8880286,
            52.3598508
          ],
          [
            4.8876487,
            52.360146
          ]
        ]
      },
      "id": "way/29473090"
    },
    {
      "type": "Feature",
      "properties": {
        "@id": "way/29473424",
        "CEMT": "0",
        "boat": "yes",
        "name": "Singelgracht",
        "name:nl": "Singelgracht",
        "name:uk": "Сінгелграхт",
        "note": "(Buiten)singelgracht",
        "waterway": "canal"
      },
      "geometry": {
        "type": "LineString",
        "coordinates": [
          [
            4.8796652,
            52.3639891
          ],
          [
            4.8793412,
            52.3643948
          ],
          [
            4.8792688,
            52.3649914
          ]
        ]
      },
      "id": "way/29473424"
    },
    {
      "type": "Feature",
      "properties": {
        "@id": "way/29473441",
        "canoe": "yes",
        "motorboat": "yes",
        "name": "Jacob van Lennepkanaal",
        "waterway": "canal"
      },
      "geometry": {
        "type": "LineString",
        "coordinates": [
          [
            4.8769508,
            52.3665942
          ],
          [
            4.8747022,
            52.365927
          ],
          [
            4.8735647,
            52.3656093
          ]
        ]
      },
      "id": "way/29473441"
    },
    {
      "type": "Feature",
      "properties": {
        "@id": "way/29473453",
        "boat": "yes",
        "name": "Bilderdijkgracht",
        "waterway": "canal",
        "wikidata": "Q15873114"
      },
      "geometry": {
        "type": "LineString",
        "coordinates": [
          [
            4.8681965,
            52.3706147
          ],
          [
            4.8676157,
            52.3714721
          ],
          [
            4.8673818,
            52.3718034
          ]
        ]
      },
      "id": "way/29473453"
    },
    {
      "type": "Feature",
      "properties": {
        "@id": "way/29473472",
        "boat": "yes",
        "name": "Hugo de Grootgracht",
        "seamark:bridge:category": "yes",
        "waterway": "canal",
        "wikidata": "Q15876490"
      },
      "geometry": {
        "type": "LineString",
        "coordinates": [
          [
            4.8676702,
            52.371835
          ],
          [
            4.8678312,
            52.3718711
          ]
        ]
      },
      "id": "way/29473472"
    },
    {
      "type": "Feature",
      "properties": {
        "@id": "way/29473481",
        "boat": "yes",
        "waterway": "canal"
      },
      "geometry": {
        "type": "LineString",
        "coordinates": [
          [
            4.8673818,
            52.3718034
          ],
          [
            4.8668171,
            52.3719809
          ]
        ]
      },
      "id": "way/29473481"
    },
    {
      "type": "Feature",
      "properties": {
        "@id": "way/29473482",
        "CEMT": "IV",
        "canoe": "yes",
        "motorboat": "yes",
        "name": "Schinkel",
        "waterway": "canal"
      },
      "geometry": {
        "type": "LineString",
        "coordinates": [
          [
            4.8467956,
            52.3393713
          ],
          [
            4.8467948,
            52.3393899
          ],
          [
            4.8467678,
            52.3400337
          ],
          [
            4.8469043,
            52.3407723
          ],
          [
            4.8471634,
            52.3413804
          ],
          [
            4.8477274,
            52.3421703
          ],
          [
            4.848614,
            52.3429483
          ]
        ]
      },
      "id": "way/29473482"
    },
    {
      "type": "Feature",
      "properties": {
        "@id": "way/29473484",
        "CEMT": "IV",
        "canoe": "yes",
        "maxspeed": "7.5",
        "motorboat": "yes",
        "name": "Kostverlorenvaart",
        "waterway": "canal"
      },
      "geometry": {
        "type": "LineString",
        "coordinates": [
          [
            4.8602016,
            52.3647594
          ],
          [
            4.8629687,
            52.3679282
          ],
          [
            4.8648879,
            52.3699791
          ]
        ]
      },
      "id": "way/29473484"
    },
    {
      "type": "Feature",
      "properties": {
        "@id": "way/29473485",
        "CEMT": "III",
        "boat": "yes",
        "name": "Westelijk Marktkanaal",
        "waterway": "canal",
        "wikidata": "Q2418172"
      },
      "geometry": {
        "type": "LineString",
        "coordinates": [
          [
            4.8643464,
            52.3755811
          ],
          [
            4.8636126,
            52.3777255
          ],
          [
            4.8635488,
            52.3779043
          ],
          [
            4.8628589,
            52.3798382
          ],
          [
            4.8625345,
            52.3805574
          ],
          [
            4.8624383,
            52.3807708
          ],
          [
            4.8620006,
            52.3820491
          ],
          [
            4.8617809,
            52.3823307
          ],
          [
            4.8614699,
            52.383059
          ],
          [
            4.8608399,
            52.3839542
          ],
          [
            4.8607755,
            52.3841449
          ],
          [
            4.8607641,
            52.3846422
          ]
        ]
      },
      "id": "way/29473485"
    },
    {
      "type": "Feature",
      "properties": {
        "@id": "way/29473626",
        "boat": "yes",
        "name": "Lijnbaansgracht",
        "waterway": "canal"
      },
      "geometry": {
        "type": "LineString",
        "coordinates": [
          [
            4.8762501,
            52.372149
          ],
          [
            4.8761961,
            52.3719829
          ],
          [
            4.8762069,
            52.3718536
          ],
          [
            4.8771753,
            52.3704571
          ]
        ]
      },
      "id": "way/29473626"
    },
    {
      "type": "Feature",
      "properties": {
        "@id": "way/29473628",
        "boat": "yes",
        "name": "Singelgracht",
        "name:nl": "Singelgracht",
        "name:uk": "Сінгелграхт",
        "note": "(Buiten)singelgracht / Nassaukade",
        "waterway": "canal"
      },
      "geometry": {
        "type": "LineString",
        "coordinates": [
          [
            4.8755348,
            52.3742278
          ],
          [
            4.8758565,
            52.3748508
          ],
          [
            4.8781097,
            52.3783899
          ]
        ]
      },
      "id": "way/29473628"
    },
    {
      "type": "Feature",
      "properties": {
        "@id": "way/29473678",
        "canoe": "yes",
        "motorboat": "yes",
        "name": "Brouwersgracht",
        "waterway": "canal"
      },
      "geometry": {
        "type": "LineString",
        "coordinates": [
          [
            4.8886892,
            52.3803773
          ],
          [
            4.8899351,
            52.3796979
          ]
        ]
      },
      "id": "way/29473678"
    },
    {
      "type": "Feature",
      "properties": {
        "@id": "way/29473874",
        "CEMT": "0",
        "boat": "yes",
        "name": "Smallepadsgracht",
        "waterway": "canal",
        "wikidata": "Q2207295"
      },
      "geometry": {
        "type": "LineString",
        "coordinates": [
          [
            4.886051,
            52.3881223
          ],
          [
            4.8858658,
            52.3870722
          ],
          [
            4.8860306,
            52.3868288
          ]
        ]
      },
      "id": "way/29473874"
    },
    {
      "type": "Feature",
      "properties": {
        "@id": "way/29474045",
        "CEMT": "0",
        "boat": "yes",
        "name": "Realengracht",
        "waterway": "canal"
      },
      "geometry": {
        "type": "LineString",
        "coordinates": [
          [
            4.8896494,
            52.387105
          ],
          [
            4.8884477,
            52.3869381
          ]
        ]
      },
      "id": "way/29474045"
    },
    {
      "type": "Feature",
      "properties": {
        "@id": "way/29474081",
        "CEMT": "0",
        "boat": "yes",
        "name": "Eilandsgracht",
        "waterway": "canal"
      },
      "geometry": {
        "type": "LineString",
        "coordinates": [
          [
            4.8859026,
            52.3850135
          ],
          [
            4.8878254,
            52.3839074
          ]
        ]
      },
      "id": "way/29474081"
    },
    {
      "type": "Feature",
      "properties": {
        "@id": "way/29474091",
        "CEMT": "0",
        "boat": "yes",
        "name": "Bickersgracht",
        "waterway": "canal",
        "wikidata": "Q2137956"
      },
      "geometry": {
        "type": "LineString",
        "coordinates": [
          [
            4.8878254,
            52.3839074
          ],
          [
            4.8880036,
            52.3840099
          ],
          [
            4.8882991,
            52.385474
          ]
        ]
      },
      "id": "way/29474091"
    },
    {
      "type": "Feature",
      "properties": {
        "@id": "way/29474110",
        "CEMT": "0",
        "boat": "yes",
        "name": "Prinseneilandsgracht",
        "waterway": "canal"
      },
      "geometry": {
        "type": "LineString",
        "coordinates": [
          [
            4.8860306,
            52.3868288
          ],
          [
            4.8859433,
            52.3857068
          ]
        ]
      },
      "id": "way/29474110"
    },
    {
      "type": "Feature",
      "properties": {
        "@id": "way/29474370",
        "CEMT": "III",
        "boat": "yes",
        "name": "Westerdok",
        "waterway": "canal"
      },
      "geometry": {
        "type": "LineString",
        "coordinates": [
          [
            4.8910443,
            52.3883211
          ],
          [
            4.8910155,
            52.3870181
          ],
          [
            4.8907289,
            52.3841809
          ],
          [
            4.8907017,
            52.3830424
          ]
        ]
      },
      "id": "way/29474370"
    },
    {
      "type": "Feature",
      "properties": {
        "@id": "way/29474674",
        "boat": "yes",
        "name": "Singel",
        "name:uk": "Сінгел",
        "waterway": "canal"
      },
      "geometry": {
        "type": "LineString",
        "coordinates": [
          [
            4.893972,
            52.3787771
          ],
          [
            4.89406,
            52.3788471
          ]
        ]
      },
      "id": "way/29474674"
    },
    {
      "type": "Feature",
      "properties": {
        "@id": "way/29474838",
        "canoe": "yes",
        "motorboat": "yes",
        "name": "Open Havenfront",
        "waterway": "canal"
      },
      "geometry": {
        "type": "LineString",
        "coordinates": [
          [
            4.9023716,
            52.3771511
          ],
          [
            4.9025122,
            52.3770683
          ],
          [
            4.9025846,
            52.3770118
          ],
          [
            4.9027817,
            52.3768364
          ]
        ]
      },
      "id": "way/29474838"
    },
    {
      "type": "Feature",
      "properties": {
        "@id": "way/29474840",
        "boat": "yes",
        "name": "Damrak",
        "waterway": "canal",
        "wikidata": "Q901461"
      },
      "geometry": {
        "type": "LineString",
        "coordinates": [
          [
            4.8973472,
            52.3756419
          ],
          [
            4.8976694,
            52.3759009
          ],
          [
            4.8980471,
            52.3761037
          ],
          [
            4.8984874,
            52.3764544
          ],
          [
            4.8985257,
            52.37675
          ]
        ]
      },
      "id": "way/29474840"
    },
    {
      "type": "Feature",
      "properties": {
        "@id": "way/29474843",
        "boat": "yes",
        "name": "Oudezijds Kolk",
        "waterway": "canal"
      },
      "geometry": {
        "type": "LineString",
        "coordinates": [
          [
            4.9003422,
            52.3756554
          ],
          [
            4.9004451,
            52.3757192
          ]
        ]
      },
      "id": "way/29474843"
    },
    {
      "type": "Feature",
      "properties": {
        "@id": "way/29474860",
        "CEMT": "II",
        "boat": "yes",
        "name": "Oosterdoksdoorgang",
        "oneway": "yes",
        "seamark:bridge:category": "yes",
        "waterway": "canal"
      },
      "geometry": {
        "type": "LineString",
        "coordinates": [
          [
            4.9106169,
            52.3783535
          ],
          [
            4.9105893,
            52.3775566
          ],
          [
            4.9106829,
            52.3770994
          ],
          [
            4.9107332,
            52.376853
          ],
          [
            4.9108897,
            52.3761646
          ],
          [
            4.9111702,
            52.3754794
          ]
        ]
      },
      "id": "way/29474860"
    },
    {
      "type": "Feature",
      "properties": {
        "@id": "way/29474883",
        "CEMT": "II",
        "boat": "yes",
        "name": "Oosterdok",
        "name:nl": "Oosterdok",
        "name:uk": "Оостердок",
        "waterway": "canal",
        "wikidata": "Q2302371",
        "wikimedia_commons": "Category:Oosterdok",
        "wikipedia": "nl:Oosterdok"
      },
      "geometry": {
        "type": "LineString",
        "coordinates": [
          [
            4.9046946,
            52.3759927
          ],
          [
            4.9093387,
            52.3739396
          ]
        ]
      },
      "id": "way/29474883"
    },
    {
      "type": "Feature",
      "properties": {
        "@id": "way/29995938",
        "CEMT": "IV",
        "canoe": "yes",
        "maxspeed": "7.5",
        "motorboat": "yes",
        "name": "Kostverlorenvaart",
        "waterway": "canal"
      },
      "geometry": {
        "type": "LineString",
        "coordinates": [
          [
            4.8549948,
            52.3580143
          ],
          [
            4.8568302,
            52.3603205
          ],
          [
            4.8571996,
            52.3609452
          ],
          [
            4.8574092,
            52.3615003
          ],
          [
            4.8575881,
            52.3618143
          ]
        ]
      },
      "id": "way/29995938"
    },
    {
      "type": "Feature",
      "properties": {
        "@id": "way/29995985",
        "CEMT": "IV",
        "canoe": "yes",
        "motorboat": "yes",
        "name": "Schinkel",
        "waterway": "canal",
        "wikidata": "Q2039670",
        "wikipedia": "nl:Schinkel (rivier)"
      },
      "geometry": {
        "type": "LineString",
        "coordinates": [
          [
            4.8536012,
            52.3549325
          ],
          [
            4.8537305,
            52.3552977
          ],
          [
            4.8542073,
            52.3569943
          ],
          [
            4.8543868,
            52.3572979
          ],
          [
            4.8547411,
            52.357698
          ]
        ]
      },
      "id": "way/29995985"
    },
    {
      "type": "Feature",
      "properties": {
        "@id": "way/29996154",
        "CEMT": "IV",
        "canoe": "yes",
        "motorboat": "yes",
        "name": "Schinkel",
        "waterway": "canal",
        "wikidata": "Q2039670",
        "wikipedia": "nl:Schinkel (rivier)"
      },
      "geometry": {
        "type": "LineString",
        "coordinates": [
          [
            4.848614,
            52.3429483
          ],
          [
            4.8497727,
            52.3449199
          ],
          [
            4.8506475,
            52.346822
          ],
          [
            4.8510258,
            52.3473266
          ],
          [
            4.8515252,
            52.3483577
          ],
          [
            4.8516051,
            52.3485982
          ],
          [
            4.8518999,
            52.3495631
          ],
          [
            4.8523003,
            52.3506731
          ]
        ]
      },
      "id": "way/29996154"
    },
    {
      "type": "Feature",
      "properties": {
        "@id": "way/29996165",
        "CEMT": "0",
        "canoe": "yes",
        "motorboat": "yes",
        "name": "Olympiakanaal",
        "waterway": "canal"
      },
      "geometry": {
        "type": "LineString",
        "coordinates": [
          [
            4.848614,
            52.3429483
          ],
          [
            4.8495592,
            52.3429209
          ],
          [
            4.851268,
            52.3432466
          ]
        ]
      },
      "id": "way/29996165"
    },
    {
      "type": "Feature",
      "properties": {
        "@id": "way/29996170",
        "boat": "yes",
        "name": "Olympiakanaal",
        "waterway": "canal"
      },
      "geometry": {
        "type": "LineString",
        "coordinates": [
          [
            4.8497727,
            52.3449199
          ],
          [
            4.8503244,
            52.3448815
          ],
          [
            4.8507226,
            52.3449056
          ]
        ]
      },
      "id": "way/29996170"
    },
    {
      "type": "Feature",
      "properties": {
        "@id": "way/29996257",
        "boat": "yes",
        "name": "Stadiongracht",
        "waterway": "canal"
      },
      "geometry": {
        "type": "LineString",
        "coordinates": [
          [
            4.8571543,
            52.3473661
          ],
          [
            4.8557701,
            52.3471762
          ],
          [
            4.8544425,
            52.3469886
          ],
          [
            4.8534669,
            52.3468435
          ],
          [
            4.8530418,
            52.3467384
          ],
          [
            4.8526406,
            52.346551
          ],
          [
            4.8523407,
            52.3463686
          ],
          [
            4.8518922,
            52.3460016
          ],
          [
            4.8516626,
            52.3457162
          ],
          [
            4.8514893,
            52.3453184
          ],
          [
            4.851464,
            52.3449243
          ]
        ]
      },
      "id": "way/29996257"
    },
    {
      "type": "Feature",
      "properties": {
        "@id": "way/29996397",
        "boat": "yes",
        "name": "Stadiongracht",
        "seamark:bridge:category": "yes",
        "waterway": "canal"
      },
      "geometry": {
        "type": "LineString",
        "coordinates": [
          [
            4.8515246,
            52.3445639
          ],
          [
            4.8515494,
            52.3444165
          ],
          [
            4.8515649,
            52.3443775
          ]
        ]
      },
      "id": "way/29996397"
    },
    {
      "type": "Feature",
      "properties": {
        "@id": "way/29996748",
        "CEMT": "0",
        "boat": "yes",
        "name": "Zuider Amstelkanaal",
        "waterway": "canal"
      },
      "geometry": {
        "type": "LineString",
        "coordinates": [
          [
            4.8768754,
            52.3446251
          ],
          [
            4.8784102,
            52.3446754
          ],
          [
            4.8787034,
            52.3447396
          ],
          [
            4.8811994,
            52.3459647
          ]
        ]
      },
      "id": "way/29996748"
    },
    {
      "type": "Feature",
      "properties": {
        "@id": "way/29997487",
        "canoe": "yes",
        "motorboat": "yes",
        "name": "Noorder Amstelkanaal",
        "waterway": "canal"
      },
      "geometry": {
        "type": "LineString",
        "coordinates": [
          [
            4.8651123,
            52.3506567
          ],
          [
            4.864238,
            52.350438
          ],
          [
            4.8613366,
            52.3496572
          ],
          [
            4.8611454,
            52.3496016
          ],
          [
            4.8610113,
            52.3495328
          ],
          [
            4.8602978,
            52.3488807
          ]
        ]
      },
      "id": "way/29997487"
    },
    {
      "type": "Feature",
      "properties": {
        "@id": "way/29997489",
        "canoe": "yes",
        "motorboat": "yes",
        "name": "Boerenwetering",
        "waterway": "canal"
      },
      "geometry": {
        "type": "LineString",
        "coordinates": [
          [
            4.8854143,
            52.3417396
          ],
          [
            4.8855059,
            52.342549
          ]
        ]
      },
      "id": "way/29997489"
    },
    {
      "type": "Feature",
      "properties": {
        "@id": "way/29997500",
        "CEMT": "0",
        "boat": "yes",
        "name": "Amstelkanaal",
        "waterway": "canal",
        "wikidata": "Q2371875"
      },
      "geometry": {
        "type": "LineString",
        "coordinates": [
          [
            4.9044661,
            52.349105
          ],
          [
            4.9052583,
            52.3491982
          ],
          [
            4.9082537,
            52.3496124
          ],
          [
            4.909524,
            52.349808
          ]
        ]
      },
      "id": "way/29997500"
    },
    {
      "type": "Feature",
      "properties": {
        "@id": "way/29997526",
        "canoe": "yes",
        "motorboat": "yes",
        "name": "Boerenwetering",
        "waterway": "canal"
      },
      "geometry": {
        "type": "LineString",
        "coordinates": [
          [
            4.8864592,
            52.3498978
          ],
          [
            4.8864842,
            52.3501373
          ],
          [
            4.8864962,
            52.3512377
          ],
          [
            4.8865075,
            52.3520955
          ]
        ]
      },
      "id": "way/29997526"
    },
    {
      "type": "Feature",
      "properties": {
        "@id": "way/30010643",
        "boat": "yes",
        "canoe": "yes",
        "motorboat": "yes",
        "name": "Singelgracht",
        "name:nl": "Singelgracht",
        "name:uk": "Сінгелграхт",
        "note": "(Buiten)singelgracht / Nassaukade",
        "waterway": "canal"
      },
      "geometry": {
        "type": "LineString",
        "coordinates": [
          [
            4.8775365,
            52.366768
          ],
          [
            4.8773642,
            52.3672613
          ],
          [
            4.8773034,
            52.3677183
          ],
          [
            4.8768798,
            52.3683727
          ]
        ]
      },
      "id": "way/30010643"
    },
    {
      "type": "Feature",
      "properties": {
        "@id": "way/30010652",
        "boat": "yes",
        "name": "Da Costagracht",
        "waterway": "canal",
        "wikidata": "Q15874170"
      },
      "geometry": {
        "type": "LineString",
        "coordinates": [
          [
            4.8723423,
            52.3693558
          ],
          [
            4.8720685,
            52.3697426
          ],
          [
            4.8719213,
            52.3701458
          ],
          [
            4.8718784,
            52.370544
          ],
          [
            4.871947,
            52.3708899
          ],
          [
            4.87206,
            52.3711749
          ]
        ]
      },
      "id": "way/30010652"
    },
    {
      "type": "Feature",
      "properties": {
        "@id": "way/30010688",
        "canoe": "yes",
        "motorboat": "yes",
        "name": "Lauriergracht",
        "waterway": "canal"
      },
      "geometry": {
        "type": "LineString",
        "coordinates": [
          [
            4.8771753,
            52.3704571
          ],
          [
            4.8772972,
            52.3704899
          ]
        ]
      },
      "id": "way/30010688"
    },
    {
      "type": "Feature",
      "properties": {
        "@id": "way/30115716",
        "CEMT": "II",
        "alt_name": "Rapenburgersluis",
        "boat": "yes",
        "length": "45.9",
        "lock": "yes",
        "lock_name": "Scharrebiersluis",
        "name": "Scharrebiersluis",
        "waterway": "canal",
        "width": "8.8"
      },
      "geometry": {
        "type": "LineString",
        "coordinates": [
          [
            4.9110914,
            52.3699446
          ],
          [
            4.9111664,
            52.369999
          ],
          [
            4.9115738,
            52.3702665
          ]
        ]
      },
      "id": "way/30115716"
    },
    {
      "type": "Feature",
      "properties": {
        "@id": "way/30119653",
        "CEMT": "0",
        "boat": "yes",
        "name": "Ringvaart",
        "waterway": "canal",
        "wikidata": "Q15120362"
      },
      "geometry": {
        "type": "LineString",
        "coordinates": [
          [
            4.9133164,
            52.3485996
          ],
          [
            4.9149114,
            52.3493116
          ]
        ]
      },
      "id": "way/30119653"
    },
    {
      "type": "Feature",
      "properties": {
        "@id": "way/30123973",
        "CEMT": "II",
        "boat": "yes",
        "maxspeed": "7.5",
        "name": "Amstel",
        "name:nl": "Amstel",
        "name:ru": "Амстел",
        "name:uk": "Амстел",
        "waterway": "river"
      },
      "geometry": {
        "type": "LineString",
        "coordinates": [
          [
            4.9023302,
            52.3636588
          ],
          [
            4.901892,
            52.364479
          ]
        ]
      },
      "id": "way/30123973"
    },
    {
      "type": "Feature",
      "properties": {
        "@id": "way/32007207",
        "boat": "yes",
        "name": "De Rijpgracht",
        "waterway": "canal",
        "wikidata": "Q2370863"
      },
      "geometry": {
        "type": "LineString",
        "coordinates": [
          [
            4.8600695,
            52.3772527
          ],
          [
            4.862432,
            52.3775778
          ]
        ]
      },
      "id": "way/32007207"
    },
    {
      "type": "Feature",
      "properties": {
        "@id": "way/32007303",
        "boat": "yes",
        "name": "Oostelijk Marktkanaal",
        "waterway": "canal",
        "wikidata": "Q1989533"
      },
      "geometry": {
        "type": "LineString",
        "coordinates": [
          [
            4.8696859,
            52.3760889
          ],
          [
            4.8696149,
            52.3763086
          ],
          [
            4.868851,
            52.3783468
          ],
          [
            4.8681386,
            52.380212
          ]
        ]
      },
      "id": "way/32007303"
    },
    {
      "type": "Feature",
      "properties": {
        "@id": "way/32050030",
        "boat": "yes",
        "bridge:name": "Muntsluis",
        "layer": "-1",
        "name": "Singel",
        "name:nl": "Singel",
        "name:uk": "Сінгел",
        "note": "Singel / Muntsluis",
        "seamark:bridge:category": "yes",
        "tunnel": "culvert",
        "waterway": "canal",
        "wikidata": "Q2308267",
        "wikipedia": "nl:Muntsluis"
      },
      "geometry": {
        "type": "LineString",
        "coordinates": [
          [
            4.8938637,
            52.3673029
          ],
          [
            4.8934927,
            52.367024
          ],
          [
            4.8934098,
            52.36698
          ],
          [
            4.8933181,
            52.3669411
          ],
          [
            4.8932288,
            52.3669172
          ],
          [
            4.8931275,
            52.3669061
          ]
        ]
      },
      "id": "way/32050030"
    },
    {
      "type": "Feature",
      "properties": {
        "@id": "way/33183974",
        "CEMT": "III",
        "boat": "yes",
        "name": "Zoutkeetsgracht",
        "waterway": "canal",
        "wikidata": "Q2805657"
      },
      "geometry": {
        "type": "LineString",
        "coordinates": [
          [
            4.8859118,
            52.3881348
          ],
          [
            4.886051,
            52.3881223
          ],
          [
            4.8885904,
            52.3882851
          ],
          [
            4.8899919,
            52.3883888
          ]
        ]
      },
      "id": "way/33183974"
    },
    {
      "type": "Feature",
      "properties": {
        "@id": "way/33199291",
        "boat": "yes",
        "name": "Le Mairegracht",
        "waterway": "canal",
        "wikidata": "Q1922432",
        "wikipedia": "nl:Le Mairegracht"
      },
      "geometry": {
        "type": "LineString",
        "coordinates": [
          [
            4.8818152,
            52.3896881
          ],
          [
            4.8817539,
            52.3896955
          ],
          [
            4.8814003,
            52.3895571
          ],
          [
            4.8812794,
            52.389182
          ]
        ]
      },
      "id": "way/33199291"
    },
    {
      "type": "Feature",
      "properties": {
        "@id": "way/33199297",
        "boat": "yes",
        "name": "Van Noordtgracht",
        "waterway": "canal",
        "wikidata": "Q2115354",
        "wikipedia": "nl:Van Noordtgracht"
      },
      "geometry": {
        "type": "LineString",
        "coordinates": [
          [
            4.8818245,
            52.3887632
          ],
          [
            4.8839043,
            52.3884834
          ]
        ]
      },
      "id": "way/33199297"
    },
    {
      "type": "Feature",
      "properties": {
        "@id": "way/37739318",
        "boat": "yes",
        "name": "Haarlemmervaart",
        "seamark:bridge:category": "yes",
        "waterway": "canal"
      },
      "geometry": {
        "type": "LineString",
        "coordinates": [
          [
            4.8812583,
            52.3857103
          ],
          [
            4.8817851,
            52.3856354
          ]
        ]
      },
      "id": "way/37739318"
    },
    {
      "type": "Feature",
      "properties": {
        "@id": "way/68237148",
        "boat": "yes",
        "canoe": "yes",
        "motorboat": "yes",
        "name": "Geldersekade",
        "waterway": "canal",
        "wikidata": "Q4807145"
      },
      "geometry": {
        "type": "LineString",
        "coordinates": [
          [
            4.901342,
            52.3742419
          ],
          [
            4.9022279,
            52.3760608
          ],
          [
            4.9024431,
            52.3762225
          ]
        ]
      },
      "id": "way/68237148"
    },
    {
      "type": "Feature",
      "properties": {
        "@id": "way/68237150",
        "boat": "yes",
        "name": "Oudezijds Kolk",
        "oneway": "yes",
        "waterway": "canal"
      },
      "geometry": {
        "type": "LineString",
        "coordinates": [
          [
            4.9008173,
            52.3759272
          ],
          [
            4.9018993,
            52.3764415
          ],
          [
            4.9021036,
            52.3765236
          ]
        ]
      },
      "id": "way/68237150"
    },
    {
      "type": "Feature",
      "properties": {
        "@id": "way/69007555",
        "boat": "yes",
        "name": "Singel",
        "name:nl": "Singel",
        "name:uk": "Сінгел",
        "note": "layer -1 is noet apprpriate, this is a normal canal under a bridge.",
        "tourism": "yes",
        "waterway": "canal"
      },
      "geometry": {
        "type": "LineString",
        "coordinates": [
          [
            4.8895987,
            52.3747632
          ],
          [
            4.8911882,
            52.3762311
          ]
        ]
      },
      "id": "way/69007555"
    },
    {
      "type": "Feature",
      "properties": {
        "@id": "way/92323947",
        "boat": "yes",
        "name": "Singel",
        "name:nl": "Singel",
        "name:uk": "Сінгел",
        "note": "layer -1 is noet apprpriate, this is a normal canal under a bridge.",
        "waterway": "canal"
      },
      "geometry": {
        "type": "LineString",
        "coordinates": [
          [
            4.8893354,
            52.3675262
          ],
          [
            4.8880283,
            52.3685134
          ],
          [
            4.8878551,
            52.3687168
          ]
        ]
      },
      "id": "way/92323947"
    },
    {
      "type": "Feature",
      "properties": {
        "@id": "way/92323954",
        "boat": "yes",
        "layer": "-1",
        "name": "Heiligewegsluis",
        "note": "Singel",
        "seamark:bridge:category": "yes",
        "tunnel": "yes",
        "waterway": "canal"
      },
      "geometry": {
        "type": "LineString",
        "coordinates": [
          [
            4.8898518,
            52.3672346
          ],
          [
            4.8896079,
            52.3673557
          ],
          [
            4.8893354,
            52.3675262
          ]
        ]
      },
      "id": "way/92323954"
    },
    {
      "type": "Feature",
      "properties": {
        "@id": "way/101464734",
        "alt_name": "Haarlemmervaart",
        "boat": "yes",
        "name": "Haarlemmertrekvaart",
        "waterway": "canal"
      },
      "geometry": {
        "type": "LineString",
        "coordinates": [
          [
            4.8695585,
            52.3855318
          ],
          [
            4.870293,
            52.3855471
          ],
          [
            4.8718968,
            52.3855802
          ],
          [
            4.874738,
            52.3856297
          ],
          [
            4.8748483,
            52.3856313
          ]
        ]
      },
      "id": "way/101464734"
    },
    {
      "type": "Feature",
      "properties": {
        "@id": "way/112260341",
        "canoe": "yes",
        "maxspeed": "6",
        "motorboat": "yes",
        "name": "Entrepotdoksluis",
        "waterway": "canal",
        "wikidata": "Q19118344"
      },
      "geometry": {
        "type": "LineString",
        "coordinates": [
          [
            4.9191359,
            52.3678273
          ],
          [
            4.9188499,
            52.3675221
          ]
        ]
      },
      "id": "way/112260341"
    },
    {
      "type": "Feature",
      "properties": {
        "@id": "way/114270761",
        "CEMT": "IV",
        "boat": "yes",
        "name": "Singelgracht",
        "name:nl": "Singelgracht",
        "name:uk": "Сінгелграхт",
        "note": "(Buiten)singelgracht / Nassaukade",
        "waterway": "canal"
      },
      "geometry": {
        "type": "LineString",
        "coordinates": [
          [
            4.8795473,
            52.3819009
          ],
          [
            4.8796803,
            52.3820404
          ],
          [
            4.8804878,
            52.3823238
          ],
          [
            4.8816827,
            52.3841808
          ]
        ]
      },
      "id": "way/114270761"
    },
    {
      "type": "Feature",
      "properties": {
        "@id": "way/114270764",
        "CEMT": "III",
        "boat": "yes",
        "name": "Zoutkeetsgracht",
        "waterway": "canal",
        "wikidata": "Q2805657"
      },
      "geometry": {
        "type": "LineString",
        "coordinates": [
          [
            4.8903276,
            52.3883762
          ],
          [
            4.8910443,
            52.3883211
          ]
        ]
      },
      "id": "way/114270764"
    },
    {
      "type": "Feature",
      "properties": {
        "@id": "way/130751444",
        "boat": "yes",
        "canoe": "yes",
        "maxspeed": "6",
        "motorboat": "yes",
        "name": "Uilenburgergracht",
        "waterway": "canal",
        "wikidata": "Q16681640"
      },
      "geometry": {
        "type": "LineString",
        "coordinates": [
          [
            4.907879,
            52.371159
          ],
          [
            4.9076105,
            52.3707806
          ],
          [
            4.9040461,
            52.3692836
          ],
          [
            4.903715,
            52.3692526
          ]
        ]
      },
      "id": "way/130751444"
    },
    {
      "type": "Feature",
      "properties": {
        "@id": "way/130751449",
        "boat": "yes",
        "maxspeed": "6",
        "seamark:bridge:category": "yes",
        "waterway": "canal"
      },
      "geometry": {
        "type": "LineString",
        "coordinates": [
          [
            4.9030683,
            52.3695297
          ],
          [
            4.902826,
            52.3696244
          ]
        ]
      },
      "id": "way/130751449"
    },
    {
      "type": "Feature",
      "properties": {
        "@id": "way/169414628",
        "canoe": "yes",
        "maxspeed": "6",
        "motorboat": "yes",
        "name": "Wittenburgervaart",
        "waterway": "canal"
      },
      "geometry": {
        "type": "LineString",
        "coordinates": [
          [
            4.9224083,
            52.3701687
          ],
          [
            4.9216589,
            52.3697012
          ],
          [
            4.9210971,
            52.3695448
          ]
        ]
      },
      "id": "way/169414628"
    },
    {
      "type": "Feature",
      "properties": {
        "@id": "way/195575783",
        "CEMT": "0",
        "canoe": "yes",
        "motorboat": "yes",
        "name": "Stadiongracht",
        "waterway": "canal"
      },
      "geometry": {
        "type": "LineString",
        "coordinates": [
          [
            4.8519644,
            52.3433703
          ],
          [
            4.8526758,
            52.3418881
          ],
          [
            4.8528621,
            52.3417819
          ],
          [
            4.8530961,
            52.3417115
          ]
        ]
      },
      "id": "way/195575783"
    },
    {
      "type": "Feature",
      "properties": {
        "@id": "way/195582876",
        "CEMT": "0",
        "boat": "yes",
        "maxspeed": "7.5",
        "name": "Amstel",
        "name:nl": "Amstel",
        "name:ru": "Амстел",
        "waterway": "river",
        "wikidata": "Q185405",
        "wikipedia": "nl:Amstel (rivier)"
      },
      "geometry": {
        "type": "LineString",
        "coordinates": [
          [
            4.900783,
            52.3665108
          ],
          [
            4.9006458,
            52.3666216
          ],
          [
            4.8990834,
            52.3671878
          ],
          [
            4.8984665,
            52.3673285
          ]
        ]
      },
      "id": "way/195582876"
    },
    {
      "type": "Feature",
      "properties": {
        "@id": "way/195582877",
        "boat": "yes",
        "canoe": "yes",
        "motorboat": "yes",
        "name": "Amstel",
        "name:nl": "Amstel",
        "name:ru": "Амстел",
        "waterway": "river"
      },
      "geometry": {
        "type": "LineString",
        "coordinates": [
          [
            4.8958066,
            52.3674415
          ],
          [
            4.8955393,
            52.3674473
          ],
          [
            4.8946846,
            52.367259
          ],
          [
            4.8944932,
            52.3672356
          ],
          [
            4.8943157,
            52.3672441
          ],
          [
            4.8941756,
            52.3672798
          ],
          [
            4.8939945,
            52.3673606
          ]
        ]
      },
      "id": "way/195582877"
    },
    {
      "type": "Feature",
      "properties": {
        "@id": "way/195582881",
        "CEMT": "II",
        "boat": "yes",
        "maxspeed": "6",
        "name": "Wittenburgervaart",
        "waterway": "canal"
      },
      "geometry": {
        "type": "LineString",
        "coordinates": [
          [
            4.9268857,
            52.3733494
          ],
          [
            4.926886,
            52.3732227
          ],
          [
            4.9268374,
            52.3730264
          ],
          [
            4.9259651,
            52.3723458
          ],
          [
            4.9238155,
            52.3710376
          ],
          [
            4.9235659,
            52.3708907
          ],
          [
            4.9225545,
            52.370261
          ]
        ]
      },
      "id": "way/195582881"
    },
    {
      "type": "Feature",
      "properties": {
        "@id": "way/196842192",
        "boat": "yes",
        "name": "Realengracht",
        "waterway": "canal"
      },
      "geometry": {
        "type": "LineString",
        "coordinates": [
          [
            4.8884477,
            52.3869381
          ],
          [
            4.8873419,
            52.3869217
          ]
        ]
      },
      "id": "way/196842192"
    },
    {
      "type": "Feature",
      "properties": {
        "@id": "way/201568493",
        "CEMT": "0",
        "boat": "yes",
        "name": "Korte Prinsengracht",
        "waterway": "canal"
      },
      "geometry": {
        "type": "LineString",
        "coordinates": [
          [
            4.8890387,
            52.3811885
          ],
          [
            4.8884303,
            52.3805184
          ]
        ]
      },
      "id": "way/201568493"
    },
    {
      "type": "Feature",
      "properties": {
        "@id": "way/201568494",
        "CEMT": "0",
        "boat": "yes",
        "lock": "yes",
        "lock_name": "Eenhoornsluis",
        "maxwidth": "5.9",
        "name": "Korte Prinsengracht",
        "seamark:bridge:category": "yes",
        "source": "https://www.vaarweginformatie.nl/frp/main/#/geo/detail/EXCEPT_NAV_STRUCTURE/51124",
        "waterway": "canal",
        "wikidata": "Q18055687",
        "wikipedia": "nl:Eenhoornschutsluis"
      },
      "geometry": {
        "type": "LineString",
        "coordinates": [
          [
            4.8893839,
            52.3815556
          ],
          [
            4.8893126,
            52.3814763
          ],
          [
            4.8890387,
            52.3811885
          ]
        ]
      },
      "id": "way/201568494"
    },
    {
      "type": "Feature",
      "properties": {
        "@id": "way/254790230",
        "CEMT": "II",
        "boat": "yes",
        "name": "Duivendrechtsevaart",
        "waterway": "canal"
      },
      "geometry": {
        "type": "LineString",
        "coordinates": [
          [
            4.9193183,
            52.3358645
          ],
          [
            4.9183812,
            52.33563
          ],
          [
            4.9154221,
            52.3348143
          ],
          [
            4.9151732,
            52.3347518
          ]
        ]
      },
      "id": "way/254790230"
    },
    {
      "type": "Feature",
      "properties": {
        "@id": "way/254790231",
        "CEMT": "II",
        "boat": "yes",
        "name": "Duivendrechtsevaart",
        "seamark:bridge:category": "yes",
        "waterway": "canal",
        "wikidata": "Q4489489",
        "wikipedia": "nl:Duivendrechtsevaart"
      },
      "geometry": {
        "type": "LineString",
        "coordinates": [
          [
            4.9175325,
            52.3315046
          ],
          [
            4.9174393,
            52.331612
          ],
          [
            4.9172664,
            52.3318269
          ],
          [
            4.917168,
            52.3319137
          ]
        ]
      },
      "id": "way/254790231"
    },
    {
      "type": "Feature",
      "properties": {
        "@id": "way/260595783",
        "CEMT": "II",
        "boat": "yes",
        "lock": "yes",
        "lock_name": "Amstelsluis",
        "maxspeed": "7.5",
        "name": "Amstel",
        "oneway": "yes",
        "waterway": "canal",
        "wikidata": "Q15869955",
        "wikipedia": "nl:Amstelsluizen"
      },
      "geometry": {
        "type": "LineString",
        "coordinates": [
          [
            4.902664,
            52.3624231
          ],
          [
            4.9026853,
            52.3623782
          ],
          [
            4.9028869,
            52.3619817
          ],
          [
            4.9029153,
            52.3619258
          ]
        ]
      },
      "id": "way/260595783"
    },
    {
      "type": "Feature",
      "properties": {
        "@id": "way/260595784",
        "CEMT": "II",
        "boat": "yes",
        "lock": "yes",
        "lock_name": "Amstelsluis",
        "maxspeed": "7.5",
        "name": "Amstel",
        "oneway": "yes",
        "waterway": "canal",
        "wikidata": "Q15869955"
      },
      "geometry": {
        "type": "LineString",
        "coordinates": [
          [
            4.9028263,
            52.3624598
          ],
          [
            4.9030545,
            52.3620026
          ],
          [
            4.9030769,
            52.3619605
          ]
        ]
      },
      "id": "way/260595784"
    },
    {
      "type": "Feature",
      "properties": {
        "@id": "way/260595785",
        "CEMT": "II",
        "boat": "yes",
        "lock": "yes",
        "lock_name": "Amstelsluis",
        "maxspeed": "7.5",
        "name": "Amstel",
        "oneway": "yes",
        "waterway": "canal",
        "wikidata": "Q15869955",
        "wikipedia": "nl:Amstelsluizen"
      },
      "geometry": {
        "type": "LineString",
        "coordinates": [
          [
            4.9034555,
            52.3620276
          ],
          [
            4.903431,
            52.3620807
          ],
          [
            4.9032303,
            52.3624798
          ],
          [
            4.9032064,
            52.3625284
          ]
        ]
      },
      "id": "way/260595785"
    },
    {
      "type": "Feature",
      "properties": {
        "@id": "way/281908100",
        "boat": "yes",
        "waterway": "canal"
      },
      "geometry": {
        "type": "LineString",
        "coordinates": [
          [
            4.8595097,
            52.3835908
          ],
          [
            4.8617809,
            52.3823307
          ]
        ]
      },
      "id": "way/281908100"
    },
    {
      "type": "Feature",
      "properties": {
        "@id": "way/281908101",
        "boat": "yes",
        "waterway": "canal"
      },
      "geometry": {
        "type": "LineString",
        "coordinates": [
          [
            4.8580544,
            52.3830409
          ],
          [
            4.8602389,
            52.381779
          ],
          [
            4.861179,
            52.3812409
          ],
          [
            4.8616708,
            52.3810817
          ],
          [
            4.8625345,
            52.3805574
          ]
        ]
      },
      "id": "way/281908101"
    },
    {
      "type": "Feature",
      "properties": {
        "@id": "way/313614909",
        "boat": "yes",
        "filming:location:movie:wikidata": "Q1751900",
        "name": "Oudezijds Kolk",
        "oneway": "yes",
        "seamark:bridge:category": "yes",
        "waterway": "canal"
      },
      "geometry": {
        "type": "LineString",
        "coordinates": [
          [
            4.9004451,
            52.3757192
          ],
          [
            4.9004886,
            52.3757436
          ],
          [
            4.9005571,
            52.3757831
          ],
          [
            4.9007767,
            52.3759049
          ],
          [
            4.9008173,
            52.3759272
          ]
        ]
      },
      "id": "way/313614909"
    },
    {
      "type": "Feature",
      "properties": {
        "@id": "way/330484385",
        "CEMT": "0",
        "canoe": "yes",
        "lock": "yes",
        "motorboat": "yes",
        "name": "Stadionsluis",
        "waterway": "canal"
      },
      "geometry": {
        "type": "LineString",
        "coordinates": [
          [
            4.8551774,
            52.3419721
          ],
          [
            4.8552355,
            52.3419795
          ]
        ]
      },
      "id": "way/330484385"
    },
    {
      "type": "Feature",
      "properties": {
        "@id": "way/360632518",
        "CEMT": "0",
        "boat": "yes",
        "layer": "-1",
        "name": "Westertoegang",
        "oneway": "yes",
        "seamark:bridge:category": "yes",
        "tunnel": "culvert",
        "waterway": "canal"
      },
      "geometry": {
        "type": "LineString",
        "coordinates": [
          [
            4.8972633,
            52.3815808
          ],
          [
            4.8969841,
            52.3814674
          ],
          [
            4.8965556,
            52.3810773
          ],
          [
            4.8963137,
            52.3808242
          ],
          [
            4.8956687,
            52.3801569
          ],
          [
            4.8954305,
            52.3798326
          ]
        ]
      },
      "id": "way/360632518"
    },
    {
      "type": "Feature",
      "properties": {
        "@id": "way/360990190",
        "boat": "yes",
        "name": "Open Havenfront",
        "seamark:bridge:category": "yes",
        "waterway": "canal"
      },
      "geometry": {
        "type": "LineString",
        "coordinates": [
          [
            4.8988777,
            52.3769698
          ],
          [
            4.8989845,
            52.3770386
          ]
        ]
      },
      "id": "way/360990190"
    },
    {
      "type": "Feature",
      "properties": {
        "@id": "way/388339524",
        "boat": "yes",
        "waterway": "canal"
      },
      "geometry": {
        "type": "LineString",
        "coordinates": [
          [
            4.9204457,
            52.3690139
          ],
          [
            4.9201623,
            52.3688147
          ]
        ]
      },
      "id": "way/388339524"
    },
    {
      "type": "Feature",
      "properties": {
        "@id": "way/388339526",
        "CEMT": "0",
        "boat": "yes",
        "maxspeed": "6",
        "name": "Nieuwe Vaart",
        "waterway": "canal"
      },
      "geometry": {
        "type": "LineString",
        "coordinates": [
          [
            4.9151432,
            52.3705719
          ],
          [
            4.9170214,
            52.3699066
          ],
          [
            4.9185164,
            52.3694843
          ],
          [
            4.9188825,
            52.369357
          ]
        ]
      },
      "id": "way/388339526"
    },
    {
      "type": "Feature",
      "properties": {
        "@id": "way/388339527",
        "boat": "yes",
        "bridge:ref": "114",
        "name": "Oesjesduiker",
        "seamark:bridge:category": "yes",
        "waterway": "canal",
        "width": "2"
      },
      "geometry": {
        "type": "LineString",
        "coordinates": [
          [
            4.920782,
            52.3693643
          ],
          [
            4.9204457,
            52.3690139
          ]
        ]
      },
      "id": "way/388339527"
    },
    {
      "type": "Feature",
      "properties": {
        "@id": "way/479495084",
        "canoe": "yes",
        "motorboat": "yes",
        "name": "Keizersgracht",
        "name:nl": "Keizersgracht",
        "name:uk": "Кейзерсграхт",
        "waterway": "canal"
      },
      "geometry": {
        "type": "LineString",
        "coordinates": [
          [
            4.8863022,
            52.3660427
          ],
          [
            4.8848515,
            52.3668992
          ],
          [
            4.8847788,
            52.3669612
          ]
        ]
      },
      "id": "way/479495084"
    },
    {
      "type": "Feature",
      "properties": {
        "@id": "way/479495086",
        "boat": "yes",
        "motorboat": "no",
        "name": "Keizersgracht",
        "name:uk": "Кейзерсграхт",
        "seamark:bridge:category": "yes",
        "waterway": "canal"
      },
      "geometry": {
        "type": "LineString",
        "coordinates": [
          [
            4.8986844,
            52.3638722
          ],
          [
            4.8980966,
            52.3637594
          ]
        ]
      },
      "id": "way/479495086"
    },
    {
      "type": "Feature",
      "properties": {
        "@id": "way/481375798",
        "canoe": "yes",
        "motorboat": "yes",
        "note": "Riekerhaven",
        "seamark:bridge:category": "yes",
        "waterway": "canal"
      },
      "geometry": {
        "type": "LineString",
        "coordinates": [
          [
            4.845915,
            52.3425156
          ],
          [
            4.8461422,
            52.3424649
          ],
          [
            4.8466932,
            52.3423555
          ],
          [
            4.8470975,
            52.342287
          ]
        ]
      },
      "id": "way/481375798"
    },
    {
      "type": "Feature",
      "properties": {
        "@id": "way/527004184",
        "CEMT": "II",
        "boat": "yes",
        "maxspeed": "7.5",
        "name": "Amstel",
        "name:nl": "Amstel",
        "name:ru": "Амстел",
        "seamark:bridge:category": "yes",
        "waterway": "river"
      },
      "geometry": {
        "type": "LineString",
        "coordinates": [
          [
            4.9040616,
            52.3601271
          ],
          [
            4.9038703,
            52.3605021
          ]
        ]
      },
      "id": "way/527004184"
    },
    {
      "type": "Feature",
      "properties": {
        "@id": "way/527004185",
        "CEMT": "II",
        "boat": "yes",
        "maxspeed": "7.5",
        "name": "Amstel",
        "oneway": "yes",
        "waterway": "canal"
      },
      "geometry": {
        "type": "LineString",
        "coordinates": [
          [
            4.9030769,
            52.3619605
          ],
          [
            4.9031377,
            52.3618486
          ],
          [
            4.9033221,
            52.3616382
          ]
        ]
      },
      "id": "way/527004185"
    },
    {
      "type": "Feature",
      "properties": {
        "@id": "way/527004188",
        "CEMT": "II",
        "boat": "yes",
        "maxspeed": "7.5",
        "name": "Amstel",
        "oneway": "yes",
        "waterway": "canal"
      },
      "geometry": {
        "type": "LineString",
        "coordinates": [
          [
            4.9027595,
            52.362808
          ],
          [
            4.9026269,
            52.3624959
          ],
          [
            4.902664,
            52.3624231
          ]
        ]
      },
      "id": "way/527004188"
    },
    {
      "type": "Feature",
      "properties": {
        "@id": "way/527004189",
        "CEMT": "II",
        "boat": "yes",
        "maxspeed": "7.5",
        "name": "Amstel",
        "oneway": "yes",
        "waterway": "canal"
      },
      "geometry": {
        "type": "LineString",
        "coordinates": [
          [
            4.9029153,
            52.3619258
          ],
          [
            4.9029707,
            52.3618169
          ],
          [
            4.9033221,
            52.3616382
          ]
        ]
      },
      "id": "way/527004189"
    },
    {
      "type": "Feature",
      "properties": {
        "@id": "way/527004190",
        "CEMT": "II",
        "boat": "yes",
        "maxspeed": "7.5",
        "name": "Amstel",
        "oneway": "yes",
        "waterway": "canal"
      },
      "geometry": {
        "type": "LineString",
        "coordinates": [
          [
            4.9032064,
            52.3625284
          ],
          [
            4.9031748,
            52.3625912
          ],
          [
            4.9027595,
            52.362808
          ]
        ]
      },
      "id": "way/527004190"
    },
    {
      "type": "Feature",
      "properties": {
        "@id": "way/527004191",
        "CEMT": "II",
        "boat": "yes",
        "maxspeed": "7.5",
        "name": "Amstel",
        "oneway": "yes",
        "waterway": "canal"
      },
      "geometry": {
        "type": "LineString",
        "coordinates": [
          [
            4.9033221,
            52.3616382
          ],
          [
            4.9035002,
            52.3619206
          ],
          [
            4.9034555,
            52.3620276
          ]
        ]
      },
      "id": "way/527004191"
    },
    {
      "type": "Feature",
      "properties": {
        "@id": "way/593311097",
        "CEMT": "0",
        "boat": "yes",
        "name": "Prinsengracht",
        "name:nl": "Prinsengracht",
        "name:uk": "Принсенграхт",
        "oneway": "yes",
        "seamark:bridge:category": "yes",
        "waterway": "canal"
      },
      "geometry": {
        "type": "LineString",
        "coordinates": [
          [
            4.8987771,
            52.3620736
          ],
          [
            4.8989684,
            52.362109
          ],
          [
            4.8991401,
            52.3621409
          ]
        ]
      },
      "id": "way/593311097"
    },
    {
      "type": "Feature",
      "properties": {
        "@id": "way/601083336",
        "canoe": "yes",
        "motorboat": "yes",
        "name": "Keizersgracht",
        "name:nl": "Keizersgracht",
        "name:uk": "Кейзерсграхт",
        "waterway": "canal"
      },
      "geometry": {
        "type": "LineString",
        "coordinates": [
          [
            4.8850456,
            52.3742564
          ],
          [
            4.8850641,
            52.374388
          ],
          [
            4.8859285,
            52.3753854
          ],
          [
            4.885975,
            52.3754354
          ]
        ]
      },
      "id": "way/601083336"
    },
    {
      "type": "Feature",
      "properties": {
        "@id": "way/601083337",
        "canoe": "yes",
        "motorboat": "yes",
        "name": "Keizersgracht",
        "name:nl": "Keizersgracht",
        "name:uk": "Кейзерсграхт",
        "oneway": "yes",
        "seamark:bridge:category": "yes",
        "seamark:type": "separation_lane",
        "waterway": "canal"
      },
      "geometry": {
        "type": "LineString",
        "coordinates": [
          [
            4.8849985,
            52.373726
          ],
          [
            4.8850925,
            52.3738446
          ],
          [
            4.8851096,
            52.3741407
          ],
          [
            4.8850456,
            52.3742564
          ]
        ]
      },
      "id": "way/601083337"
    },
    {
      "type": "Feature",
      "properties": {
        "@id": "way/601083338",
        "canoe": "yes",
        "motorboat": "yes",
        "name": "Keizersgracht",
        "name:nl": "Keizersgracht",
        "name:uk": "Кейзерсграхт",
        "oneway": "yes",
        "seamark:bridge:category": "yes",
        "seamark:type": "separation_lane",
        "waterway": "canal"
      },
      "geometry": {
        "type": "LineString",
        "coordinates": [
          [
            4.8850456,
            52.3742564
          ],
          [
            4.8849782,
            52.3741447
          ],
          [
            4.8849548,
            52.3738549
          ],
          [
            4.8849985,
            52.373726
          ]
        ]
      },
      "id": "way/601083338"
    },
    {
      "type": "Feature",
      "properties": {
        "@id": "way/668076362",
        "boat": "yes",
        "name": "Open Havenfront",
        "waterway": "canal"
      },
      "geometry": {
        "type": "LineString",
        "coordinates": [
          [
            4.8991586,
            52.3775773
          ],
          [
            4.8996416,
            52.3773686
          ]
        ]
      },
      "id": "way/668076362"
    },
    {
      "type": "Feature",
      "properties": {
        "@id": "way/670993796",
        "boat": "yes",
        "name": "Kostverlorenvaart",
        "waterway": "canal"
      },
      "geometry": {
        "type": "LineString",
        "coordinates": [
          [
            4.876924,
            52.3831222
          ],
          [
            4.8739246,
            52.3812252
          ],
          [
            4.873783,
            52.3810479
          ]
        ]
      },
      "id": "way/670993796"
    },
    {
      "type": "Feature",
      "properties": {
        "@id": "way/797334785",
        "CEMT": "II",
        "boat": "yes",
        "maxspeed": "7.5",
        "name": "Amstel",
        "name:nl": "Amstel",
        "name:ru": "Амстел",
        "name:uk": "Амстел",
        "oneway": "yes",
        "waterway": "canal"
      },
      "geometry": {
        "type": "LineString",
        "coordinates": [
          [
            4.9030389,
            52.3624972
          ],
          [
            4.903008,
            52.3625634
          ],
          [
            4.9027595,
            52.362808
          ]
        ]
      },
      "id": "way/797334785"
    },
    {
      "type": "Feature",
      "properties": {
        "@id": "way/797334786",
        "CEMT": "II",
        "boat": "yes",
        "maxspeed": "7.5",
        "name": "Amstel",
        "oneway": "yes",
        "waterway": "canal"
      },
      "geometry": {
        "type": "LineString",
        "coordinates": [
          [
            4.9027595,
            52.362808
          ],
          [
            4.9027949,
            52.3625221
          ],
          [
            4.9028263,
            52.3624598
          ]
        ]
      },
      "id": "way/797334786"
    },
    {
      "type": "Feature",
      "properties": {
        "@id": "way/797334789",
        "CEMT": "II",
        "boat": "yes",
        "maxspeed": "7.5",
        "name": "Amstel",
        "name:nl": "Amstel",
        "name:ru": "Амстел",
        "oneway": "yes",
        "waterway": "canal"
      },
      "geometry": {
        "type": "LineString",
        "coordinates": [
          [
            4.9033221,
            52.3616382
          ],
          [
            4.9033318,
            52.3618892
          ],
          [
            4.903291,
            52.3619976
          ]
        ]
      },
      "id": "way/797334789"
    },
    {
      "type": "Feature",
      "properties": {
        "@id": "way/797334790",
        "CEMT": "II",
        "boat": "yes",
        "lock": "yes",
        "lock_name": "Amstelsluis",
        "maxspeed": "7.5",
        "name": "Amstel",
        "oneway": "yes",
        "waterway": "canal",
        "wikidata": "Q15869955"
      },
      "geometry": {
        "type": "LineString",
        "coordinates": [
          [
            4.903291,
            52.3619976
          ],
          [
            4.9032657,
            52.3620466
          ],
          [
            4.9030389,
            52.3624972
          ]
        ]
      },
      "id": "way/797334790"
    },
    {
      "type": "Feature",
      "properties": {
        "@id": "way/797542031",
        "CEMT": "IV",
        "boat": "yes",
        "intermittent": "no",
        "lock": "yes",
        "lock_name": "Westerkanaalschutsluis",
        "name": "Westerkanaalschutsluis",
        "waterway": "canal",
        "wikidata": "Q85308137",
        "wikipedia": "nl:Westerkanaalschutsluis"
      },
      "geometry": {
        "type": "LineString",
        "coordinates": [
          [
            4.8833943,
            52.3863813
          ],
          [
            4.8840005,
            52.3876252
          ]
        ]
      },
      "id": "way/797542031"
    },
    {
      "type": "Feature",
      "properties": {
        "@id": "way/858651012",
        "CEMT": "0",
        "boat": "yes",
        "name": "Korte Prinsengracht",
        "waterway": "canal"
      },
      "geometry": {
        "type": "LineString",
        "coordinates": [
          [
            4.8897611,
            52.3819553
          ],
          [
            4.8893839,
            52.3815556
          ]
        ]
      },
      "id": "way/858651012"
    },
    {
      "type": "Feature",
      "properties": {
        "@id": "way/858651013",
        "CEMT": "0",
        "boat": "yes",
        "name": "Korte Prinsengracht",
        "oneway": "yes",
        "seamark:bridge:category": "yes",
        "waterway": "canal"
      },
      "geometry": {
        "type": "LineString",
        "coordinates": [
          [
            4.8897611,
            52.3819553
          ],
          [
            4.8899809,
            52.3820993
          ],
          [
            4.8901083,
            52.3822124
          ],
          [
            4.8904902,
            52.3825964
          ],
          [
            4.8907095,
            52.3828183
          ],
          [
            4.8907017,
            52.3830424
          ]
        ]
      },
      "id": "way/858651013"
    },
    {
      "type": "Feature",
      "properties": {
        "@id": "way/858955819",
        "canoe": "yes",
        "motorboat": "yes",
        "name": "Singelgracht",
        "name:nl": "Singelgracht",
        "name:uk": "Сінгелграхт",
        "note": "(Buiten)singelgracht / Nassaukade",
        "seamark:bridge:category": "yes",
        "waterway": "canal"
      },
      "geometry": {
        "type": "LineString",
        "coordinates": [
          [
            4.8782454,
            52.3662441
          ],
          [
            4.8781756,
            52.3662885
          ]
        ]
      },
      "id": "way/858955819"
    },
    {
      "type": "Feature",
      "properties": {
        "@id": "way/859321980",
        "canoe": "yes",
        "motorboat": "yes",
        "name": "Oostenburgervaart",
        "waterway": "canal"
      },
      "geometry": {
        "type": "LineString",
        "coordinates": [
          [
            4.9259642,
            52.3692824
          ],
          [
            4.9264105,
            52.3695602
          ]
        ]
      },
      "id": "way/859321980"
    },
    {
      "type": "Feature",
      "properties": {
        "@id": "way/859321981",
        "canoe": "yes",
        "intermittent": "no",
        "lock": "no",
        "motorboat": "yes",
        "waterway": "canal"
      },
      "geometry": {
        "type": "LineString",
        "coordinates": [
          [
            4.9224172,
            52.3715723
          ],
          [
            4.9235659,
            52.3708907
          ]
        ]
      },
      "id": "way/859321981"
    },
    {
      "type": "Feature",
      "properties": {
        "@id": "way/859321988",
        "CEMT": "0",
        "boat": "yes",
        "name": "Nieuwe Vaart",
        "waterway": "canal"
      },
      "geometry": {
        "type": "LineString",
        "coordinates": [
          [
            4.925753,
            52.3671074
          ],
          [
            4.9266981,
            52.3671321
          ],
          [
            4.931574,
            52.3672336
          ]
        ]
      },
      "id": "way/859321988"
    },
    {
      "type": "Feature",
      "properties": {
        "@id": "way/859321999",
        "CEMT": "0",
        "boat": "yes",
        "maxspeed": "6",
        "name": "Nieuwe Vaart",
        "oneway": "yes",
        "seamark:bridge:category": "yes",
        "waterway": "canal"
      },
      "geometry": {
        "type": "LineString",
        "coordinates": [
          [
            4.9151432,
            52.3705719
          ],
          [
            4.9149615,
            52.3708586
          ],
          [
            4.914682,
            52.3710065
          ],
          [
            4.9143164,
            52.3711975
          ],
          [
            4.9135219,
            52.3715129
          ]
        ]
      },
      "id": "way/859321999"
    },
    {
      "type": "Feature",
      "properties": {
        "@id": "way/859322000",
        "CEMT": "0",
        "boat": "yes",
        "name": "Nieuwe Vaart",
        "oneway": "yes",
        "seamark:bridge:category": "yes",
        "waterway": "canal"
      },
      "geometry": {
        "type": "LineString",
        "coordinates": [
          [
            4.9247504,
            52.3673537
          ],
          [
            4.9250132,
            52.3672237
          ],
          [
            4.9252448,
            52.3671651
          ],
          [
            4.9255268,
            52.3670886
          ],
          [
            4.925753,
            52.3671074
          ]
        ]
      },
      "id": "way/859322000"
    },
    {
      "type": "Feature",
      "properties": {
        "@id": "way/859322001",
        "CEMT": "0",
        "boat": "yes",
        "name": "Nieuwe Vaart",
        "oneway": "yes",
        "seamark:bridge:category": "yes",
        "waterway": "canal"
      },
      "geometry": {
        "type": "LineString",
        "coordinates": [
          [
            4.925753,
            52.3671074
          ],
          [
            4.925614,
            52.3671909
          ],
          [
            4.925346,
            52.3672582
          ],
          [
            4.9251398,
            52.3673104
          ],
          [
            4.9247504,
            52.3673537
          ]
        ]
      },
      "id": "way/859322001"
    },
    {
      "type": "Feature",
      "properties": {
        "@id": "way/859411358",
        "CEMT": "II",
        "boat": "yes",
        "name": "Oosterdoksdoorgang",
        "oneway": "yes",
        "seamark:bridge:category": "yes",
        "waterway": "canal"
      },
      "geometry": {
        "type": "LineString",
        "coordinates": [
          [
            4.9111702,
            52.3754794
          ],
          [
            4.9113777,
            52.3759925
          ],
          [
            4.9112914,
            52.3763055
          ],
          [
            4.9111126,
            52.3768856
          ],
          [
            4.9109655,
            52.3775369
          ],
          [
            4.9106169,
            52.3783535
          ]
        ]
      },
      "id": "way/859411358"
    },
    {
      "type": "Feature",
      "properties": {
        "@id": "way/866082603",
        "CEMT": "0",
        "canoe": "yes",
        "motorboat": "yes",
        "name": "Stadiongracht",
        "waterway": "canal"
      },
      "geometry": {
        "type": "LineString",
        "coordinates": [
          [
            4.8559791,
            52.3420743
          ],
          [
            4.8572008,
            52.3422477
          ]
        ]
      },
      "id": "way/866082603"
    },
    {
      "type": "Feature",
      "properties": {
        "@id": "way/881129188",
        "CEMT": "II",
        "boat": "yes",
        "name": "Amstel",
        "name:nl": "Amstel",
        "name:ru": "Амстел",
        "waterway": "river"
      },
      "geometry": {
        "type": "LineString",
        "coordinates": [
          [
            4.904671,
            52.3591671
          ],
          [
            4.904348,
            52.3596598
          ]
        ]
      },
      "id": "way/881129188"
    },
    {
      "type": "Feature",
      "properties": {
        "@id": "way/881129189",
        "CEMT": "II",
        "boat": "yes",
        "maxspeed": "7.5",
        "name": "Amstel",
        "name:nl": "Amstel",
        "name:ru": "Амстел",
        "waterway": "river"
      },
      "geometry": {
        "type": "LineString",
        "coordinates": [
          [
            4.911069,
            52.3500738
          ],
          [
            4.9097558,
            52.3521446
          ],
          [
            4.9072753,
            52.3544075
          ],
          [
            4.9068332,
            52.3549114
          ],
          [
            4.9064658,
            52.3554085
          ],
          [
            4.9061118,
            52.3560256
          ]
        ]
      },
      "id": "way/881129189"
    },
    {
      "type": "Feature",
      "properties": {
        "@id": "way/881129200",
        "CEMT": "II",
        "boat": "yes",
        "maxspeed": "7.5",
        "name": "Amstel",
        "name:nl": "Amstel",
        "name:ru": "Амстел",
        "waterway": "river"
      },
      "geometry": {
        "type": "LineString",
        "coordinates": [
          [
            4.9126888,
            52.3475036
          ],
          [
            4.9125378,
            52.3478812
          ],
          [
            4.9121846,
            52.348229
          ],
          [
            4.911069,
            52.3500738
          ]
        ]
      },
      "id": "way/881129200"
    },
    {
      "type": "Feature",
      "properties": {
        "@id": "way/881129203",
        "CEMT": "IV",
        "canoe": "yes",
        "maxspeed": "7.5",
        "motorboat": "yes",
        "name": "Kostverlorenvaart",
        "waterway": "canal"
      },
      "geometry": {
        "type": "LineString",
        "coordinates": [
          [
            4.8575881,
            52.3618143
          ],
          [
            4.8577993,
            52.3620183
          ],
          [
            4.858809,
            52.3632011
          ],
          [
            4.8592479,
            52.3637046
          ]
        ]
      },
      "id": "way/881129203"
    },
    {
      "type": "Feature",
      "properties": {
        "@id": "way/881129204",
        "canoe": "yes",
        "motorboat": "yes",
        "name": "Admiralengracht",
        "waterway": "canal",
        "wikidata": "Q2350206"
      },
      "geometry": {
        "type": "LineString",
        "coordinates": [
          [
            4.8592479,
            52.3637046
          ],
          [
            4.858971,
            52.3638164
          ],
          [
            4.8586862,
            52.3639313
          ],
          [
            4.8584603,
            52.3640652
          ],
          [
            4.8583802,
            52.3641127
          ],
          [
            4.8582258,
            52.3642752
          ]
        ]
      },
      "id": "way/881129204"
    },
    {
      "type": "Feature",
      "properties": {
        "@id": "way/1009129354",
        "CEMT": "0",
        "boat": "yes",
        "maxspeed": "6",
        "name": "Zwanenburgwal",
        "waterway": "canal",
        "wikidata": "Q2498664",
        "wikipedia": "nl:Zwanenburgwal"
      },
      "geometry": {
        "type": "LineString",
        "coordinates": [
          [
            4.8990486,
            52.3681523
          ],
          [
            4.9001188,
            52.3690523
          ],
          [
            4.9003768,
            52.3691823
          ],
          [
            4.9005989,
            52.3692689
          ],
          [
            4.9009475,
            52.3695216
          ]
        ]
      },
      "id": "way/1009129354"
    },
    {
      "type": "Feature",
      "properties": {
        "@id": "way/1009129355",
        "CEMT": "0",
        "boat": "yes",
        "name": "Sint Antoniesluis",
        "waterway": "canal"
      },
      "geometry": {
        "type": "LineString",
        "coordinates": [
          [
            4.9013671,
            52.3697969
          ],
          [
            4.9016053,
            52.3699487
          ]
        ]
      },
      "id": "way/1009129355"
    },
    {
      "type": "Feature",
      "properties": {
        "@id": "way/1014938176",
        "CEMT": "0",
        "boat": "yes",
        "name": "Westertoegang",
        "waterway": "canal"
      },
      "geometry": {
        "type": "LineString",
        "coordinates": [
          [
            4.8952173,
            52.3796482
          ],
          [
            4.8954305,
            52.3798326
          ]
        ]
      },
      "id": "way/1014938176"
    },
    {
      "type": "Feature",
      "properties": {
        "@id": "way/1069648826",
        "boat": "yes",
        "name": "Open Havenfront",
        "waterway": "canal"
      },
      "geometry": {
        "type": "LineString",
        "coordinates": [
          [
            4.8959492,
            52.3795978
          ],
          [
            4.8975814,
            52.3787988
          ]
        ]
      },
      "id": "way/1069648826"
    },
    {
      "type": "Feature",
      "properties": {
        "@id": "way/1238347010",
        "boat": "yes",
        "name": "Singelgracht",
        "name:nl": "Singelgracht",
        "name:uk": "Сінгелграхт",
        "note": "(Buiten)singelgracht / Nassaukade",
        "waterway": "canal"
      },
      "geometry": {
        "type": "LineString",
        "coordinates": [
          [
            4.875465,
            52.3733074
          ],
          [
            4.8754822,
            52.3737439
          ]
        ]
      },
      "id": "way/1238347010"
    },
    {
      "type": "Feature",
      "properties": {
        "@id": "way/1238347011",
        "boat": "yes",
        "name": "Singelgracht",
        "name:nl": "Singelgracht",
        "name:uk": "Сінгелграхт",
        "note": "(Buiten)singelgracht / Nassaukade",
        "waterway": "canal"
      },
      "geometry": {
        "type": "LineString",
        "coordinates": [
          [
            4.8782656,
            52.3786347
          ],
          [
            4.879012,
            52.379807
          ],
          [
            4.8798813,
            52.3812748
          ]
        ]
      },
      "id": "way/1238347011"
    },
    {
      "type": "Feature",
      "properties": {
        "@id": "way/1238348377",
        "canoe": "yes",
        "motorboat": "yes",
        "waterway": "canal"
      },
      "geometry": {
        "type": "LineString",
        "coordinates": [
          [
            4.9027817,
            52.3768364
          ],
          [
            4.9030451,
            52.3765962
          ]
        ]
      },
      "id": "way/1238348377"
    },
    {
      "type": "Feature",
      "properties": {
        "@id": "way/1238348378",
        "boat": "yes",
        "name": "Open Havenfront",
        "waterway": "canal"
      },
      "geometry": {
        "type": "LineString",
        "coordinates": [
          [
            4.8978963,
            52.3786583
          ],
          [
            4.8981321,
            52.3784777
          ],
          [
            4.8983306,
            52.3781535
          ],
          [
            4.8985344,
            52.3779407
          ],
          [
            4.8988361,
            52.3777575
          ]
        ]
      },
      "id": "way/1238348378"
    },
    {
      "type": "Feature",
      "properties": {
        "@id": "way/1239463364",
        "alt_name": "Haarlemmervaart",
        "boat": "yes",
        "name": "Haarlemmertrekvaart",
        "waterway": "canal"
      },
      "geometry": {
        "type": "LineString",
        "coordinates": [
          [
            4.8748483,
            52.3856313
          ],
          [
            4.8755166,
            52.3856537
          ],
          [
            4.880701,
            52.3857454
          ],
          [
            4.8810733,
            52.3857133
          ]
        ]
      },
      "id": "way/1239463364"
    },
    {
      "type": "Feature",
      "properties": {
        "@id": "way/1291913038",
        "CEMT": "II",
        "boat": "yes",
        "maxspeed": "7.5",
        "name": "Oosterdok",
        "waterway": "canal",
        "wikidata": "Q2302371",
        "wikipedia": "nl:Oosterdok"
      },
      "geometry": {
        "type": "LineString",
        "coordinates": [
          [
            4.9135219,
            52.3715129
          ],
          [
            4.9135161,
            52.3720335
          ]
        ]
      },
      "id": "way/1291913038"
    },
    {
      "type": "Feature",
      "properties": {
        "@id": "way/1308115475",
        "CEMT": "IV",
        "intermittent": "no",
        "motorboat": "yes",
        "name": "Westerkanaal",
        "waterway": "canal",
        "wikidata": "Q2397124"
      },
      "geometry": {
        "type": "LineString",
        "coordinates": [
          [
            4.8844528,
            52.3883972
          ],
          [
            4.8849383,
            52.3892313
          ],
          [
            4.8854222,
            52.3902551
          ]
        ]
      },
      "id": "way/1308115475"
    },
    {
      "type": "Feature",
      "properties": {
        "@id": "way/1308115477",
        "boat": "yes",
        "name": "Le Mairegracht",
        "waterway": "canal",
        "wikidata": "Q1922432",
        "wikipedia": "nl:Le Mairegracht"
      },
      "geometry": {
        "type": "LineString",
        "coordinates": [
          [
            4.8849383,
            52.3892313
          ],
          [
            4.8846691,
            52.3892816
          ]
        ]
      },
      "id": "way/1308115477"
    },
    {
      "type": "Feature",
      "properties": {
        "@id": "way/1308115478",
        "boat": "yes",
        "name": "Le Mairegracht",
        "seamark:bridge:category": "yes",
        "waterway": "canal",
        "wikidata": "Q1922432",
        "wikipedia": "nl:Le Mairegracht"
      },
      "geometry": {
        "type": "LineString",
        "coordinates": [
          [
            4.8846691,
            52.3892816
          ],
          [
            4.8843229,
            52.3893524
          ]
        ]
      },
      "id": "way/1308115478"
    },
    {
      "type": "Feature",
      "properties": {
        "@id": "way/1308115479",
        "boat": "yes",
        "name": "Le Mairegracht",
        "seamark:bridge:category": "yes",
        "waterway": "canal",
        "wikidata": "Q1922432",
        "wikipedia": "nl:Le Mairegracht"
      },
      "geometry": {
        "type": "LineString",
        "coordinates": [
          [
            4.8820605,
            52.3896593
          ],
          [
            4.8818152,
            52.3896881
          ]
        ]
      },
      "id": "way/1308115479"
    },
    {
      "type": "Feature",
      "properties": {
        "@id": "way/1308115480",
        "boat": "yes",
        "name": "Le Mairegracht",
        "waterway": "canal",
        "wikidata": "Q1922432",
        "wikipedia": "nl:Le Mairegracht"
      },
      "geometry": {
        "type": "LineString",
        "coordinates": [
          [
            4.881264,
            52.3891322
          ],
          [
            4.8812671,
            52.3890799
          ],
          [
            4.881587,
            52.3887958
          ]
        ]
      },
      "id": "way/1308115480"
    },
    {
      "type": "Feature",
      "properties": {
        "@id": "way/1308115481",
        "boat": "yes",
        "name": "Le Mairegracht",
        "seamark:bridge:category": "yes",
        "waterway": "canal",
        "wikidata": "Q1922432",
        "wikipedia": "nl:Le Mairegracht"
      },
      "geometry": {
        "type": "LineString",
        "coordinates": [
          [
            4.8812794,
            52.389182
          ],
          [
            4.881264,
            52.3891322
          ]
        ]
      },
      "id": "way/1308115481"
    },
    {
      "type": "Feature",
      "properties": {
        "@id": "way/1308115482",
        "boat": "yes",
        "name": "Van Noordtgracht",
        "waterway": "canal",
        "wikidata": "Q2115354",
        "wikipedia": "nl:Van Noordtgracht"
      },
      "geometry": {
        "type": "LineString",
        "coordinates": [
          [
            4.881587,
            52.3887958
          ],
          [
            4.8817625,
            52.3887717
          ]
        ]
      },
      "id": "way/1308115482"
    },
    {
      "type": "Feature",
      "properties": {
        "@id": "way/1308115483",
        "boat": "yes",
        "name": "Van Noordtgracht",
        "seamark:bridge:category": "yes",
        "waterway": "canal",
        "wikidata": "Q2115354",
        "wikipedia": "nl:Van Noordtgracht"
      },
      "geometry": {
        "type": "LineString",
        "coordinates": [
          [
            4.8817625,
            52.3887717
          ],
          [
            4.8818245,
            52.3887632
          ]
        ]
      },
      "id": "way/1308115483"
    },
    {
      "type": "Feature",
      "properties": {
        "@id": "way/1308115484",
        "boat": "yes",
        "name": "Van Noordtgracht",
        "waterway": "canal",
        "wikidata": "Q2115354",
        "wikipedia": "nl:Van Noordtgracht"
      },
      "geometry": {
        "type": "LineString",
        "coordinates": [
          [
            4.8842594,
            52.3884276
          ],
          [
            4.8844528,
            52.3883972
          ]
        ]
      },
      "id": "way/1308115484"
    },
    {
      "type": "Feature",
      "properties": {
        "@id": "way/1308115485",
        "CEMT": "IV",
        "intermittent": "no",
        "motorboat": "yes",
        "name": "Westerkanaal",
        "waterway": "canal",
        "wikidata": "Q2397124"
      },
      "geometry": {
        "type": "LineString",
        "coordinates": [
          [
            4.884143,
            52.3879319
          ],
          [
            4.8844528,
            52.3883972
          ]
        ]
      },
      "id": "way/1308115485"
    },
    {
      "type": "Feature",
      "properties": {
        "@id": "way/1308121253",
        "CEMT": "III",
        "boat": "yes",
        "name": "Zoutkeetsgracht",
        "waterway": "canal",
        "wikidata": "Q2805657"
      },
      "geometry": {
        "type": "LineString",
        "coordinates": [
          [
            4.8844528,
            52.3883972
          ],
          [
            4.8855256,
            52.3881921
          ]
        ]
      },
      "id": "way/1308121253"
    },
    {
      "type": "Feature",
      "properties": {
        "@id": "way/1308121254",
        "CEMT": "III",
        "boat": "yes",
        "name": "Zoutkeetsgracht",
        "seamark:bridge:category": "yes",
        "waterway": "canal",
        "wikidata": "Q2805657"
      },
      "geometry": {
        "type": "LineString",
        "coordinates": [
          [
            4.8855256,
            52.3881921
          ],
          [
            4.8859118,
            52.3881348
          ]
        ]
      },
      "id": "way/1308121254"
    },
    {
      "type": "Feature",
      "properties": {
        "@id": "way/1308121255",
        "boat": "yes",
        "name": "Realengracht",
        "waterway": "canal"
      },
      "geometry": {
        "type": "LineString",
        "coordinates": [
          [
            4.8871688,
            52.3869096
          ],
          [
            4.8860306,
            52.3868288
          ]
        ]
      },
      "id": "way/1308121255"
    },
    {
      "type": "Feature",
      "properties": {
        "@id": "way/1308121256",
        "boat": "yes",
        "name": "Realengracht",
        "seamark:bridge:category": "yes",
        "waterway": "canal"
      },
      "geometry": {
        "type": "LineString",
        "coordinates": [
          [
            4.8873419,
            52.3869217
          ],
          [
            4.8871688,
            52.3869096
          ]
        ]
      },
      "id": "way/1308121256"
    },
    {
      "type": "Feature",
      "properties": {
        "@id": "way/1308121257",
        "CEMT": "0",
        "boat": "yes",
        "name": "Realengracht",
        "waterway": "canal"
      },
      "geometry": {
        "type": "LineString",
        "coordinates": [
          [
            4.8910155,
            52.3870181
          ],
          [
            4.8902779,
            52.3870637
          ]
        ]
      },
      "id": "way/1308121257"
    },
    {
      "type": "Feature",
      "properties": {
        "@id": "way/1308121258",
        "CEMT": "0",
        "boat": "yes",
        "name": "Realengracht",
        "seamark:bridge:category": "yes",
        "waterway": "canal"
      },
      "geometry": {
        "type": "LineString",
        "coordinates": [
          [
            4.8902779,
            52.3870637
          ],
          [
            4.8896494,
            52.387105
          ]
        ]
      },
      "id": "way/1308121258"
    },
    {
      "type": "Feature",
      "properties": {
        "@id": "way/1308121259",
        "CEMT": "0",
        "boat": "yes",
        "name": "Bickersgracht",
        "waterway": "canal",
        "wikidata": "Q2137956"
      },
      "geometry": {
        "type": "LineString",
        "coordinates": [
          [
            4.8883208,
            52.3856178
          ],
          [
            4.8884649,
            52.3866343
          ],
          [
            4.8884477,
            52.3869381
          ]
        ]
      },
      "id": "way/1308121259"
    },
    {
      "type": "Feature",
      "properties": {
        "@id": "way/1308121260",
        "CEMT": "0",
        "boat": "yes",
        "name": "Prinseneilandsgracht",
        "waterway": "canal"
      },
      "geometry": {
        "type": "LineString",
        "coordinates": [
          [
            4.8859369,
            52.3856247
          ],
          [
            4.8859026,
            52.3850135
          ]
        ]
      },
      "id": "way/1308121260"
    },
    {
      "type": "Feature",
      "properties": {
        "@id": "way/1308121261",
        "CEMT": "0",
        "boat": "yes",
        "name": "Prinseneilandsgracht",
        "seamark:bridge:category": "yes",
        "waterway": "canal"
      },
      "geometry": {
        "type": "LineString",
        "coordinates": [
          [
            4.8859433,
            52.3857068
          ],
          [
            4.8859369,
            52.3856247
          ]
        ]
      },
      "id": "way/1308121261"
    },
    {
      "type": "Feature",
      "properties": {
        "@id": "way/1308121262",
        "CEMT": "III",
        "boat": "yes",
        "name": "Zoutkeetsgracht",
        "seamark:bridge:category": "yes",
        "waterway": "canal",
        "wikidata": "Q2805657"
      },
      "geometry": {
        "type": "LineString",
        "coordinates": [
          [
            4.8899919,
            52.3883888
          ],
          [
            4.8903276,
            52.3883762
          ]
        ]
      },
      "id": "way/1308121262"
    },
    {
      "type": "Feature",
      "properties": {
        "@id": "way/1308123190",
        "CEMT": "III",
        "boat": "yes",
        "name": "Westerdoksluis",
        "waterway": "canal"
      },
      "geometry": {
        "type": "LineString",
        "coordinates": [
          [
            4.8907017,
            52.3830424
          ],
          [
            4.8911483,
            52.3830576
          ]
        ]
      },
      "id": "way/1308123190"
    },
    {
      "type": "Feature",
      "properties": {
        "@id": "way/1308123191",
        "CEMT": "III",
        "boat": "yes",
        "name": "Westerdoksluis",
        "seamark:bridge:category": "yes",
        "waterway": "canal"
      },
      "geometry": {
        "type": "LineString",
        "coordinates": [
          [
            4.8911483,
            52.3830576
          ],
          [
            4.8913363,
            52.383055
          ],
          [
            4.8914748,
            52.3830531
          ]
        ]
      },
      "id": "way/1308123191"
    },
    {
      "type": "Feature",
      "properties": {
        "@id": "way/1308123192",
        "CEMT": "III",
        "boat": "yes",
        "name": "Westerdoksluis",
        "seamark:bridge:category": "yes",
        "waterway": "canal"
      },
      "geometry": {
        "type": "LineString",
        "coordinates": [
          [
            4.8922232,
            52.3829366
          ],
          [
            4.8932725,
            52.3830941
          ],
          [
            4.893475,
            52.3831244
          ]
        ]
      },
      "id": "way/1308123192"
    },
    {
      "type": "Feature",
      "properties": {
        "@id": "way/1308272819",
        "boat": "yes",
        "name": "Van Noordtgracht",
        "seamark:bridge:category": "yes",
        "waterway": "canal",
        "wikidata": "Q2115354",
        "wikipedia": "nl:Van Noordtgracht"
      },
      "geometry": {
        "type": "LineString",
        "coordinates": [
          [
            4.8839043,
            52.3884834
          ],
          [
            4.8842594,
            52.3884276
          ]
        ]
      },
      "id": "way/1308272819"
    },
    {
      "type": "Feature",
      "properties": {
        "@id": "way/1308281537",
        "CEMT": "IV",
        "boat": "yes",
        "intermittent": "no",
        "lock": "yes",
        "lock_name": "Westerkanaalschutsluis",
        "name": "Westerkanaalschutsluis",
        "note": "Westerkanaal",
        "seamark:bridge:category": "yes",
        "waterway": "canal",
        "wikidata": "Q85308137",
        "wikipedia": "nl:Westerkanaalschutsluis"
      },
      "geometry": {
        "type": "LineString",
        "coordinates": [
          [
            4.8828615,
            52.385711
          ],
          [
            4.8833146,
            52.386281
          ],
          [
            4.8833943,
            52.3863813
          ]
        ]
      },
      "id": "way/1308281537"
    },
    {
      "type": "Feature",
      "properties": {
        "@id": "way/1308281538",
        "CEMT": "IV",
        "boat": "yes",
        "intermittent": "no",
        "lock": "yes",
        "lock_name": "Westerkanaalschutsluis",
        "motorboat": "yes",
        "name": "Westerkanaalschutsluis",
        "waterway": "canal",
        "wikidata": "Q85308137",
        "wikipedia": "nl:Westerkanaalschutsluis"
      },
      "geometry": {
        "type": "LineString",
        "coordinates": [
          [
            4.8840005,
            52.3876252
          ],
          [
            4.8840722,
            52.3877802
          ],
          [
            4.884143,
            52.3879319
          ]
        ]
      },
      "id": "way/1308281538"
    },
    {
      "type": "Feature",
      "properties": {
        "@id": "way/1308292216",
        "CEMT": "IV",
        "boat": "yes",
        "name": "Singelgracht",
        "name:nl": "Singelgracht",
        "name:uk": "Сінгелграхт",
        "note": "(Buiten)singelgracht / Nassaukade",
        "seamark:bridge:category": "yes",
        "waterway": "canal"
      },
      "geometry": {
        "type": "LineString",
        "coordinates": [
          [
            4.8820738,
            52.3847872
          ],
          [
            4.8822521,
            52.3850637
          ]
        ]
      },
      "id": "way/1308292216"
    },
    {
      "type": "Feature",
      "properties": {
        "@id": "way/1308292217",
        "CEMT": "IV",
        "boat": "yes",
        "name": "Singelgracht",
        "name:nl": "Singelgracht",
        "name:uk": "Сінгелграхт",
        "note": "(Buiten)singelgracht / Nassaukade",
        "waterway": "canal"
      },
      "geometry": {
        "type": "LineString",
        "coordinates": [
          [
            4.8822521,
            52.3850637
          ],
          [
            4.882623,
            52.3854313
          ]
        ]
      },
      "id": "way/1308292217"
    },
    {
      "type": "Feature",
      "properties": {
        "@id": "way/1308292218",
        "alt_name": "Haarlemmertrekvaart",
        "boat": "yes",
        "name": "Haarlemmervaart",
        "waterway": "canal"
      },
      "geometry": {
        "type": "LineString",
        "coordinates": [
          [
            4.8810733,
            52.3857133
          ],
          [
            4.8812583,
            52.3857103
          ]
        ]
      },
      "id": "way/1308292218"
    },
    {
      "type": "Feature",
      "properties": {
        "@id": "way/1308292219",
        "alt_name": "Haarlemmertrekvaart",
        "boat": "yes",
        "name": "Haarlemmervaart",
        "waterway": "canal"
      },
      "geometry": {
        "type": "LineString",
        "coordinates": [
          [
            4.8817851,
            52.3856354
          ],
          [
            4.882623,
            52.3854313
          ]
        ]
      },
      "id": "way/1308292219"
    },
    {
      "type": "Feature",
      "properties": {
        "@id": "way/1308292220",
        "boat": "yes",
        "name": "Singelgracht",
        "name:nl": "Singelgracht",
        "name:uk": "Сінгелграхт",
        "note": "(Buiten)singelgracht / Nassaukade",
        "seamark:bridge:category": "yes",
        "waterway": "canal"
      },
      "geometry": {
        "type": "LineString",
        "coordinates": [
          [
            4.8798813,
            52.3812748
          ],
          [
            4.8797019,
            52.3815237
          ]
        ]
      },
      "id": "way/1308292220"
    },
    {
      "type": "Feature",
      "properties": {
        "@id": "way/1308292221",
        "boat": "yes",
        "name": "Singelgracht",
        "name:nl": "Singelgracht",
        "name:uk": "Сінгелграхт",
        "note": "(Buiten)singelgracht / Nassaukade",
        "waterway": "canal"
      },
      "geometry": {
        "type": "LineString",
        "coordinates": [
          [
            4.8797019,
            52.3815237
          ],
          [
            4.8795945,
            52.3816726
          ],
          [
            4.8795473,
            52.3819009
          ]
        ]
      },
      "id": "way/1308292221"
    },
    {
      "type": "Feature",
      "properties": {
        "@id": "way/1308292222",
        "CEMT": "IV",
        "boat": "yes",
        "name": "Kattensloot",
        "waterway": "canal"
      },
      "geometry": {
        "type": "LineString",
        "coordinates": [
          [
            4.8793401,
            52.3819025
          ],
          [
            4.8795473,
            52.3819009
          ]
        ]
      },
      "id": "way/1308292222"
    },
    {
      "type": "Feature",
      "properties": {
        "@id": "way/1308292223",
        "CEMT": "IV",
        "boat": "yes",
        "name": "Kattensloot",
        "seamark:bridge:category": "yes",
        "waterway": "canal"
      },
      "geometry": {
        "type": "LineString",
        "coordinates": [
          [
            4.8788166,
            52.3817678
          ],
          [
            4.8793401,
            52.3819025
          ]
        ]
      },
      "id": "way/1308292223"
    },
    {
      "type": "Feature",
      "properties": {
        "@id": "way/1308396877",
        "CEMT": "IV",
        "boat": "yes",
        "name": "Singelgracht",
        "name:nl": "Singelgracht",
        "name:uk": "Сінгелграхт",
        "note": "(Buiten)singelgracht / Nassaukade",
        "waterway": "canal"
      },
      "geometry": {
        "type": "LineString",
        "coordinates": [
          [
            4.8816827,
            52.3841808
          ],
          [
            4.8820738,
            52.3847872
          ]
        ]
      },
      "id": "way/1308396877"
    },
    {
      "type": "Feature",
      "properties": {
        "@id": "way/1308396878",
        "canoe": "yes",
        "motorboat": "yes",
        "name": "Brouwersgracht",
        "seamark:bridge:category": "yes",
        "waterway": "canal"
      },
      "geometry": {
        "type": "LineString",
        "coordinates": [
          [
            4.8824995,
            52.3839342
          ],
          [
            4.8827324,
            52.3838422
          ]
        ]
      },
      "id": "way/1308396878"
    },
    {
      "type": "Feature",
      "properties": {
        "@id": "way/1308396879",
        "canoe": "yes",
        "motorboat": "yes",
        "name": "Brouwersgracht",
        "waterway": "canal"
      },
      "geometry": {
        "type": "LineString",
        "coordinates": [
          [
            4.8816827,
            52.3841808
          ],
          [
            4.8824995,
            52.3839342
          ]
        ]
      },
      "id": "way/1308396879"
    },
    {
      "type": "Feature",
      "properties": {
        "@id": "way/1308396880",
        "canoe": "yes",
        "motorboat": "yes",
        "name": "Brouwersgracht",
        "seamark:bridge:category": "yes",
        "waterway": "canal"
      },
      "geometry": {
        "type": "LineString",
        "coordinates": [
          [
            4.8847612,
            52.3825754
          ],
          [
            4.8849332,
            52.3824793
          ]
        ]
      },
      "id": "way/1308396880"
    },
    {
      "type": "Feature",
      "properties": {
        "@id": "way/1308396881",
        "canoe": "yes",
        "motorboat": "yes",
        "name": "Brouwersgracht",
        "waterway": "canal"
      },
      "geometry": {
        "type": "LineString",
        "coordinates": [
          [
            4.8849332,
            52.3824793
          ],
          [
            4.8862256,
            52.3817546
          ]
        ]
      },
      "id": "way/1308396881"
    },
    {
      "type": "Feature",
      "properties": {
        "@id": "way/1308396882",
        "canoe": "yes",
        "motorboat": "yes",
        "name": "Brouwersgracht",
        "seamark:bridge:category": "yes",
        "waterway": "canal"
      },
      "geometry": {
        "type": "LineString",
        "coordinates": [
          [
            4.8862256,
            52.3817546
          ],
          [
            4.886422,
            52.3816445
          ]
        ]
      },
      "id": "way/1308396882"
    },
    {
      "type": "Feature",
      "properties": {
        "@id": "way/1308396883",
        "canoe": "yes",
        "motorboat": "yes",
        "name": "Brouwersgracht",
        "waterway": "canal"
      },
      "geometry": {
        "type": "LineString",
        "coordinates": [
          [
            4.886422,
            52.3816445
          ],
          [
            4.8884303,
            52.3805184
          ]
        ]
      },
      "id": "way/1308396883"
    },
    {
      "type": "Feature",
      "properties": {
        "@id": "way/1308400516",
        "canoe": "yes",
        "motorboat": "yes",
        "name": "Brouwersgracht",
        "waterway": "canal"
      },
      "geometry": {
        "type": "LineString",
        "coordinates": [
          [
            4.8937912,
            52.378853
          ],
          [
            4.893972,
            52.3787771
          ]
        ]
      },
      "id": "way/1308400516"
    },
    {
      "type": "Feature",
      "properties": {
        "@id": "way/1308400517",
        "canoe": "yes",
        "motorboat": "yes",
        "name": "Brouwersgracht",
        "seamark:bridge:category": "yes",
        "waterway": "canal"
      },
      "geometry": {
        "type": "LineString",
        "coordinates": [
          [
            4.893674,
            52.3789023
          ],
          [
            4.8937912,
            52.378853
          ]
        ]
      },
      "id": "way/1308400517"
    },
    {
      "type": "Feature",
      "properties": {
        "@id": "way/1308400518",
        "canoe": "yes",
        "motorboat": "yes",
        "name": "Brouwersgracht",
        "waterway": "canal"
      },
      "geometry": {
        "type": "LineString",
        "coordinates": [
          [
            4.8922607,
            52.3792137
          ],
          [
            4.8923037,
            52.3792043
          ]
        ]
      },
      "id": "way/1308400518"
    },
    {
      "type": "Feature",
      "properties": {
        "@id": "way/1308400519",
        "canoe": "yes",
        "motorboat": "yes",
        "name": "Brouwersgracht",
        "waterway": "canal"
      },
      "geometry": {
        "type": "LineString",
        "coordinates": [
          [
            4.8917821,
            52.379252
          ],
          [
            4.8920164,
            52.3792362
          ],
          [
            4.8922607,
            52.3792137
          ]
        ]
      },
      "id": "way/1308400519"
    },
    {
      "type": "Feature",
      "properties": {
        "@id": "way/1308400520",
        "canoe": "yes",
        "motorboat": "yes",
        "name": "Brouwersgracht",
        "seamark:bridge:category": "yes",
        "waterway": "canal"
      },
      "geometry": {
        "type": "LineString",
        "coordinates": [
          [
            4.8916385,
            52.3792838
          ],
          [
            4.8917821,
            52.379252
          ]
        ]
      },
      "id": "way/1308400520"
    },
    {
      "type": "Feature",
      "properties": {
        "@id": "way/1308400521",
        "canoe": "yes",
        "motorboat": "yes",
        "name": "Brouwersgracht",
        "waterway": "canal"
      },
      "geometry": {
        "type": "LineString",
        "coordinates": [
          [
            4.8902463,
            52.379591
          ],
          [
            4.8916385,
            52.3792838
          ]
        ]
      },
      "id": "way/1308400521"
    },
    {
      "type": "Feature",
      "properties": {
        "@id": "way/1308400522",
        "canoe": "yes",
        "motorboat": "yes",
        "name": "Brouwersgracht",
        "seamark:bridge:category": "yes",
        "waterway": "canal"
      },
      "geometry": {
        "type": "LineString",
        "coordinates": [
          [
            4.8901114,
            52.3796324
          ],
          [
            4.8902463,
            52.379591
          ]
        ]
      },
      "id": "way/1308400522"
    },
    {
      "type": "Feature",
      "properties": {
        "@id": "way/1308400523",
        "canoe": "yes",
        "motorboat": "yes",
        "name": "Brouwersgracht",
        "waterway": "canal"
      },
      "geometry": {
        "type": "LineString",
        "coordinates": [
          [
            4.8899351,
            52.3796979
          ],
          [
            4.8901114,
            52.3796324
          ]
        ]
      },
      "id": "way/1308400523"
    },
    {
      "type": "Feature",
      "properties": {
        "@id": "way/1308400524",
        "canoe": "yes",
        "motorboat": "yes",
        "name": "Brouwersgracht",
        "waterway": "canal"
      },
      "geometry": {
        "type": "LineString",
        "coordinates": [
          [
            4.8923037,
            52.3792043
          ],
          [
            4.8934957,
            52.3789476
          ],
          [
            4.893674,
            52.3789023
          ]
        ]
      },
      "id": "way/1308400524"
    },
    {
      "type": "Feature",
      "properties": {
        "@id": "way/1308400525",
        "canoe": "yes",
        "motorboat": "yes",
        "name": "Keizersgracht",
        "name:nl": "Keizersgracht",
        "name:uk": "Кейзерсграхт",
        "seamark:bridge:category": "yes",
        "waterway": "canal"
      },
      "geometry": {
        "type": "LineString",
        "coordinates": [
          [
            4.8897631,
            52.3795128
          ],
          [
            4.8898523,
            52.3796088
          ]
        ]
      },
      "id": "way/1308400525"
    },
    {
      "type": "Feature",
      "properties": {
        "@id": "way/1308400526",
        "canoe": "yes",
        "motorboat": "yes",
        "name": "Keizersgracht",
        "name:nl": "Keizersgracht",
        "name:uk": "Кейзерсграхт",
        "waterway": "canal"
      },
      "geometry": {
        "type": "LineString",
        "coordinates": [
          [
            4.8898523,
            52.3796088
          ],
          [
            4.8899351,
            52.3796979
          ]
        ]
      },
      "id": "way/1308400526"
    },
    {
      "type": "Feature",
      "properties": {
        "@id": "way/1308400527",
        "canoe": "yes",
        "motorboat": "yes",
        "name": "Brouwersgracht",
        "seamark:bridge:category": "yes",
        "waterway": "canal"
      },
      "geometry": {
        "type": "LineString",
        "coordinates": [
          [
            4.8885634,
            52.3804458
          ],
          [
            4.8886892,
            52.3803773
          ]
        ]
      },
      "id": "way/1308400527"
    },
    {
      "type": "Feature",
      "properties": {
        "@id": "way/1308400528",
        "canoe": "yes",
        "motorboat": "yes",
        "name": "Brouwersgracht",
        "waterway": "canal"
      },
      "geometry": {
        "type": "LineString",
        "coordinates": [
          [
            4.8884303,
            52.3805184
          ],
          [
            4.8885634,
            52.3804458
          ]
        ]
      },
      "id": "way/1308400528"
    },
    {
      "type": "Feature",
      "properties": {
        "@id": "way/1308400529",
        "CEMT": "0",
        "boat": "yes",
        "name": "Prinsengracht",
        "name:nl": "Prinsengracht",
        "name:uk": "Принсенграхт",
        "oneway": "yes",
        "seamark:bridge:category": "yes",
        "seamark:type": "separation_lane",
        "waterway": "canal"
      },
      "geometry": {
        "type": "LineString",
        "coordinates": [
          [
            4.8826081,
            52.3689756
          ],
          [
            4.8826022,
            52.3689166
          ],
          [
            4.8825993,
            52.3688827
          ]
        ]
      },
      "id": "way/1308400529"
    },
    {
      "type": "Feature",
      "properties": {
        "@id": "way/1308400530",
        "CEMT": "0",
        "boat": "yes",
        "name": "Prinsengracht",
        "name:nl": "Prinsengracht",
        "name:uk": "Принсенграхт",
        "oneway": "yes",
        "seamark:type": "separation_lane",
        "waterway": "canal"
      },
      "geometry": {
        "type": "LineString",
        "coordinates": [
          [
            4.882749,
            52.3703749
          ],
          [
            4.8826081,
            52.3689756
          ]
        ]
      },
      "id": "way/1308400530"
    },
    {
      "type": "Feature",
      "properties": {
        "@id": "way/1308400531",
        "CEMT": "0",
        "boat": "yes",
        "name": "Prinsengracht",
        "name:nl": "Prinsengracht",
        "name:uk": "Принсенграхт",
        "oneway": "yes",
        "seamark:bridge:category": "yes",
        "seamark:type": "separation_lane",
        "waterway": "canal"
      },
      "geometry": {
        "type": "LineString",
        "coordinates": [
          [
            4.8827564,
            52.3704784
          ],
          [
            4.8827535,
            52.3704195
          ],
          [
            4.882749,
            52.3703749
          ]
        ]
      },
      "id": "way/1308400531"
    },
    {
      "type": "Feature",
      "properties": {
        "@id": "way/1308400532",
        "CEMT": "0",
        "boat": "yes",
        "name": "Prinsengracht",
        "name:nl": "Prinsengracht",
        "name:uk": "Принсенграхт",
        "oneway": "yes",
        "seamark:type": "separation_lane",
        "waterway": "canal"
      },
      "geometry": {
        "type": "LineString",
        "coordinates": [
          [
            4.8829157,
            52.3723802
          ],
          [
            4.8828245,
            52.3718494
          ],
          [
            4.8827564,
            52.3704784
          ]
        ]
      },
      "id": "way/1308400532"
    },
    {
      "type": "Feature",
      "properties": {
        "@id": "way/1308400533",
        "CEMT": "0",
        "boat": "yes",
        "name": "Prinsengracht",
        "name:nl": "Prinsengracht",
        "name:uk": "Принсенграхт",
        "oneway": "yes",
        "seamark:bridge:category": "yes",
        "seamark:type": "separation_lane",
        "waterway": "canal"
      },
      "geometry": {
        "type": "LineString",
        "coordinates": [
          [
            4.8829234,
            52.372456
          ],
          [
            4.8829193,
            52.372401
          ],
          [
            4.8829157,
            52.3723802
          ]
        ]
      },
      "id": "way/1308400533"
    },
    {
      "type": "Feature",
      "properties": {
        "@id": "way/1308400534",
        "CEMT": "0",
        "boat": "yes",
        "name": "Prinsengracht",
        "name:nl": "Prinsengracht",
        "name:uk": "Принсенграхт",
        "oneway": "yes",
        "seamark:type": "separation_lane",
        "waterway": "canal"
      },
      "geometry": {
        "type": "LineString",
        "coordinates": [
          [
            4.8830519,
            52.3738577
          ],
          [
            4.8829234,
            52.372456
          ]
        ]
      },
      "id": "way/1308400534"
    },
    {
      "type": "Feature",
      "properties": {
        "@id": "way/1308400535",
        "CEMT": "0",
        "boat": "yes",
        "name": "Prinsengracht",
        "name:nl": "Prinsengracht",
        "name:uk": "Принсенграхт",
        "oneway": "yes",
        "seamark:bridge:category": "yes",
        "seamark:type": "separation_lane",
        "waterway": "canal"
      },
      "geometry": {
        "type": "LineString",
        "coordinates": [
          [
            4.8830751,
            52.3741504
          ],
          [
            4.8830588,
            52.3739483
          ],
          [
            4.8830519,
            52.3738577
          ]
        ]
      },
      "id": "way/1308400535"
    },
    {
      "type": "Feature",
      "properties": {
        "@id": "way/1308400536",
        "CEMT": "0",
        "boat": "yes",
        "name": "Prinsengracht",
        "name:nl": "Prinsengracht",
        "name:uk": "Принсенграхт",
        "oneway": "yes",
        "seamark:type": "separation_lane",
        "waterway": "canal"
      },
      "geometry": {
        "type": "LineString",
        "coordinates": [
          [
            4.8825993,
            52.3688827
          ],
          [
            4.8825886,
            52.368758
          ],
          [
            4.8824711,
            52.3674356
          ]
        ]
      },
      "id": "way/1308400536"
    },
    {
      "type": "Feature",
      "properties": {
        "@id": "way/1308400537",
        "CEMT": "0",
        "boat": "yes",
        "name": "Prinsengracht",
        "name:nl": "Prinsengracht",
        "name:uk": "Принсенграхт",
        "oneway": "yes",
        "seamark:bridge:category": "yes",
        "seamark:type": "separation_lane",
        "waterway": "canal"
      },
      "geometry": {
        "type": "LineString",
        "coordinates": [
          [
            4.8843944,
            52.3760855
          ],
          [
            4.8843606,
            52.3760465
          ],
          [
            4.8843354,
            52.3760187
          ]
        ]
      },
      "id": "way/1308400537"
    },
    {
      "type": "Feature",
      "properties": {
        "@id": "way/1308400538",
        "CEMT": "0",
        "boat": "yes",
        "name": "Prinsengracht",
        "name:nl": "Prinsengracht",
        "name:uk": "Принсенграхт",
        "oneway": "yes",
        "seamark:type": "separation_lane",
        "waterway": "canal"
      },
      "geometry": {
        "type": "LineString",
        "coordinates": [
          [
            4.8861464,
            52.3780476
          ],
          [
            4.8847629,
            52.3765112
          ]
        ]
      },
      "id": "way/1308400538"
    },
    {
      "type": "Feature",
      "properties": {
        "@id": "way/1308400539",
        "CEMT": "0",
        "boat": "yes",
        "name": "Prinsengracht",
        "name:nl": "Prinsengracht",
        "name:uk": "Принсенграхт",
        "oneway": "yes",
        "seamark:bridge:category": "yes",
        "seamark:type": "separation_lane",
        "waterway": "canal"
      },
      "geometry": {
        "type": "LineString",
        "coordinates": [
          [
            4.8862318,
            52.3781412
          ],
          [
            4.8861822,
            52.3780873
          ],
          [
            4.8861464,
            52.3780476
          ]
        ]
      },
      "id": "way/1308400539"
    },
    {
      "type": "Feature",
      "properties": {
        "@id": "way/1308400540",
        "CEMT": "0",
        "boat": "yes",
        "name": "Prinsengracht",
        "name:nl": "Prinsengracht",
        "name:uk": "Принсенграхт",
        "oneway": "yes",
        "seamark:type": "separation_lane",
        "waterway": "canal"
      },
      "geometry": {
        "type": "LineString",
        "coordinates": [
          [
            4.8882488,
            52.380334
          ],
          [
            4.8862318,
            52.3781412
          ]
        ]
      },
      "id": "way/1308400540"
    },
    {
      "type": "Feature",
      "properties": {
        "@id": "way/1308400541",
        "CEMT": "0",
        "boat": "yes",
        "name": "Prinsengracht",
        "name:nl": "Prinsengracht",
        "name:uk": "Принсенграхт",
        "oneway": "yes",
        "seamark:bridge:category": "yes",
        "seamark:type": "separation_lane",
        "waterway": "canal"
      },
      "geometry": {
        "type": "LineString",
        "coordinates": [
          [
            4.8883274,
            52.3804162
          ],
          [
            4.8882927,
            52.3803817
          ],
          [
            4.8882488,
            52.380334
          ]
        ]
      },
      "id": "way/1308400541"
    },
    {
      "type": "Feature",
      "properties": {
        "@id": "way/1308400542",
        "CEMT": "0",
        "boat": "yes",
        "name": "Prinsengracht",
        "name:nl": "Prinsengracht",
        "name:uk": "Принсенграхт",
        "oneway": "yes",
        "seamark:type": "separation_lane",
        "waterway": "canal"
      },
      "geometry": {
        "type": "LineString",
        "coordinates": [
          [
            4.8884303,
            52.3805184
          ],
          [
            4.8883274,
            52.3804162
          ]
        ]
      },
      "id": "way/1308400542"
    },
    {
      "type": "Feature",
      "properties": {
        "@id": "way/1308401458",
        "canoe": "yes",
        "motorboat": "yes",
        "name": "Herengracht",
        "name:nl": "Herengracht",
        "name:uk": "Геренграхт",
        "waterway": "canal",
        "wikidata": "Q2623129",
        "wikipedia": "nl:Herengracht (Amsterdam)"
      },
      "geometry": {
        "type": "LineString",
        "coordinates": [
          [
            4.8898875,
            52.3769011
          ],
          [
            4.8898596,
            52.3768743
          ]
        ]
      },
      "id": "way/1308401458"
    },
    {
      "type": "Feature",
      "properties": {
        "@id": "way/1308401459",
        "canoe": "yes",
        "motorboat": "yes",
        "name": "Herengracht",
        "name:nl": "Herengracht",
        "name:uk": "Геренграхт",
        "waterway": "canal",
        "wikidata": "Q2623129",
        "wikipedia": "nl:Herengracht (Amsterdam)"
      },
      "geometry": {
        "type": "LineString",
        "coordinates": [
          [
            4.8920164,
            52.3792362
          ],
          [
            4.8898875,
            52.3769011
          ]
        ]
      },
      "id": "way/1308401459"
    },
    {
      "type": "Feature",
      "properties": {
        "@id": "way/1308401460",
        "canoe": "yes",
        "motorboat": "yes",
        "name": "Keizersgracht",
        "name:nl": "Keizersgracht",
        "name:uk": "Кейзерсграхт",
        "seamark:bridge:category": "yes",
        "waterway": "canal"
      },
      "geometry": {
        "type": "LineString",
        "coordinates": [
          [
            4.885975,
            52.3754354
          ],
          [
            4.886053,
            52.3755194
          ]
        ]
      },
      "id": "way/1308401460"
    },
    {
      "type": "Feature",
      "properties": {
        "@id": "way/1308401461",
        "canoe": "yes",
        "motorboat": "yes",
        "name": "Keizersgracht",
        "name:nl": "Keizersgracht",
        "name:uk": "Кейзерсграхт",
        "waterway": "canal"
      },
      "geometry": {
        "type": "LineString",
        "coordinates": [
          [
            4.886053,
            52.3755194
          ],
          [
            4.8873218,
            52.3768851
          ],
          [
            4.8878599,
            52.3774643
          ]
        ]
      },
      "id": "way/1308401461"
    },
    {
      "type": "Feature",
      "properties": {
        "@id": "way/1308401462",
        "canoe": "yes",
        "motorboat": "yes",
        "name": "Keizersgracht",
        "name:nl": "Keizersgracht",
        "name:uk": "Кейзерсграхт",
        "seamark:bridge:category": "yes",
        "waterway": "canal"
      },
      "geometry": {
        "type": "LineString",
        "coordinates": [
          [
            4.8878599,
            52.3774643
          ],
          [
            4.887943,
            52.3775538
          ]
        ]
      },
      "id": "way/1308401462"
    },
    {
      "type": "Feature",
      "properties": {
        "@id": "way/1308401463",
        "canoe": "yes",
        "motorboat": "yes",
        "name": "Keizersgracht",
        "name:nl": "Keizersgracht",
        "name:uk": "Кейзерсграхт",
        "waterway": "canal"
      },
      "geometry": {
        "type": "LineString",
        "coordinates": [
          [
            4.887943,
            52.3775538
          ],
          [
            4.8897631,
            52.3795128
          ]
        ]
      },
      "id": "way/1308401463"
    },
    {
      "type": "Feature",
      "properties": {
        "@id": "way/1308401464",
        "CEMT": "0",
        "boat": "yes",
        "name": "Bickersgracht",
        "seamark:bridge:category": "yes",
        "waterway": "canal",
        "wikidata": "Q2137956"
      },
      "geometry": {
        "type": "LineString",
        "coordinates": [
          [
            4.8882991,
            52.385474
          ],
          [
            4.8883208,
            52.3856178
          ]
        ]
      },
      "id": "way/1308401464"
    },
    {
      "type": "Feature",
      "properties": {
        "@id": "way/1308407249",
        "boat": "yes",
        "name": "Singel",
        "name:nl": "Singel",
        "name:uk": "Сінгел",
        "note": "layer -1 is noet apprpriate, this is a normal canal under a bridge.",
        "seamark:bridge:category": "yes",
        "tourism": "yes",
        "waterway": "canal"
      },
      "geometry": {
        "type": "LineString",
        "coordinates": [
          [
            4.8911882,
            52.3762311
          ],
          [
            4.8913117,
            52.3763449
          ]
        ]
      },
      "id": "way/1308407249"
    },
    {
      "type": "Feature",
      "properties": {
        "@id": "way/1308407250",
        "boat": "yes",
        "name": "Singel",
        "name:uk": "Сінгел",
        "note": "layer -1 is noet apprpriate, this is a normal canal under a bridge.",
        "seamark:bridge:category": "yes",
        "waterway": "canal"
      },
      "geometry": {
        "type": "LineString",
        "coordinates": [
          [
            4.8893133,
            52.3744522
          ],
          [
            4.8895987,
            52.3747632
          ]
        ]
      },
      "id": "way/1308407250"
    },
    {
      "type": "Feature",
      "properties": {
        "@id": "way/1308407251",
        "boat": "yes",
        "name": "Singel",
        "name:nl": "Singel",
        "name:uk": "Сінгел",
        "seamark:bridge:category": "yes",
        "tourism": "yes",
        "waterway": "canal"
      },
      "geometry": {
        "type": "LineString",
        "coordinates": [
          [
            4.892017,
            52.3769897
          ],
          [
            4.892121,
            52.3770848
          ]
        ]
      },
      "id": "way/1308407251"
    },
    {
      "type": "Feature",
      "properties": {
        "@id": "way/1308407252",
        "boat": "yes",
        "name": "Singel",
        "name:nl": "Singel",
        "name:uk": "Сінгел",
        "tourism": "yes",
        "waterway": "canal"
      },
      "geometry": {
        "type": "LineString",
        "coordinates": [
          [
            4.892121,
            52.3770848
          ],
          [
            4.893972,
            52.3787771
          ]
        ]
      },
      "id": "way/1308407252"
    },
    {
      "type": "Feature",
      "properties": {
        "@id": "way/1308407253",
        "boat": "yes",
        "name": "Singel",
        "name:nl": "Singel",
        "name:uk": "Сінгел",
        "tourism": "yes",
        "waterway": "canal"
      },
      "geometry": {
        "type": "LineString",
        "coordinates": [
          [
            4.8913117,
            52.3763449
          ],
          [
            4.892017,
            52.3769897
          ]
        ]
      },
      "id": "way/1308407253"
    },
    {
      "type": "Feature",
      "properties": {
        "@id": "way/1308407254",
        "canoe": "yes",
        "motorboat": "yes",
        "name": "Herengracht",
        "name:nl": "Herengracht",
        "name:uk": "Геренграхт",
        "seamark:bridge:category": "yes",
        "waterway": "canal",
        "wikidata": "Q2623129",
        "wikipedia": "nl:Herengracht (Amsterdam)"
      },
      "geometry": {
        "type": "LineString",
        "coordinates": [
          [
            4.8898596,
            52.3768743
          ],
          [
            4.8897733,
            52.376778
          ]
        ]
      },
      "id": "way/1308407254"
    },
    {
      "type": "Feature",
      "properties": {
        "@id": "way/1308407259",
        "boat": "yes",
        "canoe": "yes",
        "motorboat": "yes",
        "name": "Herengracht",
        "name:nl": "Herengracht",
        "name:uk": "Геренграхт",
        "waterway": "canal",
        "wikidata": "Q2623129",
        "wikipedia": "nl:Herengracht (Amsterdam)"
      },
      "geometry": {
        "type": "LineString",
        "coordinates": [
          [
            4.8897733,
            52.376778
          ],
          [
            4.888044,
            52.3748812
          ]
        ]
      },
      "id": "way/1308407259"
    },
    {
      "type": "Feature",
      "properties": {
        "@id": "way/1308407260",
        "canoe": "yes",
        "motorboat": "yes",
        "name": "Herengracht",
        "name:nl": "Herengracht",
        "name:uk": "Геренграхт",
        "seamark:bridge:category": "yes",
        "waterway": "canal",
        "wikidata": "Q2623129",
        "wikipedia": "nl:Herengracht (Amsterdam)"
      },
      "geometry": {
        "type": "LineString",
        "coordinates": [
          [
            4.8959795,
            52.3647798
          ],
          [
            4.8961332,
            52.3648115
          ]
        ]
      },
      "id": "way/1308407260"
    },
    {
      "type": "Feature",
      "properties": {
        "@id": "way/1308407261",
        "canoe": "yes",
        "motorboat": "yes",
        "name": "Leliegracht",
        "waterway": "canal",
        "wikidata": "Q2400867"
      },
      "geometry": {
        "type": "LineString",
        "coordinates": [
          [
            4.8877256,
            52.3747806
          ],
          [
            4.8879024,
            52.3747258
          ]
        ]
      },
      "id": "way/1308407261"
    },
    {
      "type": "Feature",
      "properties": {
        "@id": "way/1308407262",
        "canoe": "yes",
        "motorboat": "yes",
        "name": "Leliegracht",
        "waterway": "canal",
        "wikidata": "Q2400867"
      },
      "geometry": {
        "type": "LineString",
        "coordinates": [
          [
            4.8875984,
            52.3748239
          ],
          [
            4.8877256,
            52.3747806
          ]
        ]
      },
      "id": "way/1308407262"
    },
    {
      "type": "Feature",
      "properties": {
        "@id": "way/1308407263",
        "canoe": "yes",
        "motorboat": "yes",
        "name": "Leliegracht",
        "seamark:bridge:category": "yes",
        "waterway": "canal",
        "wikidata": "Q2400867"
      },
      "geometry": {
        "type": "LineString",
        "coordinates": [
          [
            4.8861433,
            52.375318
          ],
          [
            4.8862782,
            52.3752756
          ]
        ]
      },
      "id": "way/1308407263"
    },
    {
      "type": "Feature",
      "properties": {
        "@id": "way/1308407264",
        "canoe": "yes",
        "motorboat": "yes",
        "name": "Leliegracht",
        "waterway": "canal",
        "wikidata": "Q2400867"
      },
      "geometry": {
        "type": "LineString",
        "coordinates": [
          [
            4.8862782,
            52.3752756
          ],
          [
            4.8875984,
            52.3748239
          ]
        ]
      },
      "id": "way/1308407264"
    },
    {
      "type": "Feature",
      "properties": {
        "@id": "way/1308407265",
        "canoe": "yes",
        "motorboat": "yes",
        "name": "Leliegracht",
        "seamark:bridge:category": "yes",
        "waterway": "canal",
        "wikidata": "Q2400867"
      },
      "geometry": {
        "type": "LineString",
        "coordinates": [
          [
            4.8856458,
            52.3754896
          ],
          [
            4.8857754,
            52.3754442
          ]
        ]
      },
      "id": "way/1308407265"
    },
    {
      "type": "Feature",
      "properties": {
        "@id": "way/1308407266",
        "canoe": "yes",
        "motorboat": "yes",
        "name": "Leliegracht",
        "waterway": "canal",
        "wikidata": "Q2400867"
      },
      "geometry": {
        "type": "LineString",
        "coordinates": [
          [
            4.8857754,
            52.3754442
          ],
          [
            4.8859285,
            52.3753854
          ],
          [
            4.8861433,
            52.375318
          ]
        ]
      },
      "id": "way/1308407266"
    },
    {
      "type": "Feature",
      "properties": {
        "@id": "way/1308407267",
        "canoe": "yes",
        "motorboat": "yes",
        "name": "Leliegracht",
        "seamark:bridge:category": "yes",
        "waterway": "canal",
        "wikidata": "Q2400867"
      },
      "geometry": {
        "type": "LineString",
        "coordinates": [
          [
            4.8844564,
            52.3758984
          ],
          [
            4.88456,
            52.3758622
          ]
        ]
      },
      "id": "way/1308407267"
    },
    {
      "type": "Feature",
      "properties": {
        "@id": "way/1308407268",
        "canoe": "yes",
        "motorboat": "yes",
        "name": "Leliegracht",
        "waterway": "canal",
        "wikidata": "Q2400867"
      },
      "geometry": {
        "type": "LineString",
        "coordinates": [
          [
            4.8842818,
            52.3759593
          ],
          [
            4.8844564,
            52.3758984
          ]
        ]
      },
      "id": "way/1308407268"
    },
    {
      "type": "Feature",
      "properties": {
        "@id": "way/1308584507",
        "boat": "yes",
        "name": "Lijnbaansgracht",
        "waterway": "canal"
      },
      "geometry": {
        "type": "LineString",
        "coordinates": [
          [
            4.8768205,
            52.3737199
          ],
          [
            4.8766382,
            52.3731331
          ],
          [
            4.8763606,
            52.3724888
          ]
        ]
      },
      "id": "way/1308584507"
    },
    {
      "type": "Feature",
      "properties": {
        "@id": "way/1308584508",
        "boat": "yes",
        "canoe": "yes",
        "motorboat": "yes",
        "name": "Singelgracht",
        "name:nl": "Singelgracht",
        "name:uk": "Сінгелграхт",
        "note": "(Buiten)singelgracht / Nassaukade",
        "seamark:bridge:category": "yes",
        "waterway": "canal"
      },
      "geometry": {
        "type": "LineString",
        "coordinates": [
          [
            4.8745728,
            52.3717644
          ],
          [
            4.8744652,
            52.3720145
          ]
        ]
      },
      "id": "way/1308584508"
    },
    {
      "type": "Feature",
      "properties": {
        "@id": "way/1308584509",
        "boat": "yes",
        "canoe": "yes",
        "motorboat": "yes",
        "name": "Singelgracht",
        "name:nl": "Singelgracht",
        "name:uk": "Сінгелграхт",
        "note": "(Buiten)singelgracht / Nassaukade",
        "waterway": "canal"
      },
      "geometry": {
        "type": "LineString",
        "coordinates": [
          [
            4.8744652,
            52.3720145
          ],
          [
            4.8745158,
            52.3722977
          ],
          [
            4.8746816,
            52.3725477
          ],
          [
            4.8749416,
            52.3727252
          ],
          [
            4.8753906,
            52.3731201
          ],
          [
            4.875465,
            52.3733074
          ]
        ]
      },
      "id": "way/1308584509"
    },
    {
      "type": "Feature",
      "properties": {
        "@id": "way/1308584510",
        "boat": "yes",
        "name": "Hugo de Grootgracht",
        "seamark:bridge:category": "yes",
        "waterway": "canal",
        "wikidata": "Q15876490"
      },
      "geometry": {
        "type": "LineString",
        "coordinates": [
          [
            4.8710624,
            52.3725262
          ],
          [
            4.8716887,
            52.3726565
          ]
        ]
      },
      "id": "way/1308584510"
    },
    {
      "type": "Feature",
      "properties": {
        "@id": "way/1308584511",
        "boat": "yes",
        "name": "Hugo de Grootgracht",
        "waterway": "canal",
        "wikidata": "Q15876490"
      },
      "geometry": {
        "type": "LineString",
        "coordinates": [
          [
            4.8716887,
            52.3726565
          ],
          [
            4.8729166,
            52.3728875
          ],
          [
            4.8747981,
            52.3732873
          ]
        ]
      },
      "id": "way/1308584511"
    },
    {
      "type": "Feature",
      "properties": {
        "@id": "way/1308584512",
        "boat": "yes",
        "name": "Hugo de Grootgracht",
        "waterway": "canal",
        "wikidata": "Q15876490"
      },
      "geometry": {
        "type": "LineString",
        "coordinates": [
          [
            4.8750912,
            52.3733415
          ],
          [
            4.875465,
            52.3733074
          ]
        ]
      },
      "id": "way/1308584512"
    },
    {
      "type": "Feature",
      "properties": {
        "@id": "way/1308584513",
        "boat": "yes",
        "name": "Hugo de Grootgracht",
        "seamark:bridge:category": "yes",
        "waterway": "canal",
        "wikidata": "Q15876490"
      },
      "geometry": {
        "type": "LineString",
        "coordinates": [
          [
            4.8747981,
            52.3732873
          ],
          [
            4.8750912,
            52.3733415
          ]
        ]
      },
      "id": "way/1308584513"
    },
    {
      "type": "Feature",
      "properties": {
        "@id": "way/1308584514",
        "boat": "yes",
        "seamark:bridge:category": "yes",
        "waterway": "canal"
      },
      "geometry": {
        "type": "LineString",
        "coordinates": [
          [
            4.8764355,
            52.373734
          ],
          [
            4.8760762,
            52.373758
          ]
        ]
      },
      "id": "way/1308584514"
    },
    {
      "type": "Feature",
      "properties": {
        "@id": "way/1308584515",
        "boat": "yes",
        "waterway": "canal"
      },
      "geometry": {
        "type": "LineString",
        "coordinates": [
          [
            4.8760762,
            52.373758
          ],
          [
            4.8758521,
            52.3737579
          ],
          [
            4.8754822,
            52.3737439
          ]
        ]
      },
      "id": "way/1308584515"
    },
    {
      "type": "Feature",
      "properties": {
        "@id": "way/1308584516",
        "boat": "yes",
        "name": "Singelgracht",
        "name:nl": "Singelgracht",
        "name:uk": "Сінгелграхт",
        "note": "(Buiten)singelgracht / Nassaukade",
        "seamark:bridge:category": "yes",
        "waterway": "canal"
      },
      "geometry": {
        "type": "LineString",
        "coordinates": [
          [
            4.8754716,
            52.3739306
          ],
          [
            4.8755348,
            52.3742278
          ]
        ]
      },
      "id": "way/1308584516"
    },
    {
      "type": "Feature",
      "properties": {
        "@id": "way/1308584517",
        "boat": "yes",
        "name": "Singelgracht",
        "name:nl": "Singelgracht",
        "name:uk": "Сінгелграхт",
        "note": "(Buiten)singelgracht / Nassaukade",
        "waterway": "canal"
      },
      "geometry": {
        "type": "LineString",
        "coordinates": [
          [
            4.8754822,
            52.3737439
          ],
          [
            4.8754716,
            52.3739306
          ]
        ]
      },
      "id": "way/1308584517"
    },
    {
      "type": "Feature",
      "properties": {
        "@id": "way/1308584518",
        "boat": "yes",
        "name": "Singelgracht",
        "name:nl": "Singelgracht",
        "name:uk": "Сінгелграхт",
        "note": "(Buiten)singelgracht / Nassaukade",
        "seamark:bridge:category": "yes",
        "waterway": "canal"
      },
      "geometry": {
        "type": "LineString",
        "coordinates": [
          [
            4.8781097,
            52.3783899
          ],
          [
            4.8782656,
            52.3786347
          ]
        ]
      },
      "id": "way/1308584518"
    },
    {
      "type": "Feature",
      "properties": {
        "@id": "way/1308584519",
        "canoe": "yes",
        "motorboat": "yes",
        "name": "Keizersgracht",
        "name:nl": "Keizersgracht",
        "name:uk": "Кейзерсграхт",
        "seamark:bridge:category": "yes",
        "waterway": "canal"
      },
      "geometry": {
        "type": "LineString",
        "coordinates": [
          [
            4.8848728,
            52.372309
          ],
          [
            4.8848805,
            52.3723962
          ]
        ]
      },
      "id": "way/1308584519"
    },
    {
      "type": "Feature",
      "properties": {
        "@id": "way/1308584520",
        "canoe": "yes",
        "motorboat": "yes",
        "name": "Keizersgracht",
        "name:nl": "Keizersgracht",
        "name:uk": "Кейзерсграхт",
        "waterway": "canal"
      },
      "geometry": {
        "type": "LineString",
        "coordinates": [
          [
            4.8848805,
            52.3723962
          ],
          [
            4.8849985,
            52.373726
          ]
        ]
      },
      "id": "way/1308584520"
    },
    {
      "type": "Feature",
      "properties": {
        "@id": "way/1308584521",
        "CEMT": "0",
        "boat": "yes",
        "name": "Prinsengracht",
        "name:nl": "Prinsengracht",
        "name:uk": "Принсенграхт",
        "oneway": "yes",
        "seamark:type": "separation_lane",
        "waterway": "canal"
      },
      "geometry": {
        "type": "LineString",
        "coordinates": [
          [
            4.8847629,
            52.3765112
          ],
          [
            4.8843944,
            52.3760855
          ]
        ]
      },
      "id": "way/1308584521"
    },
    {
      "type": "Feature",
      "properties": {
        "@id": "way/1308584522",
        "boat": "yes",
        "name": "Egelantiersgracht",
        "seamark:bridge:category": "yes",
        "tourism": "attraction",
        "waterway": "canal"
      },
      "geometry": {
        "type": "LineString",
        "coordinates": [
          [
            4.8777016,
            52.3752081
          ],
          [
            4.8778213,
            52.3751988
          ]
        ]
      },
      "id": "way/1308584522"
    },
    {
      "type": "Feature",
      "properties": {
        "@id": "way/1308584523",
        "CEMT": "0",
        "boat": "yes",
        "name": "Prinsengracht",
        "name:nl": "Prinsengracht",
        "name:uk": "Принсенграхт",
        "oneway": "yes",
        "seamark:type": "separation_lane",
        "waterway": "canal"
      },
      "geometry": {
        "type": "LineString",
        "coordinates": [
          [
            4.8843354,
            52.3760187
          ],
          [
            4.8842818,
            52.3759593
          ]
        ]
      },
      "id": "way/1308584523"
    },
    {
      "type": "Feature",
      "properties": {
        "@id": "way/1308584524",
        "CEMT": "0",
        "boat": "yes",
        "name": "Prinsengracht",
        "name:nl": "Prinsengracht",
        "name:uk": "Принсенграхт",
        "oneway": "yes",
        "seamark:type": "separation_lane",
        "waterway": "canal"
      },
      "geometry": {
        "type": "LineString",
        "coordinates": [
          [
            4.8835292,
            52.3751701
          ],
          [
            4.8834287,
            52.3750636
          ],
          [
            4.8831459,
            52.3747241
          ],
          [
            4.8830751,
            52.3741504
          ]
        ]
      },
      "id": "way/1308584524"
    },
    {
      "type": "Feature",
      "properties": {
        "@id": "way/1308584525",
        "boat": "yes",
        "name": "Bloemgracht",
        "tourism": "yes",
        "waterway": "canal"
      },
      "geometry": {
        "type": "LineString",
        "coordinates": [
          [
            4.8833781,
            52.3752146
          ],
          [
            4.8835292,
            52.3751701
          ]
        ]
      },
      "id": "way/1308584525"
    },
    {
      "type": "Feature",
      "properties": {
        "@id": "way/1308584526",
        "boat": "yes",
        "name": "Bloemgracht",
        "seamark:bridge:category": "yes",
        "tourism": "yes",
        "waterway": "canal"
      },
      "geometry": {
        "type": "LineString",
        "coordinates": [
          [
            4.8831929,
            52.3752295
          ],
          [
            4.8833781,
            52.3752146
          ]
        ]
      },
      "id": "way/1308584526"
    },
    {
      "type": "Feature",
      "properties": {
        "@id": "way/1308584527",
        "boat": "yes",
        "name": "Bloemgracht",
        "seamark:bridge:category": "yes",
        "tourism": "yes",
        "waterway": "canal"
      },
      "geometry": {
        "type": "LineString",
        "coordinates": [
          [
            4.8811182,
            52.3747815
          ],
          [
            4.8812077,
            52.3748022
          ]
        ]
      },
      "id": "way/1308584527"
    },
    {
      "type": "Feature",
      "properties": {
        "@id": "way/1308584528",
        "boat": "yes",
        "name": "Bloemgracht",
        "tourism": "yes",
        "waterway": "canal"
      },
      "geometry": {
        "type": "LineString",
        "coordinates": [
          [
            4.8812077,
            52.3748022
          ],
          [
            4.8830462,
            52.3752278
          ],
          [
            4.8831929,
            52.3752295
          ]
        ]
      },
      "id": "way/1308584528"
    },
    {
      "type": "Feature",
      "properties": {
        "@id": "way/1308584529",
        "boat": "yes",
        "name": "Bloemgracht",
        "seamark:bridge:category": "yes",
        "tourism": "yes",
        "waterway": "canal"
      },
      "geometry": {
        "type": "LineString",
        "coordinates": [
          [
            4.8792107,
            52.3743479
          ],
          [
            4.8793083,
            52.3743692
          ]
        ]
      },
      "id": "way/1308584529"
    },
    {
      "type": "Feature",
      "properties": {
        "@id": "way/1308584530",
        "boat": "yes",
        "name": "Bloemgracht",
        "tourism": "yes",
        "waterway": "canal"
      },
      "geometry": {
        "type": "LineString",
        "coordinates": [
          [
            4.877125,
            52.3738754
          ],
          [
            4.8792107,
            52.3743479
          ]
        ]
      },
      "id": "way/1308584530"
    },
    {
      "type": "Feature",
      "properties": {
        "@id": "way/1308584531",
        "boat": "yes",
        "name": "Bloemgracht",
        "seamark:bridge:category": "yes",
        "tourism": "yes",
        "waterway": "canal"
      },
      "geometry": {
        "type": "LineString",
        "coordinates": [
          [
            4.8769561,
            52.3738458
          ],
          [
            4.877125,
            52.3738754
          ]
        ]
      },
      "id": "way/1308584531"
    },
    {
      "type": "Feature",
      "properties": {
        "@id": "way/1308584532",
        "boat": "yes",
        "name": "Bloemgracht",
        "tourism": "yes",
        "waterway": "canal"
      },
      "geometry": {
        "type": "LineString",
        "coordinates": [
          [
            4.8769011,
            52.3738515
          ],
          [
            4.8769561,
            52.3738458
          ]
        ]
      },
      "id": "way/1308584532"
    },
    {
      "type": "Feature",
      "properties": {
        "@id": "way/1308584533",
        "boat": "yes",
        "check_date": "2024-03-16",
        "name": "Lijnbaansgracht",
        "seamark:bridge:category": "yes",
        "waterway": "canal"
      },
      "geometry": {
        "type": "LineString",
        "coordinates": [
          [
            4.8769221,
            52.3740066
          ],
          [
            4.8769261,
            52.3739201
          ]
        ]
      },
      "id": "way/1308584533"
    },
    {
      "type": "Feature",
      "properties": {
        "@id": "way/1308584534",
        "boat": "yes",
        "check_date": "2024-03-16",
        "name": "Lijnbaansgracht",
        "waterway": "canal"
      },
      "geometry": {
        "type": "LineString",
        "coordinates": [
          [
            4.8769261,
            52.3739201
          ],
          [
            4.8769011,
            52.3738515
          ],
          [
            4.8768205,
            52.3737199
          ]
        ]
      },
      "id": "way/1308584534"
    },
    {
      "type": "Feature",
      "properties": {
        "@id": "way/1308584535",
        "boat": "yes",
        "name": "Lijnbaansgracht",
        "waterway": "canal"
      },
      "geometry": {
        "type": "LineString",
        "coordinates": [
          [
            4.8782616,
            52.3762484
          ],
          [
            4.877608,
            52.3752153
          ]
        ]
      },
      "id": "way/1308584535"
    },
    {
      "type": "Feature",
      "properties": {
        "@id": "way/1308584536",
        "boat": "yes",
        "name": "Lijnbaansgracht",
        "seamark:bridge:category": "yes",
        "waterway": "canal"
      },
      "geometry": {
        "type": "LineString",
        "coordinates": [
          [
            4.8782787,
            52.3762754
          ],
          [
            4.8782616,
            52.3762484
          ]
        ]
      },
      "id": "way/1308584536"
    },
    {
      "type": "Feature",
      "properties": {
        "@id": "way/1308584537",
        "boat": "yes",
        "name": "Lijnbaansgracht",
        "seamark:bridge:category": "yes",
        "waterway": "canal"
      },
      "geometry": {
        "type": "LineString",
        "coordinates": [
          [
            4.8792499,
            52.377779
          ],
          [
            4.8791391,
            52.3776089
          ]
        ]
      },
      "id": "way/1308584537"
    },
    {
      "type": "Feature",
      "properties": {
        "@id": "way/1308584538",
        "boat": "yes",
        "name": "Lijnbaansgracht",
        "waterway": "canal"
      },
      "geometry": {
        "type": "LineString",
        "coordinates": [
          [
            4.8791391,
            52.3776089
          ],
          [
            4.8785581,
            52.376717
          ],
          [
            4.8782787,
            52.3762754
          ]
        ]
      },
      "id": "way/1308584538"
    },
    {
      "type": "Feature",
      "properties": {
        "@id": "way/1308584539",
        "boat": "yes",
        "name": "Lijnbaansgracht",
        "seamark:bridge:category": "yes",
        "waterway": "canal"
      },
      "geometry": {
        "type": "LineString",
        "coordinates": [
          [
            4.8811777,
            52.3808473
          ],
          [
            4.881111,
            52.3807424
          ]
        ]
      },
      "id": "way/1308584539"
    },
    {
      "type": "Feature",
      "properties": {
        "@id": "way/1308584540",
        "boat": "yes",
        "name": "Lijnbaansgracht",
        "waterway": "canal"
      },
      "geometry": {
        "type": "LineString",
        "coordinates": [
          [
            4.882986,
            52.3835826
          ],
          [
            4.8828713,
            52.3835577
          ],
          [
            4.8811777,
            52.3808473
          ]
        ]
      },
      "id": "way/1308584540"
    },
    {
      "type": "Feature",
      "properties": {
        "@id": "way/1308584541",
        "boat": "yes",
        "name": "Egelantiersgracht",
        "tourism": "attraction",
        "waterway": "canal"
      },
      "geometry": {
        "type": "LineString",
        "coordinates": [
          [
            4.8778213,
            52.3751988
          ],
          [
            4.8805043,
            52.3757829
          ]
        ]
      },
      "id": "way/1308584541"
    },
    {
      "type": "Feature",
      "properties": {
        "@id": "way/1308584542",
        "boat": "yes",
        "name": "Egelantiersgracht",
        "seamark:bridge:category": "yes",
        "tourism": "attraction",
        "waterway": "canal"
      },
      "geometry": {
        "type": "LineString",
        "coordinates": [
          [
            4.8805043,
            52.3757829
          ],
          [
            4.8806082,
            52.3758058
          ]
        ]
      },
      "id": "way/1308584542"
    },
    {
      "type": "Feature",
      "properties": {
        "@id": "way/1308584543",
        "boat": "yes",
        "name": "Egelantiersgracht",
        "tourism": "attraction",
        "waterway": "canal"
      },
      "geometry": {
        "type": "LineString",
        "coordinates": [
          [
            4.877608,
            52.3752153
          ],
          [
            4.8777016,
            52.3752081
          ]
        ]
      },
      "id": "way/1308584543"
    },
    {
      "type": "Feature",
      "properties": {
        "@id": "way/1308584544",
        "boat": "yes",
        "name": "Egelantiersgracht",
        "seamark:bridge:category": "yes",
        "tourism": "attraction",
        "waterway": "canal"
      },
      "geometry": {
        "type": "LineString",
        "coordinates": [
          [
            4.8823789,
            52.3761877
          ],
          [
            4.8824813,
            52.37621
          ]
        ]
      },
      "id": "way/1308584544"
    },
    {
      "type": "Feature",
      "properties": {
        "@id": "way/1308584545",
        "boat": "yes",
        "name": "Egelantiersgracht",
        "tourism": "attraction",
        "waterway": "canal"
      },
      "geometry": {
        "type": "LineString",
        "coordinates": [
          [
            4.8824813,
            52.37621
          ],
          [
            4.8843279,
            52.3766045
          ],
          [
            4.8844632,
            52.3766101
          ]
        ]
      },
      "id": "way/1308584545"
    },
    {
      "type": "Feature",
      "properties": {
        "@id": "way/1308584546",
        "boat": "yes",
        "name": "Egelantiersgracht",
        "seamark:bridge:category": "yes",
        "tourism": "attraction",
        "waterway": "canal"
      },
      "geometry": {
        "type": "LineString",
        "coordinates": [
          [
            4.8844632,
            52.3766101
          ],
          [
            4.8846036,
            52.376562
          ]
        ]
      },
      "id": "way/1308584546"
    },
    {
      "type": "Feature",
      "properties": {
        "@id": "way/1308584547",
        "boat": "yes",
        "name": "Egelantiersgracht",
        "tourism": "attraction",
        "waterway": "canal"
      },
      "geometry": {
        "type": "LineString",
        "coordinates": [
          [
            4.8846036,
            52.376562
          ],
          [
            4.8847629,
            52.3765112
          ]
        ]
      },
      "id": "way/1308584547"
    },
    {
      "type": "Feature",
      "properties": {
        "@id": "way/1308603119",
        "boat": "yes",
        "name": "Singel",
        "name:uk": "Сінгел",
        "waterway": "canal"
      },
      "geometry": {
        "type": "LineString",
        "coordinates": [
          [
            4.8945323,
            52.3791526
          ],
          [
            4.8948691,
            52.3794022
          ]
        ]
      },
      "id": "way/1308603119"
    },
    {
      "type": "Feature",
      "properties": {
        "@id": "way/1308603120",
        "boat": "yes",
        "lock": "yes",
        "lock_name": "Haarlemmersluis",
        "name": "Singel",
        "name:uk": "Сінгел",
        "seamark:bridge:category": "yes",
        "waterway": "canal"
      },
      "geometry": {
        "type": "LineString",
        "coordinates": [
          [
            4.89406,
            52.3788471
          ],
          [
            4.8945323,
            52.3791526
          ]
        ]
      },
      "id": "way/1308603120"
    },
    {
      "type": "Feature",
      "properties": {
        "@id": "way/1308603121",
        "boat": "yes",
        "name": "Singel",
        "name:uk": "Сінгел",
        "seamark:bridge:category": "yes",
        "waterway": "canal"
      },
      "geometry": {
        "type": "LineString",
        "coordinates": [
          [
            4.8948691,
            52.3794022
          ],
          [
            4.8952173,
            52.3796482
          ]
        ]
      },
      "id": "way/1308603121"
    },
    {
      "type": "Feature",
      "properties": {
        "@id": "way/1308603122",
        "boat": "yes",
        "name": "Open Havenfront",
        "seamark:bridge:category": "yes",
        "waterway": "canal"
      },
      "geometry": {
        "type": "LineString",
        "coordinates": [
          [
            4.8958409,
            52.3796545
          ],
          [
            4.8959492,
            52.3795978
          ]
        ]
      },
      "id": "way/1308603122"
    },
    {
      "type": "Feature",
      "properties": {
        "@id": "way/1308603123",
        "boat": "yes",
        "name": "Open Havenfront",
        "waterway": "canal"
      },
      "geometry": {
        "type": "LineString",
        "coordinates": [
          [
            4.8954305,
            52.3798326
          ],
          [
            4.8958409,
            52.3796545
          ]
        ]
      },
      "id": "way/1308603123"
    },
    {
      "type": "Feature",
      "properties": {
        "@id": "way/1308603124",
        "boat": "yes",
        "layer": "-1",
        "motorboat": "yes",
        "name": "Westertoegang",
        "oneway": "yes",
        "seamark:bridge:category": "yes",
        "waterway": "canal"
      },
      "geometry": {
        "type": "LineString",
        "coordinates": [
          [
            4.8954305,
            52.3798326
          ],
          [
            4.895879,
            52.3800724
          ],
          [
            4.8965321,
            52.3807699
          ],
          [
            4.8967159,
            52.3809656
          ],
          [
            4.8971544,
            52.3814084
          ],
          [
            4.8972633,
            52.3815808
          ]
        ]
      },
      "id": "way/1308603124"
    },
    {
      "type": "Feature",
      "properties": {
        "@id": "way/1308603126",
        "CEMT": "III",
        "boat": "yes",
        "name": "Westerdoksluis",
        "waterway": "canal"
      },
      "geometry": {
        "type": "LineString",
        "coordinates": [
          [
            4.8914748,
            52.3830531
          ],
          [
            4.8922232,
            52.3829366
          ]
        ]
      },
      "id": "way/1308603126"
    },
    {
      "type": "Feature",
      "properties": {
        "@id": "way/1322597398",
        "boat": "yes",
        "name": "Lijnbaansgracht",
        "seamark:bridge:category": "yes",
        "seamark:bridge:clearance_height": "1.560",
        "seamark:bridge:clearance_width": "8.78",
        "waterway": "canal"
      },
      "geometry": {
        "type": "LineString",
        "coordinates": [
          [
            4.8763606,
            52.3724888
          ],
          [
            4.8762501,
            52.372149
          ]
        ]
      },
      "id": "way/1322597398"
    },
    {
      "type": "Feature",
      "properties": {
        "@id": "way/1322599231",
        "canoe": "yes",
        "motorboat": "yes",
        "name": "Keizersgracht",
        "name:nl": "Keizersgracht",
        "name:uk": "Кейзерсграхт",
        "waterway": "canal"
      },
      "geometry": {
        "type": "LineString",
        "coordinates": [
          [
            4.8847035,
            52.3704008
          ],
          [
            4.8848728,
            52.372309
          ]
        ]
      },
      "id": "way/1322599231"
    },
    {
      "type": "Feature",
      "properties": {
        "@id": "way/1322599232",
        "canoe": "yes",
        "motorboat": "yes",
        "name": "Keizersgracht",
        "name:nl": "Keizersgracht",
        "name:uk": "Кейзерсграхт",
        "seamark:bridge:category": "yes",
        "waterway": "canal"
      },
      "geometry": {
        "type": "LineString",
        "coordinates": [
          [
            4.8846949,
            52.370305
          ],
          [
            4.8847035,
            52.3704008
          ]
        ]
      },
      "id": "way/1322599232"
    },
    {
      "type": "Feature",
      "properties": {
        "@id": "way/1322599233",
        "canoe": "yes",
        "motorboat": "yes",
        "name": "Keizersgracht",
        "name:nl": "Keizersgracht",
        "name:uk": "Кейзерсграхт",
        "seamark:bridge:category": "yes",
        "waterway": "canal"
      },
      "geometry": {
        "type": "LineString",
        "coordinates": [
          [
            4.8847788,
            52.3669612
          ],
          [
            4.8847063,
            52.3670359
          ]
        ]
      },
      "id": "way/1322599233"
    },
    {
      "type": "Feature",
      "properties": {
        "@id": "way/1322599234",
        "canoe": "yes",
        "motorboat": "yes",
        "name": "Keizersgracht",
        "name:nl": "Keizersgracht",
        "name:uk": "Кейзерсграхт",
        "waterway": "canal"
      },
      "geometry": {
        "type": "LineString",
        "coordinates": [
          [
            4.8847063,
            52.3670359
          ],
          [
            4.8845015,
            52.3672636
          ],
          [
            4.8844414,
            52.3675425
          ],
          [
            4.8845575,
            52.368808
          ]
        ]
      },
      "id": "way/1322599234"
    },
    {
      "type": "Feature",
      "properties": {
        "@id": "way/1322599235",
        "canoe": "yes",
        "motorboat": "yes",
        "name": "Leidsegracht",
        "waterway": "canal",
        "wikidata": "Q657507"
      },
      "geometry": {
        "type": "LineString",
        "coordinates": [
          [
            4.8850568,
            52.3669713
          ],
          [
            4.8848515,
            52.3668992
          ]
        ]
      },
      "id": "way/1322599235"
    },
    {
      "type": "Feature",
      "properties": {
        "@id": "way/1322599236",
        "canoe": "yes",
        "motorboat": "yes",
        "name": "Leidsegracht",
        "seamark:bridge:category": "yes",
        "waterway": "canal",
        "wikidata": "Q657507"
      },
      "geometry": {
        "type": "LineString",
        "coordinates": [
          [
            4.8851685,
            52.3670105
          ],
          [
            4.8850568,
            52.3669713
          ]
        ]
      },
      "id": "way/1322599236"
    },
    {
      "type": "Feature",
      "properties": {
        "@id": "way/1322599237",
        "canoe": "yes",
        "motorboat": "yes",
        "name": "Leidsegracht",
        "waterway": "canal",
        "wikidata": "Q657507"
      },
      "geometry": {
        "type": "LineString",
        "coordinates": [
          [
            4.8865054,
            52.3674796
          ],
          [
            4.8851685,
            52.3670105
          ]
        ]
      },
      "id": "way/1322599237"
    },
    {
      "type": "Feature",
      "properties": {
        "@id": "way/1322599238",
        "canoe": "yes",
        "motorboat": "yes",
        "name": "Leidsegracht",
        "seamark:bridge:category": "yes",
        "waterway": "canal",
        "wikidata": "Q657507"
      },
      "geometry": {
        "type": "LineString",
        "coordinates": [
          [
            4.8866218,
            52.3675337
          ],
          [
            4.8865054,
            52.3674796
          ]
        ]
      },
      "id": "way/1322599238"
    },
    {
      "type": "Feature",
      "properties": {
        "@id": "way/1322599239",
        "canoe": "yes",
        "motorboat": "yes",
        "name": "Leidsegracht",
        "waterway": "canal",
        "wikidata": "Q657507"
      },
      "geometry": {
        "type": "LineString",
        "coordinates": [
          [
            4.8867832,
            52.3676163
          ],
          [
            4.8866218,
            52.3675337
          ]
        ]
      },
      "id": "way/1322599239"
    },
    {
      "type": "Feature",
      "properties": {
        "@id": "way/1322599240",
        "canoe": "yes",
        "motorboat": "yes",
        "name": "Herengracht",
        "name:nl": "Herengracht",
        "name:uk": "Геренграхт",
        "waterway": "canal",
        "wikidata": "Q2623129",
        "wikipedia": "nl:Herengracht (Amsterdam)"
      },
      "geometry": {
        "type": "LineString",
        "coordinates": [
          [
            4.8867186,
            52.368085
          ],
          [
            4.886705,
            52.3677652
          ],
          [
            4.8867832,
            52.3676163
          ]
        ]
      },
      "id": "way/1322599240"
    },
    {
      "type": "Feature",
      "properties": {
        "@id": "way/1322599241",
        "canoe": "yes",
        "motorboat": "yes",
        "name": "Herengracht",
        "name:nl": "Herengracht",
        "name:uk": "Геренграхт",
        "waterway": "canal",
        "wikidata": "Q2623129",
        "wikipedia": "nl:Herengracht (Amsterdam)"
      },
      "geometry": {
        "type": "LineString",
        "coordinates": [
          [
            4.8867602,
            52.3687402
          ],
          [
            4.8867186,
            52.368085
          ]
        ]
      },
      "id": "way/1322599241"
    },
    {
      "type": "Feature",
      "properties": {
        "@id": "way/1322599242",
        "canoe": "yes",
        "motorboat": "yes",
        "name": "Herengracht",
        "name:nl": "Herengracht",
        "name:uk": "Геренграхт",
        "seamark:bridge:category": "yes",
        "waterway": "canal",
        "wikidata": "Q2623129",
        "wikipedia": "nl:Herengracht (Amsterdam)"
      },
      "geometry": {
        "type": "LineString",
        "coordinates": [
          [
            4.8867651,
            52.3688262
          ],
          [
            4.8867602,
            52.3687402
          ]
        ]
      },
      "id": "way/1322599242"
    },
    {
      "type": "Feature",
      "properties": {
        "@id": "way/1322599243",
        "canoe": "yes",
        "motorboat": "yes",
        "name": "Herengracht",
        "name:nl": "Herengracht",
        "name:uk": "Геренграхт",
        "waterway": "canal",
        "wikidata": "Q2623129",
        "wikipedia": "nl:Herengracht (Amsterdam)"
      },
      "geometry": {
        "type": "LineString",
        "coordinates": [
          [
            4.8868987,
            52.370227
          ],
          [
            4.8867651,
            52.3688262
          ]
        ]
      },
      "id": "way/1322599243"
    },
    {
      "type": "Feature",
      "properties": {
        "@id": "way/1322599244",
        "canoe": "yes",
        "motorboat": "yes",
        "name": "Herengracht",
        "name:nl": "Herengracht",
        "name:uk": "Геренграхт",
        "seamark:bridge:category": "yes",
        "waterway": "canal",
        "wikidata": "Q2623129",
        "wikipedia": "nl:Herengracht (Amsterdam)"
      },
      "geometry": {
        "type": "LineString",
        "coordinates": [
          [
            4.8869088,
            52.3703117
          ],
          [
            4.8868987,
            52.370227
          ]
        ]
      },
      "id": "way/1322599244"
    },
    {
      "type": "Feature",
      "properties": {
        "@id": "way/1322599245",
        "canoe": "yes",
        "motorboat": "yes",
        "name": "Herengracht",
        "name:nl": "Herengracht",
        "name:uk": "Геренграхт",
        "waterway": "canal",
        "wikidata": "Q2623129",
        "wikipedia": "nl:Herengracht (Amsterdam)"
      },
      "geometry": {
        "type": "LineString",
        "coordinates": [
          [
            4.8870862,
            52.3722263
          ],
          [
            4.8869088,
            52.3703117
          ]
        ]
      },
      "id": "way/1322599245"
    },
    {
      "type": "Feature",
      "properties": {
        "@id": "way/1322599246",
        "canoe": "yes",
        "motorboat": "yes",
        "name": "Herengracht",
        "name:nl": "Herengracht",
        "name:uk": "Геренграхт",
        "seamark:bridge:category": "yes",
        "waterway": "canal",
        "wikidata": "Q2623129",
        "wikipedia": "nl:Herengracht (Amsterdam)"
      },
      "geometry": {
        "type": "LineString",
        "coordinates": [
          [
            4.8870933,
            52.3723057
          ],
          [
            4.8870862,
            52.3722263
          ]
        ]
      },
      "id": "way/1322599246"
    },
    {
      "type": "Feature",
      "properties": {
        "@id": "way/1322599247",
        "canoe": "yes",
        "motorboat": "yes",
        "name": "Herengracht",
        "name:nl": "Herengracht",
        "name:uk": "Геренграхт",
        "waterway": "canal",
        "wikidata": "Q2623129",
        "wikipedia": "nl:Herengracht (Amsterdam)"
      },
      "geometry": {
        "type": "LineString",
        "coordinates": [
          [
            4.8871796,
            52.3732774
          ],
          [
            4.8870933,
            52.3723057
          ]
        ]
      },
      "id": "way/1322599247"
    },
    {
      "type": "Feature",
      "properties": {
        "@id": "way/1322599248",
        "canoe": "yes",
        "motorboat": "yes",
        "name": "Herengracht",
        "name:nl": "Herengracht",
        "name:uk": "Геренграхт",
        "seamark:bridge:category": "yes",
        "waterway": "canal",
        "wikidata": "Q2623129",
        "wikipedia": "nl:Herengracht (Amsterdam)"
      },
      "geometry": {
        "type": "LineString",
        "coordinates": [
          [
            4.8872069,
            52.3735225
          ],
          [
            4.8871796,
            52.3732774
          ]
        ]
      },
      "id": "way/1322599248"
    },
    {
      "type": "Feature",
      "properties": {
        "@id": "way/1322599249",
        "boat": "yes",
        "canoe": "yes",
        "motorboat": "yes",
        "name": "Herengracht",
        "name:nl": "Herengracht",
        "name:uk": "Геренграхт",
        "waterway": "canal",
        "wikidata": "Q2623129",
        "wikipedia": "nl:Herengracht (Amsterdam)"
      },
      "geometry": {
        "type": "LineString",
        "coordinates": [
          [
            4.8879718,
            52.374802
          ],
          [
            4.8879024,
            52.3747258
          ],
          [
            4.8872465,
            52.3740074
          ],
          [
            4.8872069,
            52.3735225
          ]
        ]
      },
      "id": "way/1322599249"
    },
    {
      "type": "Feature",
      "properties": {
        "@id": "way/1322601094",
        "boat": "yes",
        "motorboat": "no",
        "name": "Beulingsloot",
        "waterway": "canal",
        "wikidata": "Q15845174"
      },
      "geometry": {
        "type": "LineString",
        "coordinates": [
          [
            4.8870497,
            52.3681595
          ],
          [
            4.887322,
            52.3682543
          ],
          [
            4.8877111,
            52.3683853
          ]
        ]
      },
      "id": "way/1322601094"
    },
    {
      "type": "Feature",
      "properties": {
        "@id": "way/1322601095",
        "boat": "yes",
        "motorboat": "no",
        "name": "Beulingsloot",
        "waterway": "canal",
        "wikidata": "Q15845174"
      },
      "geometry": {
        "type": "LineString",
        "coordinates": [
          [
            4.8878621,
            52.3684394
          ],
          [
            4.8880283,
            52.3685134
          ]
        ]
      },
      "id": "way/1322601095"
    },
    {
      "type": "Feature",
      "properties": {
        "@id": "way/1322601096",
        "boat": "yes",
        "motorboat": "no",
        "name": "Beulingsloot",
        "seamark:bridge:category": "yes",
        "waterway": "canal",
        "wikidata": "Q15845174"
      },
      "geometry": {
        "type": "LineString",
        "coordinates": [
          [
            4.8877111,
            52.3683853
          ],
          [
            4.8878621,
            52.3684394
          ]
        ]
      },
      "id": "way/1322601096"
    },
    {
      "type": "Feature",
      "properties": {
        "@id": "way/1322601097",
        "boat": "yes",
        "name": "Singel",
        "name:nl": "Singel",
        "name:uk": "Сінгел",
        "note": "layer -1 is noet apprpriate, this is a normal canal under a bridge.",
        "seamark:bridge:category": "yes",
        "waterway": "canal"
      },
      "geometry": {
        "type": "LineString",
        "coordinates": [
          [
            4.8878551,
            52.3687168
          ],
          [
            4.8878395,
            52.3688053
          ]
        ]
      },
      "id": "way/1322601097"
    },
    {
      "type": "Feature",
      "properties": {
        "@id": "way/1322601098",
        "boat": "yes",
        "name": "Singel",
        "name:nl": "Singel",
        "name:uk": "Сінгел",
        "note": "layer -1 is noet apprpriate, this is a normal canal under a bridge.",
        "waterway": "canal"
      },
      "geometry": {
        "type": "LineString",
        "coordinates": [
          [
            4.8878395,
            52.3688053
          ],
          [
            4.8880927,
            52.3701399
          ]
        ]
      },
      "id": "way/1322601098"
    },
    {
      "type": "Feature",
      "properties": {
        "@id": "way/1322601099",
        "boat": "yes",
        "name": "Singel",
        "name:nl": "Singel",
        "name:uk": "Сінгел",
        "note": "layer -1 is noet apprpriate, this is a normal canal under a bridge.",
        "seamark:bridge:category": "yes",
        "waterway": "canal"
      },
      "geometry": {
        "type": "LineString",
        "coordinates": [
          [
            4.8880927,
            52.3701399
          ],
          [
            4.8881121,
            52.3702421
          ]
        ]
      },
      "id": "way/1322601099"
    },
    {
      "type": "Feature",
      "properties": {
        "@id": "way/1322601100",
        "boat": "yes",
        "name": "Singel",
        "name:nl": "Singel",
        "name:uk": "Сінгел",
        "note": "layer -1 is noet apprpriate, this is a normal canal under a bridge.",
        "waterway": "canal"
      },
      "geometry": {
        "type": "LineString",
        "coordinates": [
          [
            4.8881121,
            52.3702421
          ],
          [
            4.8884786,
            52.3721334
          ]
        ]
      },
      "id": "way/1322601100"
    },
    {
      "type": "Feature",
      "properties": {
        "@id": "way/1322601101",
        "boat": "yes",
        "name": "Singel",
        "name:nl": "Singel",
        "name:uk": "Сінгел",
        "note": "layer -1 is noet apprpriate, this is a normal canal under a bridge.",
        "seamark:bridge:category": "yes",
        "waterway": "canal"
      },
      "geometry": {
        "type": "LineString",
        "coordinates": [
          [
            4.8884786,
            52.3721334
          ],
          [
            4.8884978,
            52.3722496
          ]
        ]
      },
      "id": "way/1322601101"
    },
    {
      "type": "Feature",
      "properties": {
        "@id": "way/1322601102",
        "boat": "yes",
        "name": "Singel",
        "name:nl": "Singel",
        "name:uk": "Сінгел",
        "note": "layer -1 is noet apprpriate, this is a normal canal under a bridge.",
        "waterway": "canal"
      },
      "geometry": {
        "type": "LineString",
        "coordinates": [
          [
            4.8888796,
            52.3733811
          ],
          [
            4.8893133,
            52.3744522
          ]
        ]
      },
      "id": "way/1322601102"
    },
    {
      "type": "Feature",
      "properties": {
        "@id": "way/1322601103",
        "boat": "yes",
        "name": "Singel",
        "name:nl": "Singel",
        "name:uk": "Сінгел",
        "note": "layer -1 is noet apprpriate, this is a normal canal under a bridge.",
        "seamark:bridge:category": "yes",
        "waterway": "canal"
      },
      "geometry": {
        "type": "LineString",
        "coordinates": [
          [
            4.888817,
            52.3731379
          ],
          [
            4.8888796,
            52.3733811
          ]
        ]
      },
      "id": "way/1322601103"
    },
    {
      "type": "Feature",
      "properties": {
        "@id": "way/1322607376",
        "canoe": "yes",
        "motorboat": "yes",
        "name": "Looiersgracht",
        "waterway": "canal"
      },
      "geometry": {
        "type": "LineString",
        "coordinates": [
          [
            4.8814136,
            52.3685054
          ],
          [
            4.8822389,
            52.3687666
          ]
        ]
      },
      "id": "way/1322607376"
    },
    {
      "type": "Feature",
      "properties": {
        "@id": "way/1322607377",
        "canoe": "yes",
        "motorboat": "yes",
        "name": "Looiersgracht",
        "waterway": "canal"
      },
      "geometry": {
        "type": "LineString",
        "coordinates": [
          [
            4.882408,
            52.3687609
          ],
          [
            4.8825886,
            52.368758
          ]
        ]
      },
      "id": "way/1322607377"
    },
    {
      "type": "Feature",
      "properties": {
        "@id": "way/1322607378",
        "canoe": "yes",
        "motorboat": "yes",
        "name": "Looiersgracht",
        "seamark:bridge:category": "yes",
        "waterway": "canal"
      },
      "geometry": {
        "type": "LineString",
        "coordinates": [
          [
            4.8813637,
            52.3684891
          ],
          [
            4.8814136,
            52.3685054
          ]
        ]
      },
      "id": "way/1322607378"
    },
    {
      "type": "Feature",
      "properties": {
        "@id": "way/1322607379",
        "canoe": "yes",
        "motorboat": "yes",
        "name": "Looiersgracht",
        "waterway": "canal"
      },
      "geometry": {
        "type": "LineString",
        "coordinates": [
          [
            4.8792741,
            52.3678055
          ],
          [
            4.8813637,
            52.3684891
          ]
        ]
      },
      "id": "way/1322607379"
    },
    {
      "type": "Feature",
      "properties": {
        "@id": "way/1322607380",
        "canoe": "yes",
        "motorboat": "yes",
        "name": "Looiersgracht",
        "seamark:bridge:category": "yes",
        "waterway": "canal"
      },
      "geometry": {
        "type": "LineString",
        "coordinates": [
          [
            4.879171,
            52.3677773
          ],
          [
            4.8792741,
            52.3678055
          ]
        ]
      },
      "id": "way/1322607380"
    },
    {
      "type": "Feature",
      "properties": {
        "@id": "way/1322607381",
        "canoe": "yes",
        "motorboat": "yes",
        "name": "Looiersgracht",
        "waterway": "canal"
      },
      "geometry": {
        "type": "LineString",
        "coordinates": [
          [
            4.8790684,
            52.3677483
          ],
          [
            4.879171,
            52.3677773
          ]
        ]
      },
      "id": "way/1322607381"
    },
    {
      "type": "Feature",
      "properties": {
        "@id": "way/1322607382",
        "boat": "yes",
        "name": "Lijnbaansgracht",
        "waterway": "canal"
      },
      "geometry": {
        "type": "LineString",
        "coordinates": [
          [
            4.8790684,
            52.3677483
          ],
          [
            4.879807,
            52.3667035
          ]
        ]
      },
      "id": "way/1322607382"
    },
    {
      "type": "Feature",
      "properties": {
        "@id": "way/1322607383",
        "boat": "yes",
        "name": "Lijnbaansgracht",
        "seamark:bridge:category": "yes",
        "waterway": "canal"
      },
      "geometry": {
        "type": "LineString",
        "coordinates": [
          [
            4.8782459,
            52.3689158
          ],
          [
            4.8783398,
            52.3687735
          ]
        ]
      },
      "id": "way/1322607383"
    },
    {
      "type": "Feature",
      "properties": {
        "@id": "way/1322607384",
        "boat": "yes",
        "name": "Lijnbaansgracht",
        "waterway": "canal"
      },
      "geometry": {
        "type": "LineString",
        "coordinates": [
          [
            4.8771753,
            52.3704571
          ],
          [
            4.8782459,
            52.3689158
          ]
        ]
      },
      "id": "way/1322607384"
    },
    {
      "type": "Feature",
      "properties": {
        "@id": "way/1322607385",
        "boat": "yes",
        "name": "Lijnbaansgracht",
        "waterway": "canal"
      },
      "geometry": {
        "type": "LineString",
        "coordinates": [
          [
            4.8783398,
            52.3687735
          ],
          [
            4.8790684,
            52.3677483
          ]
        ]
      },
      "id": "way/1322607385"
    },
    {
      "type": "Feature",
      "properties": {
        "@id": "way/1322607386",
        "boat": "yes",
        "canoe": "yes",
        "motorboat": "yes",
        "name": "Singelgracht",
        "name:nl": "Singelgracht",
        "name:uk": "Сінгелграхт",
        "note": "(Buiten)singelgracht / Nassaukade",
        "seamark:bridge:category": "yes",
        "waterway": "canal"
      },
      "geometry": {
        "type": "LineString",
        "coordinates": [
          [
            4.8768798,
            52.3683727
          ],
          [
            4.8766878,
            52.368657
          ]
        ]
      },
      "id": "way/1322607386"
    },
    {
      "type": "Feature",
      "properties": {
        "@id": "way/1322607387",
        "boat": "yes",
        "canoe": "yes",
        "motorboat": "yes",
        "name": "Singelgracht",
        "name:nl": "Singelgracht",
        "name:uk": "Сінгелграхт",
        "note": "(Buiten)singelgracht / Nassaukade",
        "waterway": "canal"
      },
      "geometry": {
        "type": "LineString",
        "coordinates": [
          [
            4.8766878,
            52.368657
          ],
          [
            4.8759655,
            52.3695203
          ],
          [
            4.8754406,
            52.3699956
          ],
          [
            4.8749197,
            52.3709542
          ],
          [
            4.8745728,
            52.3717644
          ]
        ]
      },
      "id": "way/1322607387"
    },
    {
      "type": "Feature",
      "properties": {
        "@id": "way/1322607389",
        "alt_name": "Doorvaart",
        "boat": "yes",
        "intermittent": "no",
        "lock": "no",
        "name": "Doorvaart P-Q",
        "waterway": "canal",
        "wikidata": "Q90909965"
      },
      "geometry": {
        "type": "LineString",
        "coordinates": [
          [
            4.8770461,
            52.3704235
          ],
          [
            4.8771753,
            52.3704571
          ]
        ]
      },
      "id": "way/1322607389"
    },
    {
      "type": "Feature",
      "properties": {
        "@id": "way/1322607390",
        "alt_name": "Doorvaart",
        "boat": "yes",
        "intermittent": "no",
        "lock": "no",
        "name": "Doorvaart P-Q",
        "waterway": "canal",
        "wikidata": "Q90909965"
      },
      "geometry": {
        "type": "LineString",
        "coordinates": [
          [
            4.8754406,
            52.3699956
          ],
          [
            4.8767489,
            52.3703464
          ]
        ]
      },
      "id": "way/1322607390"
    },
    {
      "type": "Feature",
      "properties": {
        "@id": "way/1322607391",
        "canoe": "yes",
        "motorboat": "yes",
        "name": "Lauriergracht",
        "seamark:bridge:category": "yes",
        "waterway": "canal"
      },
      "geometry": {
        "type": "LineString",
        "coordinates": [
          [
            4.8772972,
            52.3704899
          ],
          [
            4.8774203,
            52.370523
          ]
        ]
      },
      "id": "way/1322607391"
    },
    {
      "type": "Feature",
      "properties": {
        "@id": "way/1322607392",
        "canoe": "yes",
        "motorboat": "yes",
        "name": "Lauriergracht",
        "waterway": "canal"
      },
      "geometry": {
        "type": "LineString",
        "coordinates": [
          [
            4.8774203,
            52.370523
          ],
          [
            4.879554,
            52.3710789
          ]
        ]
      },
      "id": "way/1322607392"
    },
    {
      "type": "Feature",
      "properties": {
        "@id": "way/1322607393",
        "canoe": "yes",
        "motorboat": "yes",
        "name": "Lauriergracht",
        "seamark:bridge:category": "yes",
        "waterway": "canal"
      },
      "geometry": {
        "type": "LineString",
        "coordinates": [
          [
            4.879554,
            52.3710789
          ],
          [
            4.8796644,
            52.3711077
          ]
        ]
      },
      "id": "way/1322607393"
    },
    {
      "type": "Feature",
      "properties": {
        "@id": "way/1322607394",
        "canoe": "yes",
        "motorboat": "yes",
        "name": "Lauriergracht",
        "waterway": "canal"
      },
      "geometry": {
        "type": "LineString",
        "coordinates": [
          [
            4.8796644,
            52.3711077
          ],
          [
            4.8825281,
            52.3718537
          ]
        ]
      },
      "id": "way/1322607394"
    },
    {
      "type": "Feature",
      "properties": {
        "@id": "way/1322607395",
        "canoe": "yes",
        "motorboat": "yes",
        "name": "Lauriergracht",
        "seamark:bridge:category": "yes",
        "waterway": "canal"
      },
      "geometry": {
        "type": "LineString",
        "coordinates": [
          [
            4.8825281,
            52.3718537
          ],
          [
            4.8826049,
            52.371851
          ],
          [
            4.8826983,
            52.3718503
          ]
        ]
      },
      "id": "way/1322607395"
    },
    {
      "type": "Feature",
      "properties": {
        "@id": "way/1322607396",
        "canoe": "yes",
        "motorboat": "yes",
        "name": "Lauriergracht",
        "waterway": "canal"
      },
      "geometry": {
        "type": "LineString",
        "coordinates": [
          [
            4.8826983,
            52.3718503
          ],
          [
            4.8828245,
            52.3718494
          ]
        ]
      },
      "id": "way/1322607396"
    },
    {
      "type": "Feature",
      "properties": {
        "@id": "way/1322626474",
        "boat": "yes",
        "name": "Reguliersgracht",
        "seamark:bridge:category": "yes",
        "waterway": "canal",
        "wikidata": "Q12013307"
      },
      "geometry": {
        "type": "LineString",
        "coordinates": [
          [
            4.8962113,
            52.3598794
          ],
          [
            4.8961428,
            52.3597257
          ]
        ]
      },
      "id": "way/1322626474"
    },
    {
      "type": "Feature",
      "properties": {
        "@id": "way/1322626475",
        "boat": "yes",
        "name": "Reguliersgracht",
        "seamark:bridge:category": "yes",
        "waterway": "canal",
        "wikidata": "Q12013307"
      },
      "geometry": {
        "type": "LineString",
        "coordinates": [
          [
            4.8960963,
            52.361493
          ],
          [
            4.8961035,
            52.3613968
          ]
        ]
      },
      "id": "way/1322626475"
    },
    {
      "type": "Feature",
      "properties": {
        "@id": "way/1322626476",
        "boat": "yes",
        "name": "Reguliersgracht",
        "waterway": "canal",
        "wikidata": "Q12013307"
      },
      "geometry": {
        "type": "LineString",
        "coordinates": [
          [
            4.8960873,
            52.3616117
          ],
          [
            4.8960963,
            52.361493
          ]
        ]
      },
      "id": "way/1322626476"
    },
    {
      "type": "Feature",
      "properties": {
        "@id": "way/1322626477",
        "boat": "yes",
        "name": "Reguliersgracht",
        "waterway": "canal",
        "wikidata": "Q12013307"
      },
      "geometry": {
        "type": "LineString",
        "coordinates": [
          [
            4.8960804,
            52.3617303
          ],
          [
            4.8960873,
            52.3616117
          ]
        ]
      },
      "id": "way/1322626477"
    },
    {
      "type": "Feature",
      "properties": {
        "@id": "way/1322626478",
        "CEMT": "0",
        "boat": "yes",
        "name": "Singelgracht",
        "name:nl": "Singelgracht",
        "name:uk": "Сінгелграхт",
        "note": "(Buiten)singelgracht / Stadhouderskade",
        "seamark:bridge:category": "yes",
        "waterway": "canal"
      },
      "geometry": {
        "type": "LineString",
        "coordinates": [
          [
            4.8814208,
            52.3631327
          ],
          [
            4.8812796,
            52.3632416
          ],
          [
            4.8810919,
            52.3633596
          ]
        ]
      },
      "id": "way/1322626478"
    },
    {
      "type": "Feature",
      "properties": {
        "@id": "way/1322626479",
        "CEMT": "0",
        "boat": "yes",
        "name": "Singelgracht",
        "name:nl": "Singelgracht",
        "name:uk": "Сінгелграхт",
        "note": "(Buiten)singelgracht / Stadhouderskade",
        "waterway": "canal"
      },
      "geometry": {
        "type": "LineString",
        "coordinates": [
          [
            4.8808253,
            52.3635272
          ],
          [
            4.8806027,
            52.3636894
          ],
          [
            4.8796652,
            52.3639891
          ]
        ]
      },
      "id": "way/1322626479"
    },
    {
      "type": "Feature",
      "properties": {
        "@id": "way/1322626480",
        "CEMT": "0",
        "boat": "yes",
        "name": "Singelgracht",
        "name:nl": "Singelgracht",
        "name:uk": "Сінгелграхт",
        "note": "(Buiten)singelgracht / Stadhouderskade",
        "seamark:bridge:category": "yes",
        "waterway": "canal"
      },
      "geometry": {
        "type": "LineString",
        "coordinates": [
          [
            4.8822812,
            52.3620269
          ],
          [
            4.8821914,
            52.3620528
          ],
          [
            4.8821271,
            52.3620702
          ]
        ]
      },
      "id": "way/1322626480"
    },
    {
      "type": "Feature",
      "properties": {
        "@id": "way/1322626481",
        "CEMT": "0",
        "boat": "yes",
        "name": "Singelgracht",
        "name:nl": "Singelgracht",
        "name:uk": "Сінгелграхт",
        "note": "(Buiten)singelgracht / Stadhouderskade",
        "waterway": "canal"
      },
      "geometry": {
        "type": "LineString",
        "coordinates": [
          [
            4.8861913,
            52.3608357
          ],
          [
            4.8843827,
            52.3617434
          ],
          [
            4.8840871,
            52.3618349
          ],
          [
            4.8836921,
            52.361886
          ],
          [
            4.8830164,
            52.3619157
          ],
          [
            4.8826124,
            52.3619513
          ],
          [
            4.8822812,
            52.3620269
          ]
        ]
      },
      "id": "way/1322626481"
    },
    {
      "type": "Feature",
      "properties": {
        "@id": "way/1322626482",
        "canoe": "yes",
        "motorboat": "yes",
        "name": "Lijnbaansgracht",
        "waterway": "canal"
      },
      "geometry": {
        "type": "LineString",
        "coordinates": [
          [
            4.886912,
            52.3615679
          ],
          [
            4.8868362,
            52.3616354
          ]
        ]
      },
      "id": "way/1322626482"
    },
    {
      "type": "Feature",
      "properties": {
        "@id": "way/1322626483",
        "canoe": "yes",
        "motorboat": "yes",
        "name": "Lijnbaansgracht",
        "seamark:bridge:category": "yes",
        "waterway": "canal"
      },
      "geometry": {
        "type": "LineString",
        "coordinates": [
          [
            4.8870522,
            52.3615005
          ],
          [
            4.886912,
            52.3615679
          ]
        ]
      },
      "id": "way/1322626483"
    },
    {
      "type": "Feature",
      "properties": {
        "@id": "way/1322626484",
        "canoe": "yes",
        "motorboat": "yes",
        "name": "Spiegelgracht",
        "seamark:bridge:category": "yes",
        "waterway": "canal",
        "wikidata": "Q2590555"
      },
      "geometry": {
        "type": "LineString",
        "coordinates": [
          [
            4.8869936,
            52.3617894
          ],
          [
            4.8869264,
            52.3617198
          ]
        ]
      },
      "id": "way/1322626484"
    },
    {
      "type": "Feature",
      "properties": {
        "@id": "way/1322626485",
        "canoe": "yes",
        "motorboat": "yes",
        "name": "Spiegelgracht",
        "waterway": "canal",
        "wikidata": "Q2590555"
      },
      "geometry": {
        "type": "LineString",
        "coordinates": [
          [
            4.8869264,
            52.3617198
          ],
          [
            4.8868362,
            52.3616354
          ]
        ]
      },
      "id": "way/1322626485"
    },
    {
      "type": "Feature",
      "properties": {
        "@id": "way/1322626486",
        "canoe": "yes",
        "motorboat": "yes",
        "name": "Spiegelgracht",
        "seamark:bridge:category": "yes",
        "waterway": "canal",
        "wikidata": "Q2590555"
      },
      "geometry": {
        "type": "LineString",
        "coordinates": [
          [
            4.8877977,
            52.3626659
          ],
          [
            4.8876965,
            52.3625661
          ]
        ]
      },
      "id": "way/1322626486"
    },
    {
      "type": "Feature",
      "properties": {
        "@id": "way/1322626487",
        "canoe": "yes",
        "motorboat": "yes",
        "name": "Spiegelgracht",
        "waterway": "canal",
        "wikidata": "Q2590555"
      },
      "geometry": {
        "type": "LineString",
        "coordinates": [
          [
            4.8878863,
            52.3627347
          ],
          [
            4.8877977,
            52.3626659
          ]
        ]
      },
      "id": "way/1322626487"
    },
    {
      "type": "Feature",
      "properties": {
        "@id": "way/1322626488",
        "CEMT": "0",
        "boat": "yes",
        "name": "Prinsengracht",
        "name:nl": "Prinsengracht",
        "name:uk": "Принсенграхт",
        "oneway": "yes",
        "seamark:bridge:category": "yes",
        "waterway": "canal"
      },
      "geometry": {
        "type": "LineString",
        "coordinates": [
          [
            4.8960873,
            52.3616117
          ],
          [
            4.8962707,
            52.3616225
          ],
          [
            4.8963708,
            52.3616289
          ]
        ]
      },
      "id": "way/1322626488"
    },
    {
      "type": "Feature",
      "properties": {
        "@id": "way/1322626489",
        "CEMT": "0",
        "boat": "yes",
        "name": "Prinsengracht",
        "name:nl": "Prinsengracht",
        "name:uk": "Принсенграхт",
        "oneway": "yes",
        "waterway": "canal"
      },
      "geometry": {
        "type": "LineString",
        "coordinates": [
          [
            4.8919751,
            52.362139
          ],
          [
            4.8957733,
            52.3616096
          ],
          [
            4.8960873,
            52.3616117
          ]
        ]
      },
      "id": "way/1322626489"
    },
    {
      "type": "Feature",
      "properties": {
        "@id": "way/1322626490",
        "CEMT": "0",
        "boat": "yes",
        "name": "Prinsengracht",
        "name:nl": "Prinsengracht",
        "name:uk": "Принсенграхт",
        "oneway": "yes",
        "waterway": "canal"
      },
      "geometry": {
        "type": "LineString",
        "coordinates": [
          [
            4.888096,
            52.3626654
          ],
          [
            4.8915402,
            52.3622006
          ]
        ]
      },
      "id": "way/1322626490"
    },
    {
      "type": "Feature",
      "properties": {
        "@id": "way/1322626491",
        "CEMT": "0",
        "boat": "yes",
        "name": "Prinsengracht",
        "name:nl": "Prinsengracht",
        "name:uk": "Принсенграхт",
        "oneway": "yes",
        "seamark:bridge:category": "yes",
        "waterway": "canal"
      },
      "geometry": {
        "type": "LineString",
        "coordinates": [
          [
            4.8915402,
            52.3622006
          ],
          [
            4.8917129,
            52.3621772
          ],
          [
            4.8919751,
            52.362139
          ]
        ]
      },
      "id": "way/1322626491"
    },
    {
      "type": "Feature",
      "properties": {
        "@id": "way/1322626492",
        "CEMT": "0",
        "boat": "yes",
        "name": "Prinsengracht",
        "name:nl": "Prinsengracht",
        "name:uk": "Принсенграхт",
        "oneway": "yes",
        "seamark:bridge:category": "yes",
        "waterway": "canal"
      },
      "geometry": {
        "type": "LineString",
        "coordinates": [
          [
            4.8878863,
            52.3627347
          ],
          [
            4.888096,
            52.3626654
          ]
        ]
      },
      "id": "way/1322626492"
    },
    {
      "type": "Feature",
      "properties": {
        "@id": "way/1322626493",
        "CEMT": "0",
        "boat": "yes",
        "name": "Prinsengracht",
        "name:nl": "Prinsengracht",
        "name:uk": "Принсенграхт",
        "oneway": "yes",
        "seamark:bridge:category": "yes",
        "waterway": "canal"
      },
      "geometry": {
        "type": "LineString",
        "coordinates": [
          [
            4.8843386,
            52.3651257
          ],
          [
            4.884471,
            52.365036
          ],
          [
            4.8846084,
            52.3649434
          ]
        ]
      },
      "id": "way/1322626493"
    },
    {
      "type": "Feature",
      "properties": {
        "@id": "way/1322626494",
        "canoe": "yes",
        "motorboat": "yes",
        "name": "Leidsegracht",
        "waterway": "canal",
        "wikidata": "Q657507"
      },
      "geometry": {
        "type": "LineString",
        "coordinates": [
          [
            4.8807118,
            52.3654208
          ],
          [
            4.8803093,
            52.3652781
          ]
        ]
      },
      "id": "way/1322626494"
    },
    {
      "type": "Feature",
      "properties": {
        "@id": "way/1322626495",
        "canoe": "yes",
        "motorboat": "yes",
        "name": "Leidsegracht",
        "waterway": "canal",
        "wikidata": "Q657507"
      },
      "geometry": {
        "type": "LineString",
        "coordinates": [
          [
            4.8824783,
            52.366062
          ],
          [
            4.8809734,
            52.3655128
          ]
        ]
      },
      "id": "way/1322626495"
    },
    {
      "type": "Feature",
      "properties": {
        "@id": "way/1322626496",
        "canoe": "yes",
        "motorboat": "yes",
        "name": "Leidsegracht",
        "seamark:bridge:category": "yes",
        "waterway": "canal",
        "wikidata": "Q657507"
      },
      "geometry": {
        "type": "LineString",
        "coordinates": [
          [
            4.8803093,
            52.3652781
          ],
          [
            4.8800797,
            52.3652018
          ]
        ]
      },
      "id": "way/1322626496"
    },
    {
      "type": "Feature",
      "properties": {
        "@id": "way/1322626497",
        "canoe": "yes",
        "motorboat": "yes",
        "name": "Leidsegracht",
        "waterway": "canal",
        "wikidata": "Q657507"
      },
      "geometry": {
        "type": "LineString",
        "coordinates": [
          [
            4.8800797,
            52.3652018
          ],
          [
            4.8796627,
            52.3650726
          ],
          [
            4.8792688,
            52.3649914
          ]
        ]
      },
      "id": "way/1322626497"
    },
    {
      "type": "Feature",
      "properties": {
        "@id": "way/1322626498",
        "boat": "yes",
        "name": "Passeerdersgracht",
        "waterway": "canal",
        "wikidata": "Q2511759"
      },
      "geometry": {
        "type": "LineString",
        "coordinates": [
          [
            4.8823098,
            52.3674395
          ],
          [
            4.8824711,
            52.3674356
          ]
        ]
      },
      "id": "way/1322626498"
    },
    {
      "type": "Feature",
      "properties": {
        "@id": "way/1322626499",
        "boat": "yes",
        "name": "Passeerdersgracht",
        "waterway": "canal",
        "wikidata": "Q2511759"
      },
      "geometry": {
        "type": "LineString",
        "coordinates": [
          [
            4.8800852,
            52.3667177
          ],
          [
            4.8821313,
            52.3673874
          ]
        ]
      },
      "id": "way/1322626499"
    },
    {
      "type": "Feature",
      "properties": {
        "@id": "way/1322626500",
        "boat": "yes",
        "name": "Passeerdersgracht",
        "seamark:bridge:category": "yes",
        "waterway": "canal",
        "wikidata": "Q2511759"
      },
      "geometry": {
        "type": "LineString",
        "coordinates": [
          [
            4.879947,
            52.3666787
          ],
          [
            4.8800852,
            52.3667177
          ]
        ]
      },
      "id": "way/1322626500"
    },
    {
      "type": "Feature",
      "properties": {
        "@id": "way/1322626501",
        "boat": "yes",
        "name": "Passeerdersgracht",
        "waterway": "canal",
        "wikidata": "Q2511759"
      },
      "geometry": {
        "type": "LineString",
        "coordinates": [
          [
            4.879807,
            52.3667035
          ],
          [
            4.879947,
            52.3666787
          ]
        ]
      },
      "id": "way/1322626501"
    },
    {
      "type": "Feature",
      "properties": {
        "@id": "way/1322626502",
        "canoe": "yes",
        "motorboat": "yes",
        "name": "Leidsegracht",
        "seamark:bridge:category": "yes",
        "waterway": "canal",
        "wikidata": "Q657507"
      },
      "geometry": {
        "type": "LineString",
        "coordinates": [
          [
            4.8825994,
            52.3661061
          ],
          [
            4.8824783,
            52.366062
          ]
        ]
      },
      "id": "way/1322626502"
    },
    {
      "type": "Feature",
      "properties": {
        "@id": "way/1322626503",
        "canoe": "yes",
        "motorboat": "yes",
        "name": "Leidsegracht",
        "waterway": "canal",
        "wikidata": "Q657507"
      },
      "geometry": {
        "type": "LineString",
        "coordinates": [
          [
            4.8827893,
            52.3661752
          ],
          [
            4.8825994,
            52.3661061
          ]
        ]
      },
      "id": "way/1322626503"
    },
    {
      "type": "Feature",
      "properties": {
        "@id": "way/1322626504",
        "CEMT": "0",
        "boat": "yes",
        "name": "Prinsengracht",
        "name:nl": "Prinsengracht",
        "name:uk": "Принсенграхт",
        "oneway": "yes",
        "seamark:type": "separation_lane",
        "waterway": "canal"
      },
      "geometry": {
        "type": "LineString",
        "coordinates": [
          [
            4.8824711,
            52.3674356
          ],
          [
            4.8824136,
            52.3667272
          ],
          [
            4.882645,
            52.366411
          ],
          [
            4.882631,
            52.3663412
          ]
        ]
      },
      "id": "way/1322626504"
    },
    {
      "type": "Feature",
      "properties": {
        "@id": "way/1322626505",
        "CEMT": "0",
        "boat": "yes",
        "name": "Prinsengracht",
        "name:nl": "Prinsengracht",
        "name:uk": "Принсенграхт",
        "oneway": "yes",
        "seamark:bridge:category": "yes",
        "seamark:type": "separation_lane",
        "waterway": "canal"
      },
      "geometry": {
        "type": "LineString",
        "coordinates": [
          [
            4.882631,
            52.3663412
          ],
          [
            4.8826605,
            52.3662725
          ],
          [
            4.8826945,
            52.3662179
          ]
        ]
      },
      "id": "way/1322626505"
    },
    {
      "type": "Feature",
      "properties": {
        "@id": "way/1322626506",
        "CEMT": "0",
        "boat": "yes",
        "name": "Prinsengracht",
        "name:nl": "Prinsengracht",
        "name:uk": "Принсенграхт",
        "oneway": "yes",
        "seamark:type": "separation_lane",
        "waterway": "canal"
      },
      "geometry": {
        "type": "LineString",
        "coordinates": [
          [
            4.8826945,
            52.3662179
          ],
          [
            4.8827893,
            52.3661752
          ]
        ]
      },
      "id": "way/1322626506"
    },
    {
      "type": "Feature",
      "properties": {
        "@id": "way/1322626507",
        "canoe": "yes",
        "motorboat": "yes",
        "name": "Leidsegracht",
        "waterway": "canal",
        "wikidata": "Q657507"
      },
      "geometry": {
        "type": "LineString",
        "coordinates": [
          [
            4.882949,
            52.3662334
          ],
          [
            4.8827893,
            52.3661752
          ]
        ]
      },
      "id": "way/1322626507"
    },
    {
      "type": "Feature",
      "properties": {
        "@id": "way/1322626508",
        "canoe": "yes",
        "motorboat": "yes",
        "name": "Keizersgracht",
        "name:nl": "Keizersgracht",
        "name:uk": "Кейзерсграхт",
        "seamark:bridge:category": "yes",
        "waterway": "canal"
      },
      "geometry": {
        "type": "LineString",
        "coordinates": [
          [
            4.8845575,
            52.368808
          ],
          [
            4.8845661,
            52.3689009
          ]
        ]
      },
      "id": "way/1322626508"
    },
    {
      "type": "Feature",
      "properties": {
        "@id": "way/1322626509",
        "canoe": "yes",
        "motorboat": "yes",
        "name": "Keizersgracht",
        "name:nl": "Keizersgracht",
        "name:uk": "Кейзерсграхт",
        "waterway": "canal"
      },
      "geometry": {
        "type": "LineString",
        "coordinates": [
          [
            4.8845661,
            52.3689009
          ],
          [
            4.8846949,
            52.370305
          ]
        ]
      },
      "id": "way/1322626509"
    },
    {
      "type": "Feature",
      "properties": {
        "@id": "way/1322626510",
        "canoe": "yes",
        "motorboat": "yes",
        "name": "Leidsegracht",
        "seamark:bridge:category": "yes",
        "waterway": "canal",
        "wikidata": "Q657507"
      },
      "geometry": {
        "type": "LineString",
        "coordinates": [
          [
            4.883075,
            52.3662769
          ],
          [
            4.882949,
            52.3662334
          ]
        ]
      },
      "id": "way/1322626510"
    },
    {
      "type": "Feature",
      "properties": {
        "@id": "way/1322626511",
        "canoe": "yes",
        "motorboat": "yes",
        "name": "Leidsegracht",
        "waterway": "canal",
        "wikidata": "Q657507"
      },
      "geometry": {
        "type": "LineString",
        "coordinates": [
          [
            4.8844424,
            52.3667495
          ],
          [
            4.883075,
            52.3662769
          ]
        ]
      },
      "id": "way/1322626511"
    },
    {
      "type": "Feature",
      "properties": {
        "@id": "way/1322626512",
        "canoe": "yes",
        "motorboat": "yes",
        "name": "Leidsegracht",
        "seamark:bridge:category": "yes",
        "waterway": "canal",
        "wikidata": "Q657507"
      },
      "geometry": {
        "type": "LineString",
        "coordinates": [
          [
            4.8846384,
            52.3668158
          ],
          [
            4.8844424,
            52.3667495
          ]
        ]
      },
      "id": "way/1322626512"
    },
    {
      "type": "Feature",
      "properties": {
        "@id": "way/1322626513",
        "canoe": "yes",
        "motorboat": "yes",
        "name": "Leidsegracht",
        "waterway": "canal",
        "wikidata": "Q657507"
      },
      "geometry": {
        "type": "LineString",
        "coordinates": [
          [
            4.8848515,
            52.3668992
          ],
          [
            4.8846384,
            52.3668158
          ]
        ]
      },
      "id": "way/1322626513"
    },
    {
      "type": "Feature",
      "properties": {
        "@id": "way/1322626514",
        "canoe": "yes",
        "motorboat": "yes",
        "name": "Keizersgracht",
        "name:nl": "Keizersgracht",
        "name:uk": "Кейзерсграхт",
        "seamark:bridge:category": "yes",
        "waterway": "canal"
      },
      "geometry": {
        "type": "LineString",
        "coordinates": [
          [
            4.8865795,
            52.3658854
          ],
          [
            4.8863022,
            52.3660427
          ]
        ]
      },
      "id": "way/1322626514"
    },
    {
      "type": "Feature",
      "properties": {
        "@id": "way/1322626515",
        "canoe": "yes",
        "motorboat": "yes",
        "name": "Keizersgracht",
        "name:nl": "Keizersgracht",
        "name:uk": "Кейзерсграхт",
        "waterway": "canal"
      },
      "geometry": {
        "type": "LineString",
        "coordinates": [
          [
            4.8893443,
            52.3642951
          ],
          [
            4.8865795,
            52.3658854
          ]
        ]
      },
      "id": "way/1322626515"
    },
    {
      "type": "Feature",
      "properties": {
        "@id": "way/1322626516",
        "canoe": "yes",
        "motorboat": "yes",
        "name": "Keizersgracht",
        "name:nl": "Keizersgracht",
        "name:uk": "Кейзерсграхт",
        "seamark:bridge:category": "yes",
        "waterway": "canal"
      },
      "geometry": {
        "type": "LineString",
        "coordinates": [
          [
            4.8895222,
            52.3642325
          ],
          [
            4.8893443,
            52.3642951
          ]
        ]
      },
      "id": "way/1322626516"
    },
    {
      "type": "Feature",
      "properties": {
        "@id": "way/1322626517",
        "canoe": "yes",
        "motorboat": "yes",
        "name": "Keizersgracht",
        "name:nl": "Keizersgracht",
        "name:uk": "Кейзерсграхт",
        "waterway": "canal"
      },
      "geometry": {
        "type": "LineString",
        "coordinates": [
          [
            4.8921221,
            52.3638773
          ],
          [
            4.8895222,
            52.3642325
          ]
        ]
      },
      "id": "way/1322626517"
    },
    {
      "type": "Feature",
      "properties": {
        "@id": "way/1322626518",
        "canoe": "yes",
        "motorboat": "yes",
        "name": "Keizersgracht",
        "name:nl": "Keizersgracht",
        "name:uk": "Кейзерсграхт",
        "seamark:bridge:category": "yes",
        "waterway": "canal"
      },
      "geometry": {
        "type": "LineString",
        "coordinates": [
          [
            4.8925892,
            52.3638115
          ],
          [
            4.8921221,
            52.3638773
          ]
        ]
      },
      "id": "way/1322626518"
    },
    {
      "type": "Feature",
      "properties": {
        "@id": "way/1322626519",
        "canoe": "yes",
        "motorboat": "yes",
        "name": "Keizersgracht",
        "name:nl": "Keizersgracht",
        "name:uk": "Кейзерсграхт",
        "waterway": "canal"
      },
      "geometry": {
        "type": "LineString",
        "coordinates": [
          [
            4.8959674,
            52.3633791
          ],
          [
            4.8925892,
            52.3638115
          ]
        ]
      },
      "id": "way/1322626519"
    },
    {
      "type": "Feature",
      "properties": {
        "@id": "way/1322626520",
        "boat": "yes",
        "name": "Reguliersgracht",
        "seamark:bridge:category": "yes",
        "waterway": "canal",
        "wikidata": "Q12013307"
      },
      "geometry": {
        "type": "LineString",
        "coordinates": [
          [
            4.8960754,
            52.361818
          ],
          [
            4.8960804,
            52.3617303
          ]
        ]
      },
      "id": "way/1322626520"
    },
    {
      "type": "Feature",
      "properties": {
        "@id": "way/1322626521",
        "boat": "yes",
        "name": "Reguliersgracht",
        "waterway": "canal",
        "wikidata": "Q12013307"
      },
      "geometry": {
        "type": "LineString",
        "coordinates": [
          [
            4.8960431,
            52.3623758
          ],
          [
            4.8960754,
            52.361818
          ]
        ]
      },
      "id": "way/1322626521"
    },
    {
      "type": "Feature",
      "properties": {
        "@id": "way/1322626522",
        "boat": "yes",
        "name": "Reguliersgracht",
        "seamark:bridge:category": "yes",
        "waterway": "canal",
        "wikidata": "Q12013307"
      },
      "geometry": {
        "type": "LineString",
        "coordinates": [
          [
            4.8960371,
            52.3624658
          ],
          [
            4.8960431,
            52.3623758
          ]
        ]
      },
      "id": "way/1322626522"
    },
    {
      "type": "Feature",
      "properties": {
        "@id": "way/1322626523",
        "boat": "yes",
        "name": "Reguliersgracht",
        "waterway": "canal",
        "wikidata": "Q12013307"
      },
      "geometry": {
        "type": "LineString",
        "coordinates": [
          [
            4.8959826,
            52.3631554
          ],
          [
            4.8960371,
            52.3624658
          ]
        ]
      },
      "id": "way/1322626523"
    },
    {
      "type": "Feature",
      "properties": {
        "@id": "way/1322626524",
        "boat": "yes",
        "name": "Reguliersgracht",
        "seamark:bridge:category": "yes",
        "waterway": "canal",
        "wikidata": "Q12013307"
      },
      "geometry": {
        "type": "LineString",
        "coordinates": [
          [
            4.8959767,
            52.3632421
          ],
          [
            4.8959826,
            52.3631554
          ]
        ]
      },
      "id": "way/1322626524"
    },
    {
      "type": "Feature",
      "properties": {
        "@id": "way/1322626525",
        "boat": "yes",
        "name": "Reguliersgracht",
        "waterway": "canal",
        "wikidata": "Q12013307"
      },
      "geometry": {
        "type": "LineString",
        "coordinates": [
          [
            4.8959604,
            52.363514
          ],
          [
            4.8959674,
            52.3633791
          ],
          [
            4.8959767,
            52.3632421
          ]
        ]
      },
      "id": "way/1322626525"
    },
    {
      "type": "Feature",
      "properties": {
        "@id": "way/1322626526",
        "boat": "yes",
        "name": "Reguliersgracht",
        "waterway": "canal",
        "wikidata": "Q12013307"
      },
      "geometry": {
        "type": "LineString",
        "coordinates": [
          [
            4.8959516,
            52.363616
          ],
          [
            4.8959604,
            52.363514
          ]
        ]
      },
      "id": "way/1322626526"
    },
    {
      "type": "Feature",
      "properties": {
        "@id": "way/1322626527",
        "boat": "yes",
        "name": "Reguliersgracht",
        "waterway": "canal",
        "wikidata": "Q12013307"
      },
      "geometry": {
        "type": "LineString",
        "coordinates": [
          [
            4.8958939,
            52.3645573
          ],
          [
            4.8959516,
            52.363616
          ]
        ]
      },
      "id": "way/1322626527"
    },
    {
      "type": "Feature",
      "properties": {
        "@id": "way/1322626528",
        "boat": "yes",
        "name": "Reguliersgracht",
        "seamark:bridge:category": "yes",
        "waterway": "canal",
        "wikidata": "Q12013307"
      },
      "geometry": {
        "type": "LineString",
        "coordinates": [
          [
            4.8958835,
            52.3646804
          ],
          [
            4.8958939,
            52.3645573
          ]
        ]
      },
      "id": "way/1322626528"
    },
    {
      "type": "Feature",
      "properties": {
        "@id": "way/1322626529",
        "boat": "yes",
        "name": "Reguliersgracht",
        "waterway": "canal",
        "wikidata": "Q12013307"
      },
      "geometry": {
        "type": "LineString",
        "coordinates": [
          [
            4.8958769,
            52.3647586
          ],
          [
            4.8958835,
            52.3646804
          ]
        ]
      },
      "id": "way/1322626529"
    },
    {
      "type": "Feature",
      "properties": {
        "@id": "way/1322626530",
        "canoe": "yes",
        "motorboat": "yes",
        "name": "Herengracht",
        "name:nl": "Herengracht",
        "name:uk": "Геренграхт",
        "waterway": "canal",
        "wikidata": "Q2623129",
        "wikipedia": "nl:Herengracht (Amsterdam)"
      },
      "geometry": {
        "type": "LineString",
        "coordinates": [
          [
            4.8958769,
            52.3647586
          ],
          [
            4.8959795,
            52.3647798
          ]
        ]
      },
      "id": "way/1322626530"
    },
    {
      "type": "Feature",
      "properties": {
        "@id": "way/1322626531",
        "canoe": "yes",
        "motorboat": "yes",
        "name": "Keizersgracht",
        "name:nl": "Keizersgracht",
        "name:uk": "Кейзерсграхт",
        "seamark:bridge:category": "yes",
        "waterway": "canal"
      },
      "geometry": {
        "type": "LineString",
        "coordinates": [
          [
            4.8962546,
            52.3633951
          ],
          [
            4.8959674,
            52.3633791
          ]
        ]
      },
      "id": "way/1322626531"
    },
    {
      "type": "Feature",
      "properties": {
        "@id": "way/1322626532",
        "canoe": "yes",
        "motorboat": "yes",
        "name": "Keizersgracht",
        "name:nl": "Keizersgracht",
        "name:uk": "Кейзерсграхт",
        "waterway": "canal"
      },
      "geometry": {
        "type": "LineString",
        "coordinates": [
          [
            4.8980966,
            52.3637594
          ],
          [
            4.8962546,
            52.3633951
          ]
        ]
      },
      "id": "way/1322626532"
    },
    {
      "type": "Feature",
      "properties": {
        "@id": "way/1322626533",
        "canoe": "yes",
        "motorboat": "yes",
        "name": "Herengracht",
        "name:nl": "Herengracht",
        "name:uk": "Геренграхт",
        "waterway": "canal",
        "wikidata": "Q2623129",
        "wikipedia": "nl:Herengracht (Amsterdam)"
      },
      "geometry": {
        "type": "LineString",
        "coordinates": [
          [
            4.9005737,
            52.3656563
          ],
          [
            4.9012072,
            52.3657805
          ]
        ]
      },
      "id": "way/1322626533"
    },
    {
      "type": "Feature",
      "properties": {
        "@id": "way/1322626534",
        "canoe": "yes",
        "motorboat": "yes",
        "name": "Herengracht",
        "name:nl": "Herengracht",
        "name:uk": "Геренграхт",
        "waterway": "canal",
        "wikidata": "Q2623129",
        "wikipedia": "nl:Herengracht (Amsterdam)"
      },
      "geometry": {
        "type": "LineString",
        "coordinates": [
          [
            4.898175,
            52.3652036
          ],
          [
            4.9004281,
            52.3656284
          ]
        ]
      },
      "id": "way/1322626534"
    },
    {
      "type": "Feature",
      "properties": {
        "@id": "way/1322626535",
        "canoe": "yes",
        "motorboat": "yes",
        "name": "Herengracht",
        "name:nl": "Herengracht",
        "name:uk": "Геренграхт",
        "seamark:bridge:category": "yes",
        "waterway": "canal",
        "wikidata": "Q2623129",
        "wikipedia": "nl:Herengracht (Amsterdam)"
      },
      "geometry": {
        "type": "LineString",
        "coordinates": [
          [
            4.8975988,
            52.3650949
          ],
          [
            4.898175,
            52.3652036
          ]
        ]
      },
      "id": "way/1322626535"
    },
    {
      "type": "Feature",
      "properties": {
        "@id": "way/1322626536",
        "canoe": "yes",
        "motorboat": "yes",
        "name": "Herengracht",
        "name:nl": "Herengracht",
        "name:uk": "Геренграхт",
        "seamark:bridge:category": "yes",
        "waterway": "canal",
        "wikidata": "Q2623129",
        "wikipedia": "nl:Herengracht (Amsterdam)"
      },
      "geometry": {
        "type": "LineString",
        "coordinates": [
          [
            4.9004281,
            52.3656284
          ],
          [
            4.9005098,
            52.3656438
          ],
          [
            4.9005737,
            52.3656563
          ]
        ]
      },
      "id": "way/1322626536"
    },
    {
      "type": "Feature",
      "properties": {
        "@id": "way/1322626537",
        "canoe": "yes",
        "motorboat": "yes",
        "name": "Herengracht",
        "name:nl": "Herengracht",
        "name:uk": "Геренграхт",
        "waterway": "canal",
        "wikidata": "Q2623129",
        "wikipedia": "nl:Herengracht (Amsterdam)"
      },
      "geometry": {
        "type": "LineString",
        "coordinates": [
          [
            4.8961332,
            52.3648115
          ],
          [
            4.8975988,
            52.3650949
          ]
        ]
      },
      "id": "way/1322626537"
    },
    {
      "type": "Feature",
      "properties": {
        "@id": "way/1322626538",
        "canoe": "yes",
        "motorboat": "yes",
        "name": "Herengracht",
        "name:nl": "Herengracht",
        "name:uk": "Геренграхт",
        "waterway": "canal",
        "wikidata": "Q2623129",
        "wikipedia": "nl:Herengracht (Amsterdam)"
      },
      "geometry": {
        "type": "LineString",
        "coordinates": [
          [
            4.8930084,
            52.365145
          ],
          [
            4.8958769,
            52.3647586
          ]
        ]
      },
      "id": "way/1322626538"
    },
    {
      "type": "Feature",
      "properties": {
        "@id": "way/1322626539",
        "canoe": "yes",
        "motorboat": "yes",
        "name": "Herengracht",
        "name:nl": "Herengracht",
        "name:uk": "Геренграхт",
        "seamark:bridge:category": "yes",
        "waterway": "canal",
        "wikidata": "Q2623129",
        "wikipedia": "nl:Herengracht (Amsterdam)"
      },
      "geometry": {
        "type": "LineString",
        "coordinates": [
          [
            4.892614,
            52.3651991
          ],
          [
            4.8930084,
            52.365145
          ]
        ]
      },
      "id": "way/1322626539"
    },
    {
      "type": "Feature",
      "properties": {
        "@id": "way/1322626540",
        "canoe": "yes",
        "motorboat": "yes",
        "name": "Herengracht",
        "name:nl": "Herengracht",
        "name:uk": "Геренграхт",
        "waterway": "canal",
        "wikidata": "Q2623129",
        "wikipedia": "nl:Herengracht (Amsterdam)"
      },
      "geometry": {
        "type": "LineString",
        "coordinates": [
          [
            4.8884214,
            52.3666845
          ],
          [
            4.8905285,
            52.3654847
          ],
          [
            4.892614,
            52.3651991
          ]
        ]
      },
      "id": "way/1322626540"
    },
    {
      "type": "Feature",
      "properties": {
        "@id": "way/1322626541",
        "canoe": "yes",
        "motorboat": "yes",
        "name": "Herengracht",
        "name:nl": "Herengracht",
        "name:uk": "Геренграхт",
        "seamark:bridge:category": "yes",
        "waterway": "canal",
        "wikidata": "Q2623129",
        "wikipedia": "nl:Herengracht (Amsterdam)"
      },
      "geometry": {
        "type": "LineString",
        "coordinates": [
          [
            4.8881294,
            52.3668515
          ],
          [
            4.8884214,
            52.3666845
          ]
        ]
      },
      "id": "way/1322626541"
    },
    {
      "type": "Feature",
      "properties": {
        "@id": "way/1322626542",
        "canoe": "yes",
        "motorboat": "yes",
        "name": "Herengracht",
        "name:nl": "Herengracht",
        "name:uk": "Геренграхт",
        "waterway": "canal",
        "wikidata": "Q2623129",
        "wikipedia": "nl:Herengracht (Amsterdam)"
      },
      "geometry": {
        "type": "LineString",
        "coordinates": [
          [
            4.8867832,
            52.3676163
          ],
          [
            4.8881294,
            52.3668515
          ]
        ]
      },
      "id": "way/1322626542"
    },
    {
      "type": "Feature",
      "properties": {
        "@id": "way/1322626543",
        "boat": "yes",
        "canoe": "yes",
        "motorboat": "yes",
        "name": "Amstel",
        "name:nl": "Amstel",
        "name:ru": "Амстел",
        "seamark:bridge:category": "yes",
        "waterway": "river"
      },
      "geometry": {
        "type": "LineString",
        "coordinates": [
          [
            4.8960259,
            52.3674367
          ],
          [
            4.8958066,
            52.3674415
          ]
        ]
      },
      "id": "way/1322626543"
    },
    {
      "type": "Feature",
      "properties": {
        "@id": "way/1322626544",
        "boat": "yes",
        "canoe": "yes",
        "motorboat": "yes",
        "name": "Amstel",
        "name:nl": "Amstel",
        "name:ru": "Амстел",
        "waterway": "river"
      },
      "geometry": {
        "type": "LineString",
        "coordinates": [
          [
            4.8984665,
            52.3673285
          ],
          [
            4.8972449,
            52.36741
          ],
          [
            4.8960259,
            52.3674367
          ]
        ]
      },
      "id": "way/1322626544"
    },
    {
      "type": "Feature",
      "properties": {
        "@id": "way/1322626545",
        "boat": "yes",
        "canoe": "yes",
        "motorboat": "yes",
        "name": "Kloveniersburgwal",
        "seamark:bridge:category": "yes",
        "waterway": "canal"
      },
      "geometry": {
        "type": "LineString",
        "coordinates": [
          [
            4.8977906,
            52.3699892
          ],
          [
            4.8976613,
            52.3698512
          ]
        ]
      },
      "id": "way/1322626545"
    },
    {
      "type": "Feature",
      "properties": {
        "@id": "way/1322626546",
        "boat": "yes",
        "canoe": "yes",
        "motorboat": "yes",
        "name": "Kloveniersburgwal",
        "waterway": "canal"
      },
      "geometry": {
        "type": "LineString",
        "coordinates": [
          [
            4.8962423,
            52.3683329
          ],
          [
            4.8958001,
            52.3678168
          ],
          [
            4.8955393,
            52.3674473
          ]
        ]
      },
      "id": "way/1322626546"
    },
    {
      "type": "Feature",
      "properties": {
        "@id": "way/1322626547",
        "canoe": "yes",
        "motorboat": "yes",
        "name": "Rokin",
        "seamark:bridge:category": "yes",
        "waterway": "river",
        "wikidata": "Q673399",
        "wikimedia_commons": "Category:Rokin, Amsterdam",
        "wikipedia": "nl:Rokin"
      },
      "geometry": {
        "type": "LineString",
        "coordinates": [
          [
            4.8938779,
            52.3675068
          ],
          [
            4.8937391,
            52.367623
          ]
        ]
      },
      "id": "way/1322626547"
    },
    {
      "type": "Feature",
      "properties": {
        "@id": "way/1322626548",
        "canoe": "yes",
        "motorboat": "yes",
        "name": "Rokin",
        "waterway": "river",
        "wikidata": "Q673399",
        "wikimedia_commons": "Category:Rokin, Amsterdam",
        "wikipedia": "nl:Rokin"
      },
      "geometry": {
        "type": "LineString",
        "coordinates": [
          [
            4.8939945,
            52.3673606
          ],
          [
            4.8938779,
            52.3675068
          ]
        ]
      },
      "id": "way/1322626548"
    },
    {
      "type": "Feature",
      "properties": {
        "@id": "way/1322637152",
        "boat": "yes",
        "canoe": "yes",
        "motorboat": "yes",
        "name": "Groenburgwal",
        "seamark:bridge:category": "yes",
        "waterway": "canal"
      },
      "geometry": {
        "type": "LineString",
        "coordinates": [
          [
            4.8976968,
            52.3682663
          ],
          [
            4.897634,
            52.3681864
          ]
        ]
      },
      "id": "way/1322637152"
    },
    {
      "type": "Feature",
      "properties": {
        "@id": "way/1322637153",
        "boat": "yes",
        "canoe": "yes",
        "motorboat": "yes",
        "name": "Groenburgwal",
        "waterway": "canal"
      },
      "geometry": {
        "type": "LineString",
        "coordinates": [
          [
            4.8989652,
            52.3696302
          ],
          [
            4.8976968,
            52.3682663
          ]
        ]
      },
      "id": "way/1322637153"
    },
    {
      "type": "Feature",
      "properties": {
        "@id": "way/1322637154",
        "CEMT": "0",
        "boat": "yes",
        "name": "Prinsengracht",
        "name:nl": "Prinsengracht",
        "name:uk": "Принсенграхт",
        "oneway": "yes",
        "waterway": "canal"
      },
      "geometry": {
        "type": "LineString",
        "coordinates": [
          [
            4.9020989,
            52.3626896
          ],
          [
            4.9027595,
            52.362808
          ]
        ]
      },
      "id": "way/1322637154"
    },
    {
      "type": "Feature",
      "properties": {
        "@id": "way/1322637155",
        "CEMT": "0",
        "boat": "yes",
        "name": "Prinsengracht",
        "name:nl": "Prinsengracht",
        "name:uk": "Принсенграхт",
        "oneway": "yes",
        "waterway": "canal"
      },
      "geometry": {
        "type": "LineString",
        "coordinates": [
          [
            4.8991401,
            52.3621409
          ],
          [
            4.9019647,
            52.3626652
          ]
        ]
      },
      "id": "way/1322637155"
    },
    {
      "type": "Feature",
      "properties": {
        "@id": "way/1322637156",
        "CEMT": "0",
        "boat": "yes",
        "name": "Prinsengracht",
        "name:nl": "Prinsengracht",
        "name:uk": "Принсенграхт",
        "oneway": "yes",
        "seamark:bridge:category": "yes",
        "waterway": "canal"
      },
      "geometry": {
        "type": "LineString",
        "coordinates": [
          [
            4.9019647,
            52.3626652
          ],
          [
            4.9020218,
            52.3626758
          ],
          [
            4.9020989,
            52.3626896
          ]
        ]
      },
      "id": "way/1322637156"
    },
    {
      "type": "Feature",
      "properties": {
        "@id": "way/1322637157",
        "CEMT": "0",
        "boat": "yes",
        "name": "Prinsengracht",
        "name:nl": "Prinsengracht",
        "name:uk": "Принсенграхт",
        "oneway": "yes",
        "waterway": "canal"
      },
      "geometry": {
        "type": "LineString",
        "coordinates": [
          [
            4.8963708,
            52.3616289
          ],
          [
            4.8987771,
            52.3620736
          ]
        ]
      },
      "id": "way/1322637157"
    },
    {
      "type": "Feature",
      "properties": {
        "@id": "way/1322637158",
        "canoe": "yes",
        "motorboat": "yes",
        "name": "Lijnbaansgracht",
        "seamark:bridge:category": "yes",
        "waterway": "canal"
      },
      "geometry": {
        "type": "LineString",
        "coordinates": [
          [
            4.8912376,
            52.3599811
          ],
          [
            4.8906245,
            52.3600169
          ]
        ]
      },
      "id": "way/1322637158"
    },
    {
      "type": "Feature",
      "properties": {
        "@id": "way/1322637159",
        "canoe": "yes",
        "motorboat": "yes",
        "name": "Lijnbaansgracht",
        "waterway": "canal"
      },
      "geometry": {
        "type": "LineString",
        "coordinates": [
          [
            4.8961428,
            52.3597257
          ],
          [
            4.8960256,
            52.3596927
          ],
          [
            4.894716,
            52.359784
          ],
          [
            4.8912376,
            52.3599811
          ]
        ]
      },
      "id": "way/1322637159"
    },
    {
      "type": "Feature",
      "properties": {
        "@id": "way/1322637160",
        "canoe": "yes",
        "motorboat": "yes",
        "name": "Lijnbaansgracht",
        "seamark:bridge:category": "yes",
        "waterway": "canal"
      },
      "geometry": {
        "type": "LineString",
        "coordinates": [
          [
            4.8885562,
            52.3607852
          ],
          [
            4.8883949,
            52.3608553
          ]
        ]
      },
      "id": "way/1322637160"
    },
    {
      "type": "Feature",
      "properties": {
        "@id": "way/1322637161",
        "CEMT": "0",
        "boat": "yes",
        "name": "Singelgracht",
        "name:nl": "Singelgracht",
        "name:uk": "Сінгелграхт",
        "note": "(Buiten)singelgracht / Stadhouderskade",
        "oneway": "yes",
        "waterway": "canal"
      },
      "geometry": {
        "type": "LineString",
        "coordinates": [
          [
            4.904671,
            52.3591671
          ],
          [
            4.9018739,
            52.3586251
          ]
        ]
      },
      "id": "way/1322637161"
    },
    {
      "type": "Feature",
      "properties": {
        "@id": "way/1322637162",
        "CEMT": "0",
        "boat": "yes",
        "name": "Singelgracht",
        "name:nl": "Singelgracht",
        "name:uk": "Сінгелграхт",
        "note": "(Buiten)singelgracht / Stadhouderskade",
        "oneway": "yes",
        "waterway": "canal"
      },
      "geometry": {
        "type": "LineString",
        "coordinates": [
          [
            4.9014595,
            52.3585424
          ],
          [
            4.8995454,
            52.3581513
          ]
        ]
      },
      "id": "way/1322637162"
    },
    {
      "type": "Feature",
      "properties": {
        "@id": "way/1322637163",
        "CEMT": "0",
        "boat": "yes",
        "name": "Singelgracht",
        "name:nl": "Singelgracht",
        "name:uk": "Сінгелграхт",
        "note": "(Buiten)singelgracht / Stadhouderskade",
        "oneway": "yes",
        "seamark:bridge:category": "yes",
        "waterway": "canal"
      },
      "geometry": {
        "type": "LineString",
        "coordinates": [
          [
            4.8995454,
            52.3581513
          ],
          [
            4.8992363,
            52.3580881
          ],
          [
            4.89894,
            52.3580381
          ]
        ]
      },
      "id": "way/1322637163"
    },
    {
      "type": "Feature",
      "properties": {
        "@id": "way/1322637164",
        "CEMT": "0",
        "boat": "yes",
        "name": "Singelgracht",
        "name:nl": "Singelgracht",
        "name:uk": "Сінгелграхт",
        "note": "(Buiten)singelgracht / Stadhouderskade",
        "oneway": "yes",
        "waterway": "canal"
      },
      "geometry": {
        "type": "LineString",
        "coordinates": [
          [
            4.89894,
            52.3580381
          ],
          [
            4.8981667,
            52.3579342
          ],
          [
            4.8978069,
            52.3579591
          ],
          [
            4.891145,
            52.3583454
          ]
        ]
      },
      "id": "way/1322637164"
    },
    {
      "type": "Feature",
      "properties": {
        "@id": "way/1322637165",
        "CEMT": "0",
        "boat": "yes",
        "name": "Singelgracht",
        "name:nl": "Singelgracht",
        "name:uk": "Сінгелграхт",
        "note": "(Buiten)singelgracht / Stadhouderskade",
        "oneway": "yes",
        "seamark:bridge:category": "yes",
        "waterway": "canal"
      },
      "geometry": {
        "type": "LineString",
        "coordinates": [
          [
            4.891145,
            52.3583454
          ],
          [
            4.8909101,
            52.358359
          ],
          [
            4.8905597,
            52.3583955
          ]
        ]
      },
      "id": "way/1322637165"
    },
    {
      "type": "Feature",
      "properties": {
        "@id": "way/1322637166",
        "CEMT": "0",
        "boat": "yes",
        "name": "Singelgracht",
        "name:nl": "Singelgracht",
        "name:uk": "Сінгелграхт",
        "note": "(Buiten)singelgracht / Stadhouderskade",
        "oneway": "yes",
        "seamark:bridge:category": "yes",
        "waterway": "canal"
      },
      "geometry": {
        "type": "LineString",
        "coordinates": [
          [
            4.9018739,
            52.3586251
          ],
          [
            4.9016869,
            52.3585889
          ],
          [
            4.9014595,
            52.3585424
          ]
        ]
      },
      "id": "way/1322637166"
    },
    {
      "type": "Feature",
      "properties": {
        "@id": "way/1322637167",
        "canoe": "yes",
        "motorboat": "yes",
        "note": "schutsluis",
        "waterway": "canal"
      },
      "geometry": {
        "type": "LineString",
        "coordinates": [
          [
            4.8885562,
            52.3607852
          ],
          [
            4.888426,
            52.3606908
          ]
        ]
      },
      "id": "way/1322637167"
    },
    {
      "type": "Feature",
      "properties": {
        "@id": "way/1322637168",
        "canoe": "yes",
        "motorboat": "yes",
        "name": "Schutsluis",
        "note": "schutsluis",
        "waterway": "canal"
      },
      "geometry": {
        "type": "LineString",
        "coordinates": [
          [
            4.8880254,
            52.3603861
          ],
          [
            4.8876487,
            52.360146
          ]
        ]
      },
      "id": "way/1322637168"
    },
    {
      "type": "Feature",
      "properties": {
        "@id": "way/1322637169",
        "CEMT": "0",
        "boat": "yes",
        "name": "Singelgracht",
        "name:nl": "Singelgracht",
        "name:uk": "Сінгелграхт",
        "note": "(Buiten)singelgracht / Stadhouderskade",
        "seamark:bridge:category": "yes",
        "waterway": "canal"
      },
      "geometry": {
        "type": "LineString",
        "coordinates": [
          [
            4.8864181,
            52.3607261
          ],
          [
            4.8863057,
            52.3607805
          ],
          [
            4.8861913,
            52.3608357
          ]
        ]
      },
      "id": "way/1322637169"
    },
    {
      "type": "Feature",
      "properties": {
        "@id": "way/1322637170",
        "CEMT": "0",
        "boat": "yes",
        "name": "Singelgracht",
        "name:nl": "Singelgracht",
        "name:uk": "Сінгелграхт",
        "note": "(Buiten)singelgracht / Stadhouderskade",
        "waterway": "canal"
      },
      "geometry": {
        "type": "LineString",
        "coordinates": [
          [
            4.8876487,
            52.360146
          ],
          [
            4.8873865,
            52.3602753
          ],
          [
            4.8864181,
            52.3607261
          ]
        ]
      },
      "id": "way/1322637170"
    },
    {
      "type": "Feature",
      "properties": {
        "@id": "way/1322637171",
        "canoe": "yes",
        "motorboat": "yes",
        "name": "Boerenwetering",
        "seamark:bridge:category": "yes",
        "waterway": "canal"
      },
      "geometry": {
        "type": "LineString",
        "coordinates": [
          [
            4.8864372,
            52.3496259
          ],
          [
            4.8864592,
            52.3498978
          ]
        ]
      },
      "id": "way/1322637171"
    },
    {
      "type": "Feature",
      "properties": {
        "@id": "way/1322637172",
        "canoe": "yes",
        "motorboat": "yes",
        "name": "Boerenwetering",
        "waterway": "canal"
      },
      "geometry": {
        "type": "LineString",
        "coordinates": [
          [
            4.8863297,
            52.3484595
          ],
          [
            4.8864007,
            52.3492259
          ],
          [
            4.8864372,
            52.3496259
          ]
        ]
      },
      "id": "way/1322637172"
    },
    {
      "type": "Feature",
      "properties": {
        "@id": "way/1322637173",
        "canoe": "yes",
        "motorboat": "yes",
        "name": "Boerenwetering",
        "seamark:bridge:category": "yes",
        "waterway": "canal"
      },
      "geometry": {
        "type": "LineString",
        "coordinates": [
          [
            4.8865075,
            52.3520955
          ],
          [
            4.8865002,
            52.3524012
          ]
        ]
      },
      "id": "way/1322637173"
    },
    {
      "type": "Feature",
      "properties": {
        "@id": "way/1322637174",
        "canoe": "yes",
        "motorboat": "yes",
        "name": "Boerenwetering",
        "waterway": "canal"
      },
      "geometry": {
        "type": "LineString",
        "coordinates": [
          [
            4.8865002,
            52.3524012
          ],
          [
            4.8864944,
            52.3528481
          ],
          [
            4.8866151,
            52.3531418
          ],
          [
            4.8867396,
            52.3533995
          ]
        ]
      },
      "id": "way/1322637174"
    },
    {
      "type": "Feature",
      "properties": {
        "@id": "way/1322637176",
        "canoe": "yes",
        "motorboat": "yes",
        "name": "Boerenwetering",
        "waterway": "canal"
      },
      "geometry": {
        "type": "LineString",
        "coordinates": [
          [
            4.8867396,
            52.3533995
          ],
          [
            4.8867623,
            52.3545358
          ]
        ]
      },
      "id": "way/1322637176"
    },
    {
      "type": "Feature",
      "properties": {
        "@id": "way/1322637177",
        "canoe": "yes",
        "motorboat": "yes",
        "name": "Boerenwetering",
        "seamark:bridge:category": "yes",
        "waterway": "canal"
      },
      "geometry": {
        "type": "LineString",
        "coordinates": [
          [
            4.8867623,
            52.3545358
          ],
          [
            4.8867545,
            52.3547049
          ]
        ]
      },
      "id": "way/1322637177"
    },
    {
      "type": "Feature",
      "properties": {
        "@id": "way/1322637178",
        "canoe": "yes",
        "motorboat": "yes",
        "name": "Boerenwetering",
        "waterway": "canal"
      },
      "geometry": {
        "type": "LineString",
        "coordinates": [
          [
            4.8867545,
            52.3547049
          ],
          [
            4.8865991,
            52.3567081
          ],
          [
            4.8866316,
            52.3575446
          ]
        ]
      },
      "id": "way/1322637178"
    },
    {
      "type": "Feature",
      "properties": {
        "@id": "way/1322637179",
        "canoe": "yes",
        "motorboat": "yes",
        "name": "Boerenwetering",
        "seamark:bridge:category": "yes",
        "waterway": "canal"
      },
      "geometry": {
        "type": "LineString",
        "coordinates": [
          [
            4.8866316,
            52.3575446
          ],
          [
            4.8866449,
            52.3576659
          ]
        ]
      },
      "id": "way/1322637179"
    },
    {
      "type": "Feature",
      "properties": {
        "@id": "way/1322637180",
        "canoe": "yes",
        "motorboat": "yes",
        "name": "Boerenwetering",
        "waterway": "canal"
      },
      "geometry": {
        "type": "LineString",
        "coordinates": [
          [
            4.8866449,
            52.3576659
          ],
          [
            4.8868222,
            52.3596225
          ],
          [
            4.8869193,
            52.3598854
          ]
        ]
      },
      "id": "way/1322637180"
    },
    {
      "type": "Feature",
      "properties": {
        "@id": "way/1322637181",
        "canoe": "yes",
        "motorboat": "yes",
        "name": "Boerenwetering",
        "seamark:bridge:category": "yes",
        "waterway": "canal"
      },
      "geometry": {
        "type": "LineString",
        "coordinates": [
          [
            4.8869193,
            52.3598854
          ],
          [
            4.8872202,
            52.3601194
          ]
        ]
      },
      "id": "way/1322637181"
    },
    {
      "type": "Feature",
      "properties": {
        "@id": "way/1322637182",
        "canoe": "yes",
        "motorboat": "yes",
        "name": "Boerenwetering",
        "waterway": "canal"
      },
      "geometry": {
        "type": "LineString",
        "coordinates": [
          [
            4.8872202,
            52.3601194
          ],
          [
            4.8873865,
            52.3602753
          ]
        ]
      },
      "id": "way/1322637182"
    },
    {
      "type": "Feature",
      "properties": {
        "@id": "way/1322637183",
        "canoe": "yes",
        "motorboat": "yes",
        "name": "Jacob van Lennepkanaal",
        "seamark:bridge:category": "yes",
        "waterway": "canal"
      },
      "geometry": {
        "type": "LineString",
        "coordinates": [
          [
            4.8735647,
            52.3656093
          ],
          [
            4.8731217,
            52.3654784
          ]
        ]
      },
      "id": "way/1322637183"
    },
    {
      "type": "Feature",
      "properties": {
        "@id": "way/1322637184",
        "boat": "yes",
        "name": "Da Costagracht",
        "seamark:bridge:category": "yes",
        "waterway": "canal",
        "wikidata": "Q15874170"
      },
      "geometry": {
        "type": "LineString",
        "coordinates": [
          [
            4.8743126,
            52.366508
          ],
          [
            4.8742376,
            52.3666119
          ]
        ]
      },
      "id": "way/1322637184"
    },
    {
      "type": "Feature",
      "properties": {
        "@id": "way/1322637185",
        "boat": "yes",
        "name": "Da Costagracht",
        "waterway": "canal",
        "wikidata": "Q15874170"
      },
      "geometry": {
        "type": "LineString",
        "coordinates": [
          [
            4.8742376,
            52.3666119
          ],
          [
            4.8735899,
            52.3675414
          ]
        ]
      },
      "id": "way/1322637185"
    },
    {
      "type": "Feature",
      "properties": {
        "@id": "way/1322637186",
        "boat": "yes",
        "name": "Da Costagracht",
        "seamark:bridge:category": "yes",
        "waterway": "canal",
        "wikidata": "Q15874170"
      },
      "geometry": {
        "type": "LineString",
        "coordinates": [
          [
            4.8735899,
            52.3675414
          ],
          [
            4.8734607,
            52.367729
          ]
        ]
      },
      "id": "way/1322637186"
    },
    {
      "type": "Feature",
      "properties": {
        "@id": "way/1322637187",
        "boat": "yes",
        "name": "Da Costagracht",
        "waterway": "canal",
        "wikidata": "Q15874170"
      },
      "geometry": {
        "type": "LineString",
        "coordinates": [
          [
            4.8734607,
            52.367729
          ],
          [
            4.8724298,
            52.3692252
          ]
        ]
      },
      "id": "way/1322637187"
    },
    {
      "type": "Feature",
      "properties": {
        "@id": "way/1322637188",
        "boat": "yes",
        "name": "Da Costagracht",
        "seamark:bridge:category": "yes",
        "waterway": "canal",
        "wikidata": "Q15874170"
      },
      "geometry": {
        "type": "LineString",
        "coordinates": [
          [
            4.8724298,
            52.3692252
          ],
          [
            4.8723423,
            52.3693558
          ]
        ]
      },
      "id": "way/1322637188"
    },
    {
      "type": "Feature",
      "properties": {
        "@id": "way/1322637189",
        "boat": "yes",
        "name": "Da Costagracht",
        "waterway": "canal",
        "wikidata": "Q15874170"
      },
      "geometry": {
        "type": "LineString",
        "coordinates": [
          [
            4.8747022,
            52.365927
          ],
          [
            4.8743126,
            52.366508
          ]
        ]
      },
      "id": "way/1322637189"
    },
    {
      "type": "Feature",
      "properties": {
        "@id": "way/1322637190",
        "boat": "yes",
        "name": "Da Costagracht",
        "seamark:bridge:category": "yes",
        "waterway": "canal",
        "wikidata": "Q15874170"
      },
      "geometry": {
        "type": "LineString",
        "coordinates": [
          [
            4.87206,
            52.3711749
          ],
          [
            4.8722843,
            52.3715276
          ]
        ]
      },
      "id": "way/1322637190"
    },
    {
      "type": "Feature",
      "properties": {
        "@id": "way/1322637191",
        "boat": "yes",
        "name": "Da Costagracht",
        "waterway": "canal",
        "wikidata": "Q15874170"
      },
      "geometry": {
        "type": "LineString",
        "coordinates": [
          [
            4.8722843,
            52.3715276
          ],
          [
            4.8729703,
            52.3725938
          ],
          [
            4.8729166,
            52.3728875
          ]
        ]
      },
      "id": "way/1322637191"
    },
    {
      "type": "Feature",
      "properties": {
        "@id": "way/1322637192",
        "CEMT": "0",
        "boat": "yes",
        "name": "Singelgracht",
        "name:nl": "Singelgracht",
        "name:uk": "Сінгелграхт",
        "note": "(Buiten)singelgracht / Stadhouderskade",
        "waterway": "canal"
      },
      "geometry": {
        "type": "LineString",
        "coordinates": [
          [
            4.8810919,
            52.3633596
          ],
          [
            4.8808253,
            52.3635272
          ]
        ]
      },
      "id": "way/1322637192"
    },
    {
      "type": "Feature",
      "properties": {
        "@id": "way/1322637194",
        "canoe": "yes",
        "motorboat": "yes",
        "name": "Singelgracht",
        "name:nl": "Singelgracht",
        "name:uk": "Сінгелграхт",
        "note": "(Buiten)singelgracht / Nassaukade",
        "waterway": "canal"
      },
      "geometry": {
        "type": "LineString",
        "coordinates": [
          [
            4.8781756,
            52.3662885
          ],
          [
            4.8775365,
            52.366768
          ]
        ]
      },
      "id": "way/1322637194"
    },
    {
      "type": "Feature",
      "properties": {
        "@id": "way/1322637195",
        "canoe": "yes",
        "motorboat": "yes",
        "name": "Jacob van Lennepkanaal",
        "seamark:bridge:category": "yes",
        "waterway": "canal"
      },
      "geometry": {
        "type": "LineString",
        "coordinates": [
          [
            4.8773023,
            52.3666985
          ],
          [
            4.8769508,
            52.3665942
          ]
        ]
      },
      "id": "way/1322637195"
    },
    {
      "type": "Feature",
      "properties": {
        "@id": "way/1322637196",
        "canoe": "yes",
        "motorboat": "yes",
        "name": "Jacob van Lennepkanaal",
        "waterway": "canal"
      },
      "geometry": {
        "type": "LineString",
        "coordinates": [
          [
            4.8775365,
            52.366768
          ],
          [
            4.8773023,
            52.3666985
          ]
        ]
      },
      "id": "way/1322637196"
    },
    {
      "type": "Feature",
      "properties": {
        "@id": "way/1322985970",
        "boat": "yes",
        "name": "Nieuwe Keizersgracht",
        "waterway": "canal",
        "wikidata": "Q2394887",
        "wikipedia": "nl:Nieuwe Keizersgracht (Amsterdam)"
      },
      "geometry": {
        "type": "LineString",
        "coordinates": [
          [
            4.9053202,
            52.3651415
          ],
          [
            4.9027012,
            52.3646441
          ]
        ]
      },
      "id": "way/1322985970"
    },
    {
      "type": "Feature",
      "properties": {
        "@id": "way/1322985971",
        "boat": "yes",
        "name": "Nieuwe Keizersgracht",
        "seamark:bridge:category": "yes",
        "waterway": "canal",
        "wikidata": "Q2394887",
        "wikipedia": "nl:Nieuwe Keizersgracht (Amsterdam)"
      },
      "geometry": {
        "type": "LineString",
        "coordinates": [
          [
            4.9058674,
            52.3652529
          ],
          [
            4.9053202,
            52.3651415
          ]
        ]
      },
      "id": "way/1322985971"
    },
    {
      "type": "Feature",
      "properties": {
        "@id": "way/1322985972",
        "canoe": "yes",
        "maxspeed": "6",
        "motorboat": "yes",
        "name": "Nieuwe Prinsengracht",
        "seamark:bridge:category": "yes",
        "waterway": "canal",
        "wikidata": "Q4987241"
      },
      "geometry": {
        "type": "LineString",
        "coordinates": [
          [
            4.9063287,
            52.3634481
          ],
          [
            4.906899,
            52.3635539
          ]
        ]
      },
      "id": "way/1322985972"
    },
    {
      "type": "Feature",
      "properties": {
        "@id": "way/1322985973",
        "canoe": "yes",
        "maxspeed": "6",
        "motorboat": "yes",
        "name": "Nieuwe Prinsengracht",
        "waterway": "canal",
        "wikidata": "Q4987241"
      },
      "geometry": {
        "type": "LineString",
        "coordinates": [
          [
            4.906899,
            52.3635539
          ],
          [
            4.9107697,
            52.3642791
          ]
        ]
      },
      "id": "way/1322985973"
    },
    {
      "type": "Feature",
      "properties": {
        "@id": "way/1322985974",
        "canoe": "yes",
        "maxspeed": "6",
        "motorboat": "yes",
        "name": "Nieuwe Prinsengracht",
        "seamark:bridge:category": "yes",
        "waterway": "canal",
        "wikidata": "Q4987241"
      },
      "geometry": {
        "type": "LineString",
        "coordinates": [
          [
            4.9107697,
            52.3642791
          ],
          [
            4.9110479,
            52.3643278
          ]
        ]
      },
      "id": "way/1322985974"
    },
    {
      "type": "Feature",
      "properties": {
        "@id": "way/1322985975",
        "canoe": "yes",
        "maxspeed": "6",
        "motorboat": "yes",
        "name": "Nieuwe Prinsengracht",
        "waterway": "canal",
        "wikidata": "Q4987241"
      },
      "geometry": {
        "type": "LineString",
        "coordinates": [
          [
            4.9110479,
            52.3643278
          ],
          [
            4.9116143,
            52.3644482
          ],
          [
            4.911981,
            52.3647576
          ]
        ]
      },
      "id": "way/1322985975"
    },
    {
      "type": "Feature",
      "properties": {
        "@id": "way/1322985976",
        "boat": "yes",
        "name": "Plantage Muidergracht",
        "waterway": "canal",
        "wikidata": "Q2211214"
      },
      "geometry": {
        "type": "LineString",
        "coordinates": [
          [
            4.910524,
            52.3652682
          ],
          [
            4.9089932,
            52.3657991
          ]
        ]
      },
      "id": "way/1322985976"
    },
    {
      "type": "Feature",
      "properties": {
        "@id": "way/1322985977",
        "boat": "yes",
        "name": "Plantage Muidergracht",
        "seamark:bridge:category": "yes",
        "waterway": "canal",
        "wikidata": "Q2211214"
      },
      "geometry": {
        "type": "LineString",
        "coordinates": [
          [
            4.910778,
            52.3651792
          ],
          [
            4.910524,
            52.3652682
          ]
        ]
      },
      "id": "way/1322985977"
    },
    {
      "type": "Feature",
      "properties": {
        "@id": "way/1322985978",
        "boat": "yes",
        "name": "Plantage Muidergracht",
        "waterway": "canal",
        "wikidata": "Q2211214"
      },
      "geometry": {
        "type": "LineString",
        "coordinates": [
          [
            4.911981,
            52.3647576
          ],
          [
            4.910778,
            52.3651792
          ]
        ]
      },
      "id": "way/1322985978"
    },
    {
      "type": "Feature",
      "properties": {
        "@id": "way/1322985979",
        "boat": "yes",
        "name": "Plantage Muidergracht",
        "seamark:bridge:category": "yes",
        "waterway": "canal",
        "wikidata": "Q2211214"
      },
      "geometry": {
        "type": "LineString",
        "coordinates": [
          [
            4.9141194,
            52.3640151
          ],
          [
            4.9140355,
            52.3640442
          ]
        ]
      },
      "id": "way/1322985979"
    },
    {
      "type": "Feature",
      "properties": {
        "@id": "way/1322985980",
        "boat": "yes",
        "name": "Plantage Muidergracht",
        "waterway": "canal",
        "wikidata": "Q2211214"
      },
      "geometry": {
        "type": "LineString",
        "coordinates": [
          [
            4.9140355,
            52.3640442
          ],
          [
            4.911981,
            52.3647576
          ]
        ]
      },
      "id": "way/1322985980"
    },
    {
      "type": "Feature",
      "properties": {
        "@id": "way/1322985981",
        "boat": "yes",
        "maxspeed": "6",
        "name": "Nieuwe Achtergracht",
        "seamark:bridge:category": "yes",
        "waterway": "canal",
        "wikidata": "Q2099627"
      },
      "geometry": {
        "type": "LineString",
        "coordinates": [
          [
            4.9137908,
            52.3636709
          ],
          [
            4.9138751,
            52.3636871
          ]
        ]
      },
      "id": "way/1322985981"
    },
    {
      "type": "Feature",
      "properties": {
        "@id": "way/1322985982",
        "boat": "yes",
        "maxspeed": "6",
        "name": "Nieuwe Achtergracht",
        "waterway": "canal",
        "wikidata": "Q2099627"
      },
      "geometry": {
        "type": "LineString",
        "coordinates": [
          [
            4.9138751,
            52.3636871
          ],
          [
            4.9142394,
            52.3637574
          ],
          [
            4.9144046,
            52.3639161
          ]
        ]
      },
      "id": "way/1322985982"
    },
    {
      "type": "Feature",
      "properties": {
        "@id": "way/1322985983",
        "boat": "yes",
        "maxspeed": "6",
        "name": "Nieuwe Achtergracht",
        "seamark:bridge:category": "yes",
        "waterway": "canal",
        "wikidata": "Q2099627"
      },
      "geometry": {
        "type": "LineString",
        "coordinates": [
          [
            4.9117609,
            52.3632751
          ],
          [
            4.9118837,
            52.3632985
          ]
        ]
      },
      "id": "way/1322985983"
    },
    {
      "type": "Feature",
      "properties": {
        "@id": "way/1322985984",
        "boat": "yes",
        "maxspeed": "6",
        "name": "Nieuwe Achtergracht",
        "waterway": "canal",
        "wikidata": "Q2099627"
      },
      "geometry": {
        "type": "LineString",
        "coordinates": [
          [
            4.9108028,
            52.3630927
          ],
          [
            4.9117609,
            52.3632751
          ]
        ]
      },
      "id": "way/1322985984"
    },
    {
      "type": "Feature",
      "properties": {
        "@id": "way/1322985985",
        "boat": "yes",
        "maxspeed": "6",
        "name": "Nieuwe Achtergracht",
        "seamark:bridge:category": "yes",
        "waterway": "canal",
        "wikidata": "Q2099627"
      },
      "geometry": {
        "type": "LineString",
        "coordinates": [
          [
            4.9105487,
            52.363048
          ],
          [
            4.9108028,
            52.3630927
          ]
        ]
      },
      "id": "way/1322985985"
    },
    {
      "type": "Feature",
      "properties": {
        "@id": "way/1322985986",
        "boat": "yes",
        "maxspeed": "6",
        "name": "Nieuwe Achtergracht",
        "waterway": "canal",
        "wikidata": "Q2099627"
      },
      "geometry": {
        "type": "LineString",
        "coordinates": [
          [
            4.9118837,
            52.3632985
          ],
          [
            4.9137908,
            52.3636709
          ]
        ]
      },
      "id": "way/1322985986"
    },
    {
      "type": "Feature",
      "properties": {
        "@id": "way/1322985987",
        "boat": "yes",
        "maxspeed": "6",
        "name": "Nieuwe Achtergracht",
        "seamark:bridge:category": "yes",
        "waterway": "canal",
        "wikidata": "Q2099627"
      },
      "geometry": {
        "type": "LineString",
        "coordinates": [
          [
            4.906982,
            52.3623581
          ],
          [
            4.9075654,
            52.3624703
          ]
        ]
      },
      "id": "way/1322985987"
    },
    {
      "type": "Feature",
      "properties": {
        "@id": "way/1322985988",
        "boat": "yes",
        "maxspeed": "6",
        "name": "Nieuwe Achtergracht",
        "waterway": "canal",
        "wikidata": "Q2099627"
      },
      "geometry": {
        "type": "LineString",
        "coordinates": [
          [
            4.9050227,
            52.3620018
          ],
          [
            4.9055858,
            52.3621069
          ],
          [
            4.9060092,
            52.3621824
          ],
          [
            4.906982,
            52.3623581
          ]
        ]
      },
      "id": "way/1322985988"
    },
    {
      "type": "Feature",
      "properties": {
        "@id": "way/1322985989",
        "boat": "yes",
        "name": "Onbekendegracht",
        "waterway": "canal",
        "wikidata": "Q2456618"
      },
      "geometry": {
        "type": "LineString",
        "coordinates": [
          [
            4.9045562,
            52.3629222
          ],
          [
            4.9050227,
            52.3620018
          ]
        ]
      },
      "id": "way/1322985989"
    },
    {
      "type": "Feature",
      "properties": {
        "@id": "way/1322985990",
        "canoe": "yes",
        "maxspeed": "6",
        "motorboat": "yes",
        "name": "Nieuwe Prinsengracht",
        "seamark:bridge:category": "yes",
        "waterway": "canal",
        "wikidata": "Q4987241"
      },
      "geometry": {
        "type": "LineString",
        "coordinates": [
          [
            4.9033553,
            52.3629122
          ],
          [
            4.9035619,
            52.36295
          ]
        ]
      },
      "id": "way/1322985990"
    },
    {
      "type": "Feature",
      "properties": {
        "@id": "way/1322985991",
        "canoe": "yes",
        "maxspeed": "6",
        "motorboat": "yes",
        "name": "Nieuwe Prinsengracht",
        "waterway": "canal",
        "wikidata": "Q4987241"
      },
      "geometry": {
        "type": "LineString",
        "coordinates": [
          [
            4.9027595,
            52.362808
          ],
          [
            4.9033553,
            52.3629122
          ]
        ]
      },
      "id": "way/1322985991"
    },
    {
      "type": "Feature",
      "properties": {
        "@id": "way/1322985992",
        "canoe": "yes",
        "motorboat": "yes",
        "name": "Singelgracht",
        "name:nl": "Singelgracht",
        "note": "(Buiten)singelgracht / Mauritskade",
        "waterway": "canal"
      },
      "geometry": {
        "type": "LineString",
        "coordinates": [
          [
            4.9271601,
            52.3664587
          ],
          [
            4.9266743,
            52.3662919
          ]
        ]
      },
      "id": "way/1322985992"
    },
    {
      "type": "Feature",
      "properties": {
        "@id": "way/1322985993",
        "canoe": "yes",
        "motorboat": "yes",
        "name": "Singelgracht",
        "name:nl": "Singelgracht",
        "note": "(Buiten)singelgracht / Mauritskade",
        "waterway": "canal"
      },
      "geometry": {
        "type": "LineString",
        "coordinates": [
          [
            4.9263397,
            52.3660839
          ],
          [
            4.9252995,
            52.3655384
          ],
          [
            4.92385,
            52.3646954
          ]
        ]
      },
      "id": "way/1322985993"
    },
    {
      "type": "Feature",
      "properties": {
        "@id": "way/1322985994",
        "canoe": "yes",
        "motorboat": "yes",
        "name": "Singelgracht",
        "name:nl": "Singelgracht",
        "note": "(Buiten)singelgracht / Mauritskade",
        "seamark:bridge:category": "yes",
        "waterway": "canal"
      },
      "geometry": {
        "type": "LineString",
        "coordinates": [
          [
            4.92385,
            52.3646954
          ],
          [
            4.9237932,
            52.3646611
          ]
        ]
      },
      "id": "way/1322985994"
    },
    {
      "type": "Feature",
      "properties": {
        "@id": "way/1322985995",
        "canoe": "yes",
        "motorboat": "yes",
        "name": "Singelgracht",
        "name:nl": "Singelgracht",
        "note": "(Buiten)singelgracht / Mauritskade",
        "seamark:bridge:category": "yes",
        "waterway": "canal"
      },
      "geometry": {
        "type": "LineString",
        "coordinates": [
          [
            4.9266743,
            52.3662919
          ],
          [
            4.9264873,
            52.3661756
          ],
          [
            4.9263397,
            52.3660839
          ]
        ]
      },
      "id": "way/1322985995"
    },
    {
      "type": "Feature",
      "properties": {
        "@id": "way/1322985996",
        "canoe": "yes",
        "motorboat": "yes",
        "name": "Singelgracht",
        "name:nl": "Singelgracht",
        "note": "(Buiten)singelgracht / Mauritskade",
        "seamark:bridge:category": "yes",
        "waterway": "canal"
      },
      "geometry": {
        "type": "LineString",
        "coordinates": [
          [
            4.9201729,
            52.3633218
          ],
          [
            4.9198104,
            52.3631799
          ]
        ]
      },
      "id": "way/1322985996"
    },
    {
      "type": "Feature",
      "properties": {
        "@id": "way/1322985997",
        "canoe": "yes",
        "motorboat": "yes",
        "name": "Singelgracht",
        "name:nl": "Singelgracht",
        "note": "(Buiten)singelgracht / Mauritskade",
        "waterway": "canal"
      },
      "geometry": {
        "type": "LineString",
        "coordinates": [
          [
            4.9237932,
            52.3646611
          ],
          [
            4.922186,
            52.3637028
          ],
          [
            4.9219057,
            52.3635681
          ],
          [
            4.9215441,
            52.3634885
          ],
          [
            4.9201729,
            52.3633218
          ]
        ]
      },
      "id": "way/1322985997"
    },
    {
      "type": "Feature",
      "properties": {
        "@id": "way/1322985998",
        "canoe": "yes",
        "motorboat": "yes",
        "name": "Singelgracht",
        "name:nl": "Singelgracht",
        "note": "(Buiten)singelgracht / Mauritskade",
        "seamark:bridge:category": "yes",
        "waterway": "canal"
      },
      "geometry": {
        "type": "LineString",
        "coordinates": [
          [
            4.9152654,
            52.3618078
          ],
          [
            4.9149406,
            52.3617216
          ]
        ]
      },
      "id": "way/1322985998"
    },
    {
      "type": "Feature",
      "properties": {
        "@id": "way/1322985999",
        "canoe": "yes",
        "motorboat": "yes",
        "name": "Singelgracht",
        "name:nl": "Singelgracht",
        "note": "(Buiten)singelgracht / Mauritskade",
        "waterway": "canal"
      },
      "geometry": {
        "type": "LineString",
        "coordinates": [
          [
            4.9149406,
            52.3617216
          ],
          [
            4.9141078,
            52.3615004
          ],
          [
            4.9135469,
            52.3614226
          ],
          [
            4.9132649,
            52.3613849
          ],
          [
            4.9124802,
            52.3613193
          ]
        ]
      },
      "id": "way/1322985999"
    },
    {
      "type": "Feature",
      "properties": {
        "@id": "way/1322986000",
        "canoe": "yes",
        "motorboat": "yes",
        "name": "Singelgracht",
        "name:nl": "Singelgracht",
        "note": "(Buiten)singelgracht / Mauritskade",
        "seamark:bridge:category": "yes",
        "waterway": "canal"
      },
      "geometry": {
        "type": "LineString",
        "coordinates": [
          [
            4.9124802,
            52.3613193
          ],
          [
            4.9117833,
            52.361269
          ]
        ]
      },
      "id": "way/1322986000"
    },
    {
      "type": "Feature",
      "properties": {
        "@id": "way/1322986001",
        "canoe": "yes",
        "motorboat": "yes",
        "name": "Singelgracht",
        "name:nl": "Singelgracht",
        "note": "(Buiten)singelgracht / Mauritskade",
        "waterway": "canal"
      },
      "geometry": {
        "type": "LineString",
        "coordinates": [
          [
            4.9117833,
            52.361269
          ],
          [
            4.9116173,
            52.3612296
          ],
          [
            4.9114914,
            52.3611821
          ],
          [
            4.9113894,
            52.3611268
          ],
          [
            4.9109002,
            52.3608169
          ],
          [
            4.9106909,
            52.3607207
          ],
          [
            4.9104797,
            52.3606418
          ],
          [
            4.9102431,
            52.3605953
          ],
          [
            4.9100375,
            52.3605757
          ],
          [
            4.9097222,
            52.36058
          ],
          [
            4.9091299,
            52.3606305
          ],
          [
            4.9087438,
            52.3606678
          ]
        ]
      },
      "id": "way/1322986001"
    },
    {
      "type": "Feature",
      "properties": {
        "@id": "way/1322986002",
        "canoe": "yes",
        "motorboat": "yes",
        "name": "Singelgracht",
        "name:nl": "Singelgracht",
        "note": "(Buiten)singelgracht / Mauritskade",
        "seamark:bridge:category": "yes",
        "waterway": "canal"
      },
      "geometry": {
        "type": "LineString",
        "coordinates": [
          [
            4.9087438,
            52.3606678
          ],
          [
            4.9078982,
            52.3604843
          ]
        ]
      },
      "id": "way/1322986002"
    },
    {
      "type": "Feature",
      "properties": {
        "@id": "way/1322986003",
        "canoe": "yes",
        "motorboat": "yes",
        "name": "Singelgracht",
        "name:nl": "Singelgracht",
        "note": "(Buiten)singelgracht / Mauritskade",
        "waterway": "canal"
      },
      "geometry": {
        "type": "LineString",
        "coordinates": [
          [
            4.9078982,
            52.3604843
          ],
          [
            4.9066842,
            52.3597461
          ],
          [
            4.9058237,
            52.359536
          ]
        ]
      },
      "id": "way/1322986003"
    },
    {
      "type": "Feature",
      "properties": {
        "@id": "way/1322986004",
        "canoe": "yes",
        "motorboat": "yes",
        "name": "Singelgracht",
        "name:nl": "Singelgracht",
        "note": "(Buiten)singelgracht / Mauritskade",
        "seamark:bridge:category": "yes",
        "waterway": "canal"
      },
      "geometry": {
        "type": "LineString",
        "coordinates": [
          [
            4.9058237,
            52.359536
          ],
          [
            4.9053687,
            52.3594493
          ]
        ]
      },
      "id": "way/1322986004"
    },
    {
      "type": "Feature",
      "properties": {
        "@id": "way/1322986005",
        "canoe": "yes",
        "motorboat": "yes",
        "name": "Singelgracht",
        "name:nl": "Singelgracht",
        "note": "(Buiten)singelgracht / Mauritskade",
        "waterway": "canal"
      },
      "geometry": {
        "type": "LineString",
        "coordinates": [
          [
            4.9053687,
            52.3594493
          ],
          [
            4.904671,
            52.3591671
          ]
        ]
      },
      "id": "way/1322986005"
    },
    {
      "type": "Feature",
      "properties": {
        "@id": "way/1322986006",
        "CEMT": "0",
        "boat": "yes",
        "maxspeed": "7.5",
        "name": "Amstel",
        "name:nl": "Amstel",
        "name:ru": "Амстел",
        "seamark:bridge:category": "yes",
        "waterway": "river",
        "wikidata": "Q185405",
        "wikipedia": "nl:Amstel (rivier)"
      },
      "geometry": {
        "type": "LineString",
        "coordinates": [
          [
            4.9009762,
            52.3662138
          ],
          [
            4.9008916,
            52.3663531
          ],
          [
            4.900783,
            52.3665108
          ]
        ]
      },
      "id": "way/1322986006"
    },
    {
      "type": "Feature",
      "properties": {
        "@id": "way/1322986007",
        "CEMT": "0",
        "boat": "yes",
        "maxspeed": "7.5",
        "name": "Amstel",
        "name:nl": "Amstel",
        "name:ru": "Амстел",
        "waterway": "river",
        "wikidata": "Q185405",
        "wikipedia": "nl:Amstel (rivier)"
      },
      "geometry": {
        "type": "LineString",
        "coordinates": [
          [
            4.9012072,
            52.3657805
          ],
          [
            4.9009762,
            52.3662138
          ]
        ]
      },
      "id": "way/1322986007"
    },
    {
      "type": "Feature",
      "properties": {
        "@id": "way/1322986008",
        "CEMT": "II",
        "boat": "yes",
        "maxspeed": "7.5",
        "name": "Amstel",
        "name:nl": "Amstel",
        "name:ru": "Амстел",
        "name:uk": "Амстел",
        "waterway": "river"
      },
      "geometry": {
        "type": "LineString",
        "coordinates": [
          [
            4.901892,
            52.364479
          ],
          [
            4.9012072,
            52.3657805
          ]
        ]
      },
      "id": "way/1322986008"
    },
    {
      "type": "Feature",
      "properties": {
        "@id": "way/1322986009",
        "CEMT": "II",
        "boat": "yes",
        "maxspeed": "7.5",
        "name": "Amstel",
        "name:nl": "Amstel",
        "name:ru": "Амстел",
        "name:uk": "Амстел",
        "seamark:bridge:category": "yes",
        "waterway": "river"
      },
      "geometry": {
        "type": "LineString",
        "coordinates": [
          [
            4.9024089,
            52.3635045
          ],
          [
            4.9023731,
            52.3635837
          ],
          [
            4.9023302,
            52.3636588
          ]
        ]
      },
      "id": "way/1322986009"
    },
    {
      "type": "Feature",
      "properties": {
        "@id": "way/1322986010",
        "CEMT": "II",
        "boat": "yes",
        "maxspeed": "7.5",
        "name": "Amstel",
        "name:nl": "Amstel",
        "name:ru": "Амстел",
        "name:uk": "Амстел",
        "waterway": "river"
      },
      "geometry": {
        "type": "LineString",
        "coordinates": [
          [
            4.9027595,
            52.362808
          ],
          [
            4.9024089,
            52.3635045
          ]
        ]
      },
      "id": "way/1322986010"
    },
    {
      "type": "Feature",
      "properties": {
        "@id": "way/1322986011",
        "CEMT": "II",
        "boat": "yes",
        "maxspeed": "7.5",
        "name": "Amstel",
        "name:nl": "Amstel",
        "name:ru": "Амстел",
        "seamark:bridge:category": "yes",
        "waterway": "river"
      },
      "geometry": {
        "type": "LineString",
        "coordinates": [
          [
            4.9061118,
            52.3560256
          ],
          [
            4.906034,
            52.3561612
          ],
          [
            4.9059667,
            52.356311
          ]
        ]
      },
      "id": "way/1322986011"
    },
    {
      "type": "Feature",
      "properties": {
        "@id": "way/1322986012",
        "CEMT": "II",
        "boat": "yes",
        "maxspeed": "7.5",
        "name": "Amstel",
        "name:nl": "Amstel",
        "name:ru": "Амстел",
        "waterway": "river"
      },
      "geometry": {
        "type": "LineString",
        "coordinates": [
          [
            4.9059667,
            52.356311
          ],
          [
            4.9048843,
            52.3587222
          ]
        ]
      },
      "id": "way/1322986012"
    },
    {
      "type": "Feature",
      "properties": {
        "@id": "way/1322986013",
        "CEMT": "II",
        "boat": "yes",
        "maxspeed": "7.5",
        "name": "Amstel",
        "name:nl": "Amstel",
        "name:ru": "Амстел",
        "seamark:bridge:category": "yes",
        "waterway": "river"
      },
      "geometry": {
        "type": "LineString",
        "coordinates": [
          [
            4.9048843,
            52.3587222
          ],
          [
            4.9048025,
            52.3589043
          ],
          [
            4.904671,
            52.3591671
          ]
        ]
      },
      "id": "way/1322986013"
    },
    {
      "type": "Feature",
      "properties": {
        "@id": "way/1322986014",
        "CEMT": "II",
        "boat": "yes",
        "maxspeed": "7.5",
        "name": "Amstel",
        "name:nl": "Amstel",
        "name:ru": "Амстел",
        "waterway": "river"
      },
      "geometry": {
        "type": "LineString",
        "coordinates": [
          [
            4.9038703,
            52.3605021
          ],
          [
            4.9033221,
            52.3616382
          ]
        ]
      },
      "id": "way/1322986014"
    },
    {
      "type": "Feature",
      "properties": {
        "@id": "way/1322986015",
        "CEMT": "II",
        "boat": "yes",
        "maxspeed": "7.5",
        "name": "Amstel",
        "name:nl": "Amstel",
        "name:ru": "Амстел",
        "waterway": "river"
      },
      "geometry": {
        "type": "LineString",
        "coordinates": [
          [
            4.904348,
            52.3596598
          ],
          [
            4.9040616,
            52.3601271
          ]
        ]
      },
      "id": "way/1322986015"
    },
    {
      "type": "Feature",
      "properties": {
        "@id": "way/1322986016",
        "canoe": "yes",
        "motorboat": "yes",
        "name": "Achtergracht",
        "waterway": "canal",
        "wikidata": "Q2059752"
      },
      "geometry": {
        "type": "LineString",
        "coordinates": [
          [
            4.9027065,
            52.3615219
          ],
          [
            4.9033221,
            52.3616382
          ]
        ]
      },
      "id": "way/1322986016"
    },
    {
      "type": "Feature",
      "properties": {
        "@id": "way/1322986017",
        "canoe": "yes",
        "motorboat": "yes",
        "name": "Achtergracht",
        "seamark:bridge:category": "yes",
        "waterway": "canal",
        "wikidata": "Q2059752"
      },
      "geometry": {
        "type": "LineString",
        "coordinates": [
          [
            4.9025616,
            52.3614952
          ],
          [
            4.9027065,
            52.3615219
          ]
        ]
      },
      "id": "way/1322986017"
    },
    {
      "type": "Feature",
      "properties": {
        "@id": "way/1322987241",
        "CEMT": "II",
        "boat": "yes",
        "maxspeed": "7.5",
        "name": "Nieuwe Herengracht",
        "waterway": "canal",
        "wikidata": "Q2327303"
      },
      "geometry": {
        "type": "LineString",
        "coordinates": [
          [
            4.9100932,
            52.3693233
          ],
          [
            4.9107411,
            52.3697113
          ],
          [
            4.9110914,
            52.3699446
          ]
        ]
      },
      "id": "way/1322987241"
    },
    {
      "type": "Feature",
      "properties": {
        "@id": "way/1322987242",
        "CEMT": "II",
        "boat": "yes",
        "maxspeed": "7.5",
        "name": "Nieuwe Herengracht",
        "waterway": "canal",
        "wikidata": "Q2327303"
      },
      "geometry": {
        "type": "LineString",
        "coordinates": [
          [
            4.9073553,
            52.3675032
          ],
          [
            4.9095803,
            52.3689961
          ]
        ]
      },
      "id": "way/1322987242"
    },
    {
      "type": "Feature",
      "properties": {
        "@id": "way/1322987243",
        "CEMT": "II",
        "boat": "yes",
        "maxspeed": "7.5",
        "name": "Nieuwe Herengracht",
        "seamark:bridge:category": "yes",
        "waterway": "canal",
        "wikidata": "Q2327303"
      },
      "geometry": {
        "type": "LineString",
        "coordinates": [
          [
            4.9068697,
            52.3671865
          ],
          [
            4.907137,
            52.3673479
          ],
          [
            4.9073553,
            52.3675032
          ]
        ]
      },
      "id": "way/1322987243"
    },
    {
      "type": "Feature",
      "properties": {
        "@id": "way/1322987244",
        "CEMT": "II",
        "boat": "yes",
        "maxspeed": "7.5",
        "name": "Nieuwe Herengracht",
        "seamark:bridge:category": "yes",
        "waterway": "canal",
        "wikidata": "Q2327303"
      },
      "geometry": {
        "type": "LineString",
        "coordinates": [
          [
            4.9095803,
            52.3689961
          ],
          [
            4.9098588,
            52.3691829
          ],
          [
            4.9100932,
            52.3693233
          ]
        ]
      },
      "id": "way/1322987244"
    },
    {
      "type": "Feature",
      "properties": {
        "@id": "way/1322987245",
        "CEMT": "II",
        "boat": "yes",
        "maxspeed": "7.5",
        "name": "Nieuwe Herengracht",
        "seamark:bridge:category": "yes",
        "waterway": "canal",
        "wikidata": "Q2327303"
      },
      "geometry": {
        "type": "LineString",
        "coordinates": [
          [
            4.9044467,
            52.3663866
          ],
          [
            4.9047853,
            52.3664477
          ],
          [
            4.9051342,
            52.3665197
          ]
        ]
      },
      "id": "way/1322987245"
    },
    {
      "type": "Feature",
      "properties": {
        "@id": "way/1322987246",
        "CEMT": "II",
        "boat": "yes",
        "maxspeed": "7.5",
        "name": "Nieuwe Herengracht",
        "waterway": "canal",
        "wikidata": "Q2327303"
      },
      "geometry": {
        "type": "LineString",
        "coordinates": [
          [
            4.902085,
            52.3659368
          ],
          [
            4.9044467,
            52.3663866
          ]
        ]
      },
      "id": "way/1322987246"
    },
    {
      "type": "Feature",
      "properties": {
        "@id": "way/1322987247",
        "CEMT": "II",
        "boat": "yes",
        "maxspeed": "7.5",
        "name": "Nieuwe Herengracht",
        "seamark:bridge:category": "yes",
        "waterway": "canal",
        "wikidata": "Q2327303"
      },
      "geometry": {
        "type": "LineString",
        "coordinates": [
          [
            4.9018053,
            52.3658859
          ],
          [
            4.9019471,
            52.3659104
          ],
          [
            4.902085,
            52.3659368
          ]
        ]
      },
      "id": "way/1322987247"
    },
    {
      "type": "Feature",
      "properties": {
        "@id": "way/1322987248",
        "CEMT": "II",
        "boat": "yes",
        "maxspeed": "7.5",
        "name": "Nieuwe Herengracht",
        "waterway": "canal",
        "wikidata": "Q2327303"
      },
      "geometry": {
        "type": "LineString",
        "coordinates": [
          [
            4.9012072,
            52.3657805
          ],
          [
            4.9018053,
            52.3658859
          ]
        ]
      },
      "id": "way/1322987248"
    },
    {
      "type": "Feature",
      "properties": {
        "@id": "way/1322987249",
        "boat": "yes",
        "name": "Nieuwe Keizersgracht",
        "seamark:bridge:category": "yes",
        "waterway": "canal",
        "wikidata": "Q2394887",
        "wikipedia": "nl:Nieuwe Keizersgracht (Amsterdam)"
      },
      "geometry": {
        "type": "LineString",
        "coordinates": [
          [
            4.9027012,
            52.3646441
          ],
          [
            4.9025255,
            52.3646095
          ]
        ]
      },
      "id": "way/1322987249"
    },
    {
      "type": "Feature",
      "properties": {
        "@id": "way/1322987250",
        "boat": "yes",
        "name": "Nieuwe Keizersgracht",
        "waterway": "canal",
        "wikidata": "Q2394887",
        "wikipedia": "nl:Nieuwe Keizersgracht (Amsterdam)"
      },
      "geometry": {
        "type": "LineString",
        "coordinates": [
          [
            4.9025255,
            52.3646095
          ],
          [
            4.901892,
            52.364479
          ]
        ]
      },
      "id": "way/1322987250"
    },
    {
      "type": "Feature",
      "properties": {
        "@id": "way/1322987361",
        "boat": "yes",
        "name": "Plantage Muidergracht",
        "seamark:bridge:category": "yes",
        "waterway": "canal",
        "wikidata": "Q2211214"
      },
      "geometry": {
        "type": "LineString",
        "coordinates": [
          [
            4.9187501,
            52.3639898
          ],
          [
            4.9184336,
            52.3638802
          ]
        ]
      },
      "id": "way/1322987361"
    },
    {
      "type": "Feature",
      "properties": {
        "@id": "way/1322987362",
        "boat": "yes",
        "name": "Plantage Muidergracht",
        "waterway": "canal",
        "wikidata": "Q2211214"
      },
      "geometry": {
        "type": "LineString",
        "coordinates": [
          [
            4.9184336,
            52.3638802
          ],
          [
            4.9164918,
            52.3633285
          ],
          [
            4.9162397,
            52.3633195
          ],
          [
            4.9159875,
            52.3633629
          ],
          [
            4.9144046,
            52.3639161
          ],
          [
            4.9141194,
            52.3640151
          ]
        ]
      },
      "id": "way/1322987362"
    },
    {
      "type": "Feature",
      "properties": {
        "@id": "way/1322995827",
        "name": "Oudezijds Achterburgwal",
        "seamark:bridge:category": "yes",
        "waterway": "canal",
        "wikidata": "Q3001173"
      },
      "geometry": {
        "type": "LineString",
        "coordinates": [
          [
            4.8957003,
            52.3702213
          ],
          [
            4.8958025,
            52.37033
          ]
        ]
      },
      "id": "way/1322995827"
    },
    {
      "type": "Feature",
      "properties": {
        "@id": "way/1322995828",
        "name": "Oudezijds Achterburgwal",
        "waterway": "canal",
        "wikidata": "Q3001173"
      },
      "geometry": {
        "type": "LineString",
        "coordinates": [
          [
            4.8958025,
            52.37033
          ],
          [
            4.8961518,
            52.3707183
          ],
          [
            4.8968332,
            52.3714482
          ]
        ]
      },
      "id": "way/1322995828"
    },
    {
      "type": "Feature",
      "properties": {
        "@id": "way/1322995829",
        "name": "Oudezijds Achterburgwal",
        "seamark:bridge:category": "yes",
        "waterway": "canal",
        "wikidata": "Q3001173"
      },
      "geometry": {
        "type": "LineString",
        "coordinates": [
          [
            4.8968332,
            52.3714482
          ],
          [
            4.8969457,
            52.3715574
          ]
        ]
      },
      "id": "way/1322995829"
    },
    {
      "type": "Feature",
      "properties": {
        "@id": "way/1322995830",
        "name": "Oudezijds Achterburgwal",
        "waterway": "canal",
        "wikidata": "Q3001173"
      },
      "geometry": {
        "type": "LineString",
        "coordinates": [
          [
            4.8969457,
            52.3715574
          ],
          [
            4.8978194,
            52.372373
          ]
        ]
      },
      "id": "way/1322995830"
    },
    {
      "type": "Feature",
      "properties": {
        "@id": "way/1322995831",
        "name": "Oudezijds Achterburgwal",
        "waterway": "canal",
        "wikidata": "Q3001173"
      },
      "geometry": {
        "type": "LineString",
        "coordinates": [
          [
            4.8978194,
            52.372373
          ],
          [
            4.897916,
            52.3724605
          ],
          [
            4.8986595,
            52.3731438
          ],
          [
            4.8992263,
            52.3736576
          ]
        ]
      },
      "id": "way/1322995831"
    },
    {
      "type": "Feature",
      "properties": {
        "@id": "way/1322995833",
        "name": "Oudezijds Achterburgwal",
        "seamark:bridge:category": "yes",
        "waterway": "canal",
        "wikidata": "Q3001173"
      },
      "geometry": {
        "type": "LineString",
        "coordinates": [
          [
            4.8992263,
            52.3736576
          ],
          [
            4.8993142,
            52.3737417
          ]
        ]
      },
      "id": "way/1322995833"
    },
    {
      "type": "Feature",
      "properties": {
        "@id": "way/1322995834",
        "name": "Oudezijds Achterburgwal",
        "waterway": "canal",
        "wikidata": "Q3001173"
      },
      "geometry": {
        "type": "LineString",
        "coordinates": [
          [
            4.8993142,
            52.3737417
          ],
          [
            4.8997517,
            52.3741377
          ],
          [
            4.9001338,
            52.3744593
          ]
        ]
      },
      "id": "way/1322995834"
    },
    {
      "type": "Feature",
      "properties": {
        "@id": "way/1322995835",
        "name": "Oudezijds Achterburgwal",
        "seamark:bridge:category": "yes",
        "waterway": "canal",
        "wikidata": "Q3001173"
      },
      "geometry": {
        "type": "LineString",
        "coordinates": [
          [
            4.9001338,
            52.3744593
          ],
          [
            4.9002138,
            52.3745375
          ]
        ]
      },
      "id": "way/1322995835"
    },
    {
      "type": "Feature",
      "properties": {
        "@id": "way/1322995836",
        "name": "Oudezijds Achterburgwal",
        "waterway": "canal",
        "wikidata": "Q3001173"
      },
      "geometry": {
        "type": "LineString",
        "coordinates": [
          [
            4.9002138,
            52.3745375
          ],
          [
            4.900563,
            52.374888
          ],
          [
            4.900673,
            52.3750313
          ],
          [
            4.9007122,
            52.3751387
          ]
        ]
      },
      "id": "way/1322995836"
    },
    {
      "type": "Feature",
      "properties": {
        "@id": "way/1322995837",
        "name": "Oudezijds Achterburgwal",
        "seamark:bridge:category": "yes",
        "waterway": "canal",
        "wikidata": "Q3001173"
      },
      "geometry": {
        "type": "LineString",
        "coordinates": [
          [
            4.9007122,
            52.3751387
          ],
          [
            4.9007176,
            52.3751879
          ]
        ]
      },
      "id": "way/1322995837"
    },
    {
      "type": "Feature",
      "properties": {
        "@id": "way/1322995838",
        "name": "Oudezijds Achterburgwal",
        "waterway": "canal",
        "wikidata": "Q3001173"
      },
      "geometry": {
        "type": "LineString",
        "coordinates": [
          [
            4.9007176,
            52.3751879
          ],
          [
            4.9007004,
            52.3752907
          ],
          [
            4.9006371,
            52.3753984
          ],
          [
            4.9004999,
            52.375513
          ],
          [
            4.9003422,
            52.3756554
          ]
        ]
      },
      "id": "way/1322995838"
    },
    {
      "type": "Feature",
      "properties": {
        "@id": "way/1322995839",
        "boat": "yes",
        "loc_ref": "203",
        "name": "Oudezijds Voorburgwal",
        "oneway": "yes",
        "waterway": "canal",
        "wikidata": "Q2484869"
      },
      "geometry": {
        "type": "LineString",
        "coordinates": [
          [
            4.9000588,
            52.3753971
          ],
          [
            4.9003422,
            52.3756554
          ]
        ]
      },
      "id": "way/1322995839"
    },
    {
      "type": "Feature",
      "properties": {
        "@id": "way/1322995840",
        "boat": "yes",
        "loc_ref": "203",
        "name": "Oudezijds Voorburgwal",
        "oneway": "yes",
        "seamark:bridge:category": "yes",
        "waterway": "canal",
        "wikidata": "Q2484869"
      },
      "geometry": {
        "type": "LineString",
        "coordinates": [
          [
            4.8999979,
            52.3753425
          ],
          [
            4.9000588,
            52.3753971
          ]
        ]
      },
      "id": "way/1322995840"
    },
    {
      "type": "Feature",
      "properties": {
        "@id": "way/1322995841",
        "boat": "yes",
        "loc_ref": "203",
        "name": "Oudezijds Voorburgwal",
        "oneway": "yes",
        "seamark:bridge:category": "yes",
        "waterway": "canal",
        "wikidata": "Q2484869"
      },
      "geometry": {
        "type": "LineString",
        "coordinates": [
          [
            4.8993598,
            52.3747026
          ],
          [
            4.8994518,
            52.3747925
          ]
        ]
      },
      "id": "way/1322995841"
    },
    {
      "type": "Feature",
      "properties": {
        "@id": "way/1322995842",
        "boat": "yes",
        "loc_ref": "203",
        "name": "Oudezijds Voorburgwal",
        "oneway": "yes",
        "waterway": "canal",
        "wikidata": "Q2484869"
      },
      "geometry": {
        "type": "LineString",
        "coordinates": [
          [
            4.8994518,
            52.3747925
          ],
          [
            4.8999979,
            52.3753425
          ]
        ]
      },
      "id": "way/1322995842"
    },
    {
      "type": "Feature",
      "properties": {
        "@id": "way/1322995843",
        "boat": "yes",
        "loc_ref": "203",
        "name": "Oudezijds Voorburgwal",
        "oneway": "yes",
        "seamark:bridge:category": "yes",
        "waterway": "canal",
        "wikidata": "Q2484869"
      },
      "geometry": {
        "type": "LineString",
        "coordinates": [
          [
            4.8984028,
            52.3738806
          ],
          [
            4.8984944,
            52.3739514
          ]
        ]
      },
      "id": "way/1322995843"
    },
    {
      "type": "Feature",
      "properties": {
        "@id": "way/1322995844",
        "boat": "yes",
        "loc_ref": "203",
        "name": "Oudezijds Voorburgwal",
        "oneway": "yes",
        "waterway": "canal",
        "wikidata": "Q2484869"
      },
      "geometry": {
        "type": "LineString",
        "coordinates": [
          [
            4.8968921,
            52.3727111
          ],
          [
            4.8984028,
            52.3738806
          ]
        ]
      },
      "id": "way/1322995844"
    },
    {
      "type": "Feature",
      "properties": {
        "@id": "way/1322995845",
        "boat": "yes",
        "loc_ref": "203",
        "name": "Oudezijds Voorburgwal",
        "oneway": "yes",
        "seamark:bridge:category": "yes",
        "waterway": "canal",
        "wikidata": "Q2484869"
      },
      "geometry": {
        "type": "LineString",
        "coordinates": [
          [
            4.896833,
            52.3726611
          ],
          [
            4.8968921,
            52.3727111
          ]
        ]
      },
      "id": "way/1322995845"
    },
    {
      "type": "Feature",
      "properties": {
        "@id": "way/1322995846",
        "boat": "yes",
        "loc_ref": "203",
        "name": "Oudezijds Voorburgwal",
        "oneway": "yes",
        "waterway": "canal",
        "wikidata": "Q2484869"
      },
      "geometry": {
        "type": "LineString",
        "coordinates": [
          [
            4.8984944,
            52.3739514
          ],
          [
            4.899048,
            52.3743979
          ],
          [
            4.8993598,
            52.3747026
          ]
        ]
      },
      "id": "way/1322995846"
    },
    {
      "type": "Feature",
      "properties": {
        "@id": "way/1322995847",
        "boat": "yes",
        "loc_ref": "203",
        "name": "Oudezijds Voorburgwal",
        "oneway": "yes",
        "seamark:bridge:category": "yes",
        "waterway": "canal",
        "wikidata": "Q2484869"
      },
      "geometry": {
        "type": "LineString",
        "coordinates": [
          [
            4.8957454,
            52.3717528
          ],
          [
            4.8959406,
            52.3719185
          ]
        ]
      },
      "id": "way/1322995847"
    },
    {
      "type": "Feature",
      "properties": {
        "@id": "way/1322995848",
        "boat": "yes",
        "loc_ref": "203",
        "name": "Oudezijds Voorburgwal",
        "oneway": "yes",
        "waterway": "canal",
        "wikidata": "Q2484869"
      },
      "geometry": {
        "type": "LineString",
        "coordinates": [
          [
            4.8947548,
            52.3707903
          ],
          [
            4.8948595,
            52.3709477
          ],
          [
            4.8954181,
            52.3715189
          ],
          [
            4.8957454,
            52.3717528
          ]
        ]
      },
      "id": "way/1322995848"
    },
    {
      "type": "Feature",
      "properties": {
        "@id": "way/1322995849",
        "boat": "yes",
        "loc_ref": "203",
        "name": "Oudezijds Voorburgwal",
        "oneway": "yes",
        "seamark:bridge:category": "yes",
        "waterway": "canal",
        "wikidata": "Q2484869"
      },
      "geometry": {
        "type": "LineString",
        "coordinates": [
          [
            4.89473,
            52.3707147
          ],
          [
            4.8947548,
            52.3707903
          ]
        ]
      },
      "id": "way/1322995849"
    },
    {
      "type": "Feature",
      "properties": {
        "@id": "way/1322995850",
        "boat": "yes",
        "loc_ref": "203",
        "name": "Oudezijds Voorburgwal",
        "oneway": "yes",
        "waterway": "canal",
        "wikidata": "Q2484869"
      },
      "geometry": {
        "type": "LineString",
        "coordinates": [
          [
            4.8945534,
            52.3701801
          ],
          [
            4.89473,
            52.3707147
          ]
        ]
      },
      "id": "way/1322995850"
    },
    {
      "type": "Feature",
      "properties": {
        "@id": "way/1322995851",
        "boat": "yes",
        "loc_ref": "203",
        "name": "Oudezijds Voorburgwal",
        "oneway": "yes",
        "seamark:bridge:category": "yes",
        "waterway": "canal",
        "wikidata": "Q2484869"
      },
      "geometry": {
        "type": "LineString",
        "coordinates": [
          [
            4.8945296,
            52.3701063
          ],
          [
            4.8945534,
            52.3701801
          ]
        ]
      },
      "id": "way/1322995851"
    },
    {
      "type": "Feature",
      "properties": {
        "@id": "way/1322995852",
        "boat": "yes",
        "loc_ref": "203",
        "name": "Oudezijds Voorburgwal",
        "oneway": "yes",
        "waterway": "canal",
        "wikidata": "Q2484869"
      },
      "geometry": {
        "type": "LineString",
        "coordinates": [
          [
            4.8943119,
            52.3693867
          ],
          [
            4.8945296,
            52.3701063
          ]
        ]
      },
      "id": "way/1322995852"
    },
    {
      "type": "Feature",
      "properties": {
        "@id": "way/1322995853",
        "boat": "yes",
        "loc_ref": "203",
        "name": "Oudezijds Voorburgwal",
        "oneway": "yes",
        "seamark:bridge:category": "yes",
        "waterway": "canal",
        "wikidata": "Q2484869"
      },
      "geometry": {
        "type": "LineString",
        "coordinates": [
          [
            4.8943009,
            52.3692249
          ],
          [
            4.8943119,
            52.3693867
          ]
        ]
      },
      "id": "way/1322995853"
    },
    {
      "type": "Feature",
      "properties": {
        "@id": "way/1322995854",
        "name": "Oudezijds Achterburgwal",
        "seamark:bridge:category": "yes",
        "waterway": "canal",
        "wikidata": "Q3001173"
      },
      "geometry": {
        "type": "LineString",
        "coordinates": [
          [
            4.8948251,
            52.369259
          ],
          [
            4.8949336,
            52.36936
          ]
        ]
      },
      "id": "way/1322995854"
    },
    {
      "type": "Feature",
      "properties": {
        "@id": "way/1322995855",
        "boat": "yes",
        "name": "Grimburgwal",
        "oneway": "yes",
        "seamark:bridge:category": "yes",
        "waterway": "canal",
        "wikidata": "Q2122890"
      },
      "geometry": {
        "type": "LineString",
        "coordinates": [
          [
            4.8925803,
            52.3691016
          ],
          [
            4.8927888,
            52.3691275
          ]
        ]
      },
      "id": "way/1322995855"
    },
    {
      "type": "Feature",
      "properties": {
        "@id": "way/1322995856",
        "boat": "yes",
        "name": "Grimburgwal",
        "oneway": "yes",
        "waterway": "canal",
        "wikidata": "Q2122890"
      },
      "geometry": {
        "type": "LineString",
        "coordinates": [
          [
            4.8923639,
            52.3690584
          ],
          [
            4.8925803,
            52.3691016
          ]
        ]
      },
      "id": "way/1322995856"
    },
    {
      "type": "Feature",
      "properties": {
        "@id": "way/1322995857",
        "boat": "yes",
        "canoe": "yes",
        "maxspeed": "6",
        "motorboat": "yes",
        "name": "Raamgracht",
        "oneway": "yes",
        "seamark:bridge:category": "yes",
        "waterway": "canal",
        "wikidata": "Q1872315",
        "wikimedia_commons": "Category:Raamgracht, Amsterdam",
        "wikipedia": "nl:Raamgracht (Amsterdam)"
      },
      "geometry": {
        "type": "LineString",
        "coordinates": [
          [
            4.8981548,
            52.369918
          ],
          [
            4.8977906,
            52.3699892
          ]
        ]
      },
      "id": "way/1322995857"
    },
    {
      "type": "Feature",
      "properties": {
        "@id": "way/1322995858",
        "boat": "yes",
        "canoe": "yes",
        "motorboat": "yes",
        "name": "Kloveniersburgwal",
        "waterway": "canal"
      },
      "geometry": {
        "type": "LineString",
        "coordinates": [
          [
            4.8976613,
            52.3698512
          ],
          [
            4.8963176,
            52.3684169
          ]
        ]
      },
      "id": "way/1322995858"
    },
    {
      "type": "Feature",
      "properties": {
        "@id": "way/1322995859",
        "boat": "yes",
        "canoe": "yes",
        "motorboat": "yes",
        "name": "Groenburgwal",
        "seamark:bridge:category": "yes",
        "waterway": "canal"
      },
      "geometry": {
        "type": "LineString",
        "coordinates": [
          [
            4.8990669,
            52.3697396
          ],
          [
            4.8989652,
            52.3696302
          ]
        ]
      },
      "id": "way/1322995859"
    },
    {
      "type": "Feature",
      "properties": {
        "@id": "way/1322995860",
        "boat": "yes",
        "canoe": "yes",
        "maxspeed": "6",
        "motorboat": "yes",
        "name": "Raamgracht",
        "oneway": "yes",
        "seamark:bridge:category": "yes",
        "waterway": "canal",
        "wikidata": "Q1872315",
        "wikimedia_commons": "Category:Raamgracht, Amsterdam",
        "wikipedia": "nl:Raamgracht (Amsterdam)"
      },
      "geometry": {
        "type": "LineString",
        "coordinates": [
          [
            4.9001714,
            52.3694055
          ],
          [
            4.900044,
            52.3694622
          ]
        ]
      },
      "id": "way/1322995860"
    },
    {
      "type": "Feature",
      "properties": {
        "@id": "way/1322995861",
        "boat": "yes",
        "canoe": "yes",
        "maxspeed": "6",
        "motorboat": "yes",
        "name": "Raamgracht",
        "oneway": "yes",
        "waterway": "canal",
        "wikidata": "Q1872315",
        "wikimedia_commons": "Category:Raamgracht, Amsterdam",
        "wikipedia": "nl:Raamgracht (Amsterdam)"
      },
      "geometry": {
        "type": "LineString",
        "coordinates": [
          [
            4.9003768,
            52.3691823
          ],
          [
            4.9001714,
            52.3694055
          ]
        ]
      },
      "id": "way/1322995861"
    },
    {
      "type": "Feature",
      "properties": {
        "@id": "way/1322995862",
        "CEMT": "0",
        "boat": "yes",
        "maxspeed": "6",
        "name": "Oudeschans",
        "waterway": "canal",
        "wikidata": "Q2441755",
        "wikimedia_commons": "Category:Oudeschans, Amsterdam",
        "wikipedia": "nl:Oudeschans (Amsterdam)"
      },
      "geometry": {
        "type": "LineString",
        "coordinates": [
          [
            4.9016053,
            52.3699487
          ],
          [
            4.9018729,
            52.370111
          ]
        ]
      },
      "id": "way/1322995862"
    },
    {
      "type": "Feature",
      "properties": {
        "@id": "way/1322995863",
        "CEMT": "0",
        "boat": "yes",
        "maxspeed": "6",
        "name": "Zwanenburgwal",
        "seamark:bridge:category": "yes",
        "waterway": "canal",
        "wikidata": "Q2498664",
        "wikipedia": "nl:Zwanenburgwal"
      },
      "geometry": {
        "type": "LineString",
        "coordinates": [
          [
            4.8989176,
            52.3680356
          ],
          [
            4.8990047,
            52.3681084
          ],
          [
            4.8990486,
            52.3681523
          ]
        ]
      },
      "id": "way/1322995863"
    },
    {
      "type": "Feature",
      "properties": {
        "@id": "way/1322995864",
        "CEMT": "0",
        "boat": "yes",
        "maxspeed": "6",
        "name": "Zwanenburgwal",
        "waterway": "canal",
        "wikidata": "Q2498664",
        "wikipedia": "nl:Zwanenburgwal"
      },
      "geometry": {
        "type": "LineString",
        "coordinates": [
          [
            4.8984665,
            52.3673285
          ],
          [
            4.8984976,
            52.3676263
          ],
          [
            4.8989176,
            52.3680356
          ]
        ]
      },
      "id": "way/1322995864"
    },
    {
      "type": "Feature",
      "properties": {
        "@id": "way/1323000246",
        "boat": "yes",
        "maxspeed": "6",
        "waterway": "canal"
      },
      "geometry": {
        "type": "LineString",
        "coordinates": [
          [
            4.902826,
            52.3696244
          ],
          [
            4.9018729,
            52.370111
          ]
        ]
      },
      "id": "way/1323000246"
    },
    {
      "type": "Feature",
      "properties": {
        "@id": "way/1323000247",
        "boat": "yes",
        "maxspeed": "6",
        "waterway": "canal"
      },
      "geometry": {
        "type": "LineString",
        "coordinates": [
          [
            4.903715,
            52.3692526
          ],
          [
            4.9030683,
            52.3695297
          ]
        ]
      },
      "id": "way/1323000247"
    },
    {
      "type": "Feature",
      "properties": {
        "@id": "way/1323000248",
        "boat": "yes",
        "canoe": "yes",
        "maxspeed": "6",
        "motorboat": "yes",
        "name": "Rapenburgwal",
        "seamark:bridge:category": "yes",
        "waterway": "canal",
        "wikidata": "Q16672161"
      },
      "geometry": {
        "type": "LineString",
        "coordinates": [
          [
            4.9072561,
            52.3715851
          ],
          [
            4.907455,
            52.3714192
          ]
        ]
      },
      "id": "way/1323000248"
    },
    {
      "type": "Feature",
      "properties": {
        "@id": "way/1323000249",
        "boat": "yes",
        "canoe": "yes",
        "maxspeed": "6",
        "motorboat": "yes",
        "name": "Rapenburgwal",
        "waterway": "canal",
        "wikidata": "Q16672161"
      },
      "geometry": {
        "type": "LineString",
        "coordinates": [
          [
            4.9063988,
            52.3720583
          ],
          [
            4.9072561,
            52.3715851
          ]
        ]
      },
      "id": "way/1323000249"
    },
    {
      "type": "Feature",
      "properties": {
        "@id": "way/1323000250",
        "CEMT": "0",
        "boat": "yes",
        "maxspeed": "6",
        "name": "Oudeschans",
        "waterway": "canal",
        "wikidata": "Q2441755",
        "wikimedia_commons": "Category:Oudeschans, Amsterdam",
        "wikipedia": "nl:Oudeschans (Amsterdam)"
      },
      "geometry": {
        "type": "LineString",
        "coordinates": [
          [
            4.9063988,
            52.3720583
          ],
          [
            4.9075627,
            52.3726289
          ]
        ]
      },
      "id": "way/1323000250"
    },
    {
      "type": "Feature",
      "properties": {
        "@id": "way/1323000251",
        "boat": "yes",
        "canoe": "yes",
        "maxspeed": "6",
        "motorboat": "yes",
        "name": "Waalseilandgracht",
        "waterway": "canal",
        "wikidata": "Q5465767",
        "wikimedia_commons": "Category:Waalseilandsgracht",
        "wikipedia": "nl:Waalseilandsgracht"
      },
      "geometry": {
        "type": "LineString",
        "coordinates": [
          [
            4.9059946,
            52.3722364
          ],
          [
            4.9063988,
            52.3720583
          ]
        ]
      },
      "id": "way/1323000251"
    },
    {
      "type": "Feature",
      "properties": {
        "@id": "way/1323000252",
        "boat": "yes",
        "canoe": "yes",
        "maxspeed": "6",
        "motorboat": "yes",
        "name": "Waalseilandgracht",
        "seamark:bridge:category": "yes",
        "waterway": "canal",
        "wikidata": "Q5465767",
        "wikimedia_commons": "Category:Waalseilandsgracht",
        "wikipedia": "nl:Waalseilandsgracht"
      },
      "geometry": {
        "type": "LineString",
        "coordinates": [
          [
            4.9058893,
            52.3723213
          ],
          [
            4.9059946,
            52.3722364
          ]
        ]
      },
      "id": "way/1323000252"
    },
    {
      "type": "Feature",
      "properties": {
        "@id": "way/1323000253",
        "boat": "yes",
        "canoe": "yes",
        "motorboat": "yes",
        "name": "Geldersekade",
        "seamark:bridge:category": "yes",
        "waterway": "canal",
        "wikidata": "Q4807145"
      },
      "geometry": {
        "type": "LineString",
        "coordinates": [
          [
            4.9012629,
            52.374086
          ],
          [
            4.901342,
            52.3742419
          ]
        ]
      },
      "id": "way/1323000253"
    },
    {
      "type": "Feature",
      "properties": {
        "@id": "way/1323000254",
        "boat": "yes",
        "canoe": "yes",
        "motorboat": "yes",
        "name": "Geldersekade",
        "waterway": "canal",
        "wikidata": "Q4807145"
      },
      "geometry": {
        "type": "LineString",
        "coordinates": [
          [
            4.9009489,
            52.3734672
          ],
          [
            4.9012629,
            52.374086
          ]
        ]
      },
      "id": "way/1323000254"
    },
    {
      "type": "Feature",
      "properties": {
        "@id": "way/1323000255",
        "boat": "yes",
        "canoe": "yes",
        "motorboat": "yes",
        "name": "Geldersekade",
        "waterway": "canal",
        "wikidata": "Q4807145"
      },
      "geometry": {
        "type": "LineString",
        "coordinates": [
          [
            4.901119,
            52.373426
          ],
          [
            4.9009489,
            52.3734672
          ]
        ]
      },
      "id": "way/1323000255"
    },
    {
      "type": "Feature",
      "properties": {
        "@id": "way/1323000256",
        "boat": "yes",
        "canoe": "yes",
        "motorboat": "yes",
        "name": "Geldersekade",
        "waterway": "canal",
        "wikidata": "Q4807145"
      },
      "geometry": {
        "type": "LineString",
        "coordinates": [
          [
            4.9009489,
            52.3734672
          ],
          [
            4.9008572,
            52.3732821
          ]
        ]
      },
      "id": "way/1323000256"
    },
    {
      "type": "Feature",
      "properties": {
        "@id": "way/1323000257",
        "boat": "yes",
        "name": "Recht Boomssloot",
        "seamark:bridge:category": "yes",
        "waterway": "canal",
        "wikidata": "Q2220608"
      },
      "geometry": {
        "type": "LineString",
        "coordinates": [
          [
            4.9013406,
            52.3733687
          ],
          [
            4.901119,
            52.373426
          ]
        ]
      },
      "id": "way/1323000257"
    },
    {
      "type": "Feature",
      "properties": {
        "@id": "way/1323000258",
        "boat": "yes",
        "name": "Recht Boomssloot",
        "seamark:bridge:category": "yes",
        "waterway": "canal",
        "wikidata": "Q2220608"
      },
      "geometry": {
        "type": "LineString",
        "coordinates": [
          [
            4.9019715,
            52.3730086
          ],
          [
            4.9019088,
            52.3730424
          ]
        ]
      },
      "id": "way/1323000258"
    },
    {
      "type": "Feature",
      "properties": {
        "@id": "way/1323000259",
        "boat": "yes",
        "name": "Recht Boomssloot",
        "waterway": "canal",
        "wikidata": "Q2220608"
      },
      "geometry": {
        "type": "LineString",
        "coordinates": [
          [
            4.9028427,
            52.3725388
          ],
          [
            4.9019715,
            52.3730086
          ]
        ]
      },
      "id": "way/1323000259"
    },
    {
      "type": "Feature",
      "properties": {
        "@id": "way/1323000260",
        "boat": "yes",
        "maxspeed": "6",
        "name": "Snoekjesgracht",
        "seamark:bridge:category": "yes",
        "waterway": "canal",
        "wikidata": "Q4834672"
      },
      "geometry": {
        "type": "LineString",
        "coordinates": [
          [
            4.9012665,
            52.3705639
          ],
          [
            4.9013337,
            52.3704711
          ]
        ]
      },
      "id": "way/1323000260"
    },
    {
      "type": "Feature",
      "properties": {
        "@id": "way/1323000261",
        "boat": "yes",
        "maxspeed": "6",
        "name": "Snoekjesgracht",
        "waterway": "canal",
        "wikidata": "Q4834672"
      },
      "geometry": {
        "type": "LineString",
        "coordinates": [
          [
            4.9013337,
            52.3704711
          ],
          [
            4.9014955,
            52.3702881
          ],
          [
            4.9018729,
            52.370111
          ]
        ]
      },
      "id": "way/1323000261"
    },
    {
      "type": "Feature",
      "properties": {
        "@id": "way/1323000262",
        "boat": "yes",
        "maxspeed": "6",
        "name": "Krom Boomssloot",
        "seamark:bridge:category": "yes",
        "waterway": "canal",
        "wikidata": "Q2192281"
      },
      "geometry": {
        "type": "LineString",
        "coordinates": [
          [
            4.901677,
            52.3710211
          ],
          [
            4.9015793,
            52.3709719
          ]
        ]
      },
      "id": "way/1323000262"
    },
    {
      "type": "Feature",
      "properties": {
        "@id": "way/1323000263",
        "boat": "yes",
        "maxspeed": "6",
        "name": "Krom Boomssloot",
        "waterway": "canal",
        "wikidata": "Q2192281"
      },
      "geometry": {
        "type": "LineString",
        "coordinates": [
          [
            4.9015793,
            52.3709719
          ],
          [
            4.9011437,
            52.3707644
          ]
        ]
      },
      "id": "way/1323000263"
    },
    {
      "type": "Feature",
      "properties": {
        "@id": "way/1323000264",
        "boat": "yes",
        "maxspeed": "6",
        "name": "Krom Boomssloot",
        "seamark:bridge:category": "yes",
        "waterway": "canal",
        "wikidata": "Q2192281"
      },
      "geometry": {
        "type": "LineString",
        "coordinates": [
          [
            4.9023183,
            52.3715653
          ],
          [
            4.9022655,
            52.3714829
          ]
        ]
      },
      "id": "way/1323000264"
    },
    {
      "type": "Feature",
      "properties": {
        "@id": "way/1323000265",
        "boat": "yes",
        "maxspeed": "6",
        "name": "Krom Boomssloot",
        "waterway": "canal",
        "wikidata": "Q2192281"
      },
      "geometry": {
        "type": "LineString",
        "coordinates": [
          [
            4.9024969,
            52.371966
          ],
          [
            4.9023183,
            52.3715653
          ]
        ]
      },
      "id": "way/1323000265"
    },
    {
      "type": "Feature",
      "properties": {
        "@id": "way/1323000266",
        "boat": "yes",
        "maxspeed": "6",
        "name": "Krom Boomssloot",
        "seamark:bridge:category": "yes",
        "waterway": "canal",
        "wikidata": "Q2192281"
      },
      "geometry": {
        "type": "LineString",
        "coordinates": [
          [
            4.9025403,
            52.372043
          ],
          [
            4.9024969,
            52.371966
          ]
        ]
      },
      "id": "way/1323000266"
    },
    {
      "type": "Feature",
      "properties": {
        "@id": "way/1323000267",
        "boat": "yes",
        "maxspeed": "6",
        "name": "Krom Boomssloot",
        "waterway": "canal",
        "wikidata": "Q2192281"
      },
      "geometry": {
        "type": "LineString",
        "coordinates": [
          [
            4.9027402,
            52.3724274
          ],
          [
            4.9025403,
            52.372043
          ]
        ]
      },
      "id": "way/1323000267"
    },
    {
      "type": "Feature",
      "properties": {
        "@id": "way/1323000268",
        "boat": "yes",
        "maxspeed": "6",
        "name": "Krom Boomssloot",
        "seamark:bridge:category": "yes",
        "waterway": "canal",
        "wikidata": "Q2192281"
      },
      "geometry": {
        "type": "LineString",
        "coordinates": [
          [
            4.9028427,
            52.3725388
          ],
          [
            4.9027402,
            52.3724274
          ]
        ]
      },
      "id": "way/1323000268"
    },
    {
      "type": "Feature",
      "properties": {
        "@id": "way/1323000269",
        "boat": "yes",
        "name": "Recht Boomssloot",
        "seamark:bridge:category": "yes",
        "waterway": "canal",
        "wikidata": "Q2220608"
      },
      "geometry": {
        "type": "LineString",
        "coordinates": [
          [
            4.9029864,
            52.372458
          ],
          [
            4.9028427,
            52.3725388
          ]
        ]
      },
      "id": "way/1323000269"
    },
    {
      "type": "Feature",
      "properties": {
        "@id": "way/1323000270",
        "boat": "yes",
        "name": "Recht Boomssloot",
        "waterway": "canal",
        "wikidata": "Q2220608"
      },
      "geometry": {
        "type": "LineString",
        "coordinates": [
          [
            4.9044038,
            52.3716609
          ],
          [
            4.9029864,
            52.372458
          ]
        ]
      },
      "id": "way/1323000270"
    },
    {
      "type": "Feature",
      "properties": {
        "@id": "way/1323000271",
        "boat": "yes",
        "layer": "1",
        "name": "Recht Boomssloot",
        "seamark:bridge:category": "yes",
        "waterway": "canal",
        "wikidata": "Q2220608"
      },
      "geometry": {
        "type": "LineString",
        "coordinates": [
          [
            4.9045595,
            52.3715634
          ],
          [
            4.9044038,
            52.3716609
          ]
        ]
      },
      "id": "way/1323000271"
    },
    {
      "type": "Feature",
      "properties": {
        "@id": "way/1323000272",
        "boat": "yes",
        "name": "Recht Boomssloot",
        "waterway": "canal",
        "wikidata": "Q2220608"
      },
      "geometry": {
        "type": "LineString",
        "coordinates": [
          [
            4.9047393,
            52.3713819
          ],
          [
            4.9045595,
            52.3715634
          ]
        ]
      },
      "id": "way/1323000272"
    },
    {
      "type": "Feature",
      "properties": {
        "@id": "way/1323000273",
        "CEMT": "0",
        "boat": "yes",
        "maxspeed": "6",
        "name": "Oudeschans",
        "seamark:bridge:category": "yes",
        "waterway": "canal",
        "wikidata": "Q2441755",
        "wikimedia_commons": "Category:Oudeschans, Amsterdam",
        "wikipedia": "nl:Oudeschans (Amsterdam)"
      },
      "geometry": {
        "type": "LineString",
        "coordinates": [
          [
            4.9038756,
            52.3710301
          ],
          [
            4.9039956,
            52.3710838
          ],
          [
            4.9041393,
            52.3711414
          ]
        ]
      },
      "id": "way/1323000273"
    },
    {
      "type": "Feature",
      "properties": {
        "@id": "way/1323000274",
        "CEMT": "0",
        "boat": "yes",
        "maxspeed": "6",
        "name": "Oudeschans",
        "waterway": "canal",
        "wikidata": "Q2441755",
        "wikimedia_commons": "Category:Oudeschans, Amsterdam",
        "wikipedia": "nl:Oudeschans (Amsterdam)"
      },
      "geometry": {
        "type": "LineString",
        "coordinates": [
          [
            4.9041393,
            52.3711414
          ],
          [
            4.9047393,
            52.3713819
          ],
          [
            4.9063988,
            52.3720583
          ]
        ]
      },
      "id": "way/1323000274"
    },
    {
      "type": "Feature",
      "properties": {
        "@id": "way/1323622722",
        "CEMT": "II",
        "boat": "yes",
        "maxspeed": "6",
        "name": "Dijksgracht",
        "waterway": "canal",
        "wikidata": "Q19017633"
      },
      "geometry": {
        "type": "LineString",
        "coordinates": [
          [
            4.9124928,
            52.3755272
          ],
          [
            4.9138468,
            52.3760495
          ]
        ]
      },
      "id": "way/1323622722"
    },
    {
      "type": "Feature",
      "properties": {
        "@id": "way/1323622723",
        "CEMT": "II",
        "boat": "yes",
        "maxspeed": "6",
        "name": "Dijksgracht",
        "seamark:bridge:category": "yes",
        "waterway": "canal",
        "wikidata": "Q19017633"
      },
      "geometry": {
        "type": "LineString",
        "coordinates": [
          [
            4.9138468,
            52.3760495
          ],
          [
            4.9141721,
            52.3760819
          ],
          [
            4.9143888,
            52.3761012
          ]
        ]
      },
      "id": "way/1323622723"
    },
    {
      "type": "Feature",
      "properties": {
        "@id": "way/1323622724",
        "CEMT": "II",
        "boat": "yes",
        "name": "Oosterdok",
        "name:nl": "Oosterdok",
        "name:uk": "Оостердок",
        "seamark:bridge:category": "yes",
        "waterway": "canal",
        "wikidata": "Q2302371"
      },
      "geometry": {
        "type": "LineString",
        "coordinates": [
          [
            4.9104327,
            52.3746298
          ],
          [
            4.9106232,
            52.3747636
          ],
          [
            4.91084,
            52.3749193
          ]
        ]
      },
      "id": "way/1323622724"
    },
    {
      "type": "Feature",
      "properties": {
        "@id": "way/1323622725",
        "CEMT": "II",
        "boat": "yes",
        "name": "Oosterdok",
        "name:nl": "Oosterdok",
        "name:uk": "Оостердок",
        "waterway": "canal",
        "wikidata": "Q2302371"
      },
      "geometry": {
        "type": "LineString",
        "coordinates": [
          [
            4.91084,
            52.3749193
          ],
          [
            4.9111702,
            52.3754794
          ]
        ]
      },
      "id": "way/1323622725"
    },
    {
      "type": "Feature",
      "properties": {
        "@id": "way/1323622726",
        "boat": "yes",
        "canoe": "yes",
        "maxspeed": "6",
        "motorboat": "yes",
        "name": "Waalseilandgracht",
        "seamark:bridge:category": "yes",
        "waterway": "canal",
        "wikidata": "Q5465767",
        "wikimedia_commons": "Category:Waalseilandsgracht",
        "wikipedia": "nl:Waalseilandsgracht"
      },
      "geometry": {
        "type": "LineString",
        "coordinates": [
          [
            4.9034516,
            52.3736895
          ],
          [
            4.9035097,
            52.3736261
          ]
        ]
      },
      "id": "way/1323622726"
    },
    {
      "type": "Feature",
      "properties": {
        "@id": "way/1323622727",
        "boat": "yes",
        "canoe": "yes",
        "maxspeed": "6",
        "motorboat": "yes",
        "name": "Waalseilandgracht",
        "waterway": "canal",
        "wikidata": "Q5465767",
        "wikimedia_commons": "Category:Waalseilandsgracht",
        "wikipedia": "nl:Waalseilandsgracht"
      },
      "geometry": {
        "type": "LineString",
        "coordinates": [
          [
            4.9035097,
            52.3736261
          ],
          [
            4.9036662,
            52.3734955
          ],
          [
            4.9058893,
            52.3723213
          ]
        ]
      },
      "id": "way/1323622727"
    },
    {
      "type": "Feature",
      "properties": {
        "@id": "way/1323622728",
        "boat": "yes",
        "canoe": "yes",
        "maxspeed": "6",
        "motorboat": "yes",
        "name": "Waalseilandgracht",
        "seamark:bridge:category": "yes",
        "waterway": "canal",
        "wikidata": "Q5465767",
        "wikimedia_commons": "Category:Waalseilandsgracht",
        "wikipedia": "nl:Waalseilandsgracht"
      },
      "geometry": {
        "type": "LineString",
        "coordinates": [
          [
            4.9038205,
            52.3754147
          ],
          [
            4.903268,
            52.3750195
          ]
        ]
      },
      "id": "way/1323622728"
    },
    {
      "type": "Feature",
      "properties": {
        "@id": "way/1323622729",
        "boat": "yes",
        "canoe": "yes",
        "maxspeed": "6",
        "motorboat": "yes",
        "name": "Waalseilandgracht",
        "waterway": "canal",
        "wikidata": "Q5465767",
        "wikimedia_commons": "Category:Waalseilandsgracht",
        "wikipedia": "nl:Waalseilandsgracht"
      },
      "geometry": {
        "type": "LineString",
        "coordinates": [
          [
            4.9045623,
            52.3760417
          ],
          [
            4.9038205,
            52.3754147
          ]
        ]
      },
      "id": "way/1323622729"
    },
    {
      "type": "Feature",
      "properties": {
        "@id": "way/1323622731",
        "canoe": "yes",
        "motorboat": "yes",
        "waterway": "canal"
      },
      "geometry": {
        "type": "LineString",
        "coordinates": [
          [
            4.9035107,
            52.3764082
          ],
          [
            4.9045623,
            52.3760417
          ],
          [
            4.9046946,
            52.3759927
          ]
        ]
      },
      "id": "way/1323622731"
    },
    {
      "type": "Feature",
      "properties": {
        "@id": "way/1323622732",
        "canoe": "yes",
        "motorboat": "yes",
        "seamark:bridge:category": "yes",
        "waterway": "canal"
      },
      "geometry": {
        "type": "LineString",
        "coordinates": [
          [
            4.9030451,
            52.3765962
          ],
          [
            4.9032942,
            52.3764837
          ],
          [
            4.9035107,
            52.3764082
          ]
        ]
      },
      "id": "way/1323622732"
    },
    {
      "type": "Feature",
      "properties": {
        "@id": "way/1323622733",
        "boat": "yes",
        "canoe": "yes",
        "motorboat": "yes",
        "name": "Geldersekade",
        "waterway": "canal",
        "wikidata": "Q4807145"
      },
      "geometry": {
        "type": "LineString",
        "coordinates": [
          [
            4.9029872,
            52.37647
          ],
          [
            4.9030451,
            52.3765962
          ]
        ]
      },
      "id": "way/1323622733"
    },
    {
      "type": "Feature",
      "properties": {
        "@id": "way/1323622734",
        "boat": "yes",
        "canoe": "yes",
        "motorboat": "yes",
        "name": "Geldersekade",
        "seamark:bridge:category": "yes",
        "waterway": "canal",
        "wikidata": "Q4807145"
      },
      "geometry": {
        "type": "LineString",
        "coordinates": [
          [
            4.9024431,
            52.3762225
          ],
          [
            4.9029872,
            52.37647
          ]
        ]
      },
      "id": "way/1323622734"
    },
    {
      "type": "Feature",
      "properties": {
        "@id": "way/1323622735",
        "boat": "yes",
        "name": "Oudezijds Kolk",
        "oneway": "yes",
        "waterway": "canal"
      },
      "geometry": {
        "type": "LineString",
        "coordinates": [
          [
            4.9026363,
            52.3767694
          ],
          [
            4.9027817,
            52.3768364
          ]
        ]
      },
      "id": "way/1323622735"
    },
    {
      "type": "Feature",
      "properties": {
        "@id": "way/1323622736",
        "boat": "yes",
        "name": "Oudezijds Kolk",
        "oneway": "yes",
        "seamark:bridge:category": "yes",
        "waterway": "canal"
      },
      "geometry": {
        "type": "LineString",
        "coordinates": [
          [
            4.9021036,
            52.3765236
          ],
          [
            4.9026363,
            52.3767694
          ]
        ]
      },
      "id": "way/1323622736"
    },
    {
      "type": "Feature",
      "properties": {
        "@id": "way/1323622737",
        "canoe": "yes",
        "motorboat": "yes",
        "name": "Open Havenfront",
        "seamark:bridge:category": "yes",
        "waterway": "canal"
      },
      "geometry": {
        "type": "LineString",
        "coordinates": [
          [
            4.9018556,
            52.3772606
          ],
          [
            4.9021498,
            52.3771981
          ],
          [
            4.9023716,
            52.3771511
          ]
        ]
      },
      "id": "way/1323622737"
    },
    {
      "type": "Feature",
      "properties": {
        "@id": "way/1323622738",
        "canoe": "yes",
        "motorboat": "yes",
        "name": "Open Havenfront",
        "waterway": "canal"
      },
      "geometry": {
        "type": "LineString",
        "coordinates": [
          [
            4.8996416,
            52.3773686
          ],
          [
            4.9018556,
            52.3772606
          ]
        ]
      },
      "id": "way/1323622738"
    },
    {
      "type": "Feature",
      "properties": {
        "@id": "way/1323622739",
        "boat": "yes",
        "name": "Open Havenfront",
        "waterway": "canal"
      },
      "geometry": {
        "type": "LineString",
        "coordinates": [
          [
            4.8989845,
            52.3770386
          ],
          [
            4.8996416,
            52.3773686
          ]
        ]
      },
      "id": "way/1323622739"
    },
    {
      "type": "Feature",
      "properties": {
        "@id": "way/1323622740",
        "boat": "yes",
        "name": "Damrak",
        "seamark:bridge:category": "yes",
        "waterway": "canal",
        "wikidata": "Q901461"
      },
      "geometry": {
        "type": "LineString",
        "coordinates": [
          [
            4.8985257,
            52.37675
          ],
          [
            4.8988777,
            52.3769698
          ]
        ]
      },
      "id": "way/1323622740"
    },
    {
      "type": "Feature",
      "properties": {
        "@id": "way/1323622741",
        "boat": "yes",
        "name": "Open Havenfront",
        "seamark:bridge:category": "yes",
        "waterway": "canal"
      },
      "geometry": {
        "type": "LineString",
        "coordinates": [
          [
            4.8988361,
            52.3777575
          ],
          [
            4.8991586,
            52.3775773
          ]
        ]
      },
      "id": "way/1323622741"
    },
    {
      "type": "Feature",
      "properties": {
        "@id": "way/1323622742",
        "boat": "yes",
        "name": "Open Havenfront",
        "seamark:bridge:category": "yes",
        "waterway": "canal"
      },
      "geometry": {
        "type": "LineString",
        "coordinates": [
          [
            4.8975814,
            52.3787988
          ],
          [
            4.8978963,
            52.3786583
          ]
        ]
      },
      "id": "way/1323622742"
    },
    {
      "type": "Feature",
      "properties": {
        "@id": "way/1323632231",
        "canoe": "yes",
        "motorboat": "yes",
        "seamark:bridge:category": "yes",
        "waterway": "canal"
      },
      "geometry": {
        "type": "LineString",
        "coordinates": [
          [
            4.9269104,
            52.3667968
          ],
          [
            4.9269992,
            52.366661
          ]
        ]
      },
      "id": "way/1323632231"
    },
    {
      "type": "Feature",
      "properties": {
        "@id": "way/1323632232",
        "canoe": "yes",
        "motorboat": "yes",
        "waterway": "canal"
      },
      "geometry": {
        "type": "LineString",
        "coordinates": [
          [
            4.9269992,
            52.366661
          ],
          [
            4.9271601,
            52.3664587
          ]
        ]
      },
      "id": "way/1323632232"
    },
    {
      "type": "Feature",
      "properties": {
        "@id": "way/1323632233",
        "canoe": "yes",
        "motorboat": "yes",
        "name": "Oostenburgerdwarsvaart",
        "waterway": "canal"
      },
      "geometry": {
        "type": "LineString",
        "coordinates": [
          [
            4.9253882,
            52.370159
          ],
          [
            4.9251598,
            52.3702873
          ]
        ]
      },
      "id": "way/1323632233"
    },
    {
      "type": "Feature",
      "properties": {
        "@id": "way/1323632234",
        "canoe": "yes",
        "motorboat": "yes",
        "name": "Oostenburgervaart",
        "waterway": "canal"
      },
      "geometry": {
        "type": "LineString",
        "coordinates": [
          [
            4.9268275,
            52.3698357
          ],
          [
            4.9264105,
            52.3695602
          ]
        ]
      },
      "id": "way/1323632234"
    },
    {
      "type": "Feature",
      "properties": {
        "@id": "way/1323632235",
        "canoe": "yes",
        "motorboat": "yes",
        "name": "Oostenburgervaart",
        "seamark:bridge:category": "yes",
        "waterway": "canal"
      },
      "geometry": {
        "type": "LineString",
        "coordinates": [
          [
            4.9268915,
            52.3698745
          ],
          [
            4.9268275,
            52.3698357
          ]
        ]
      },
      "id": "way/1323632235"
    },
    {
      "type": "Feature",
      "properties": {
        "@id": "way/1323632236",
        "canoe": "yes",
        "motorboat": "yes",
        "name": "Oostenburgerdwarsvaart",
        "seamark:bridge:category": "yes",
        "waterway": "canal"
      },
      "geometry": {
        "type": "LineString",
        "coordinates": [
          [
            4.9251598,
            52.3702873
          ],
          [
            4.9250919,
            52.370327
          ]
        ]
      },
      "id": "way/1323632236"
    },
    {
      "type": "Feature",
      "properties": {
        "@id": "way/1323632237",
        "canoe": "yes",
        "motorboat": "yes",
        "name": "Oostenburgerdwarsvaart",
        "waterway": "canal"
      },
      "geometry": {
        "type": "LineString",
        "coordinates": [
          [
            4.9250919,
            52.370327
          ],
          [
            4.9238155,
            52.3710376
          ]
        ]
      },
      "id": "way/1323632237"
    },
    {
      "type": "Feature",
      "properties": {
        "@id": "way/1323632238",
        "CEMT": "II",
        "boat": "yes",
        "maxspeed": "6",
        "name": "Dijksgracht",
        "seamark:bridge:category": "yes",
        "waterway": "canal",
        "wikidata": "Q19017633"
      },
      "geometry": {
        "type": "LineString",
        "coordinates": [
          [
            4.9210376,
            52.3752261
          ],
          [
            4.9212412,
            52.3751908
          ],
          [
            4.9214459,
            52.3751553
          ]
        ]
      },
      "id": "way/1323632238"
    },
    {
      "type": "Feature",
      "properties": {
        "@id": "way/1323632239",
        "CEMT": "II",
        "boat": "yes",
        "maxspeed": "6",
        "name": "Dijksgracht",
        "waterway": "canal",
        "wikidata": "Q19017633"
      },
      "geometry": {
        "type": "LineString",
        "coordinates": [
          [
            4.9143888,
            52.3761012
          ],
          [
            4.9160167,
            52.3759443
          ],
          [
            4.9210376,
            52.3752261
          ]
        ]
      },
      "id": "way/1323632239"
    },
    {
      "type": "Feature",
      "properties": {
        "@id": "way/1323632240",
        "boat": "yes",
        "maxspeed": "6",
        "name": "Kattenburgervaart",
        "seamark:bridge:category": "yes",
        "waterway": "canal",
        "wikidata": "Q37427136"
      },
      "geometry": {
        "type": "LineString",
        "coordinates": [
          [
            4.9231616,
            52.3736841
          ],
          [
            4.9232811,
            52.3737579
          ]
        ]
      },
      "id": "way/1323632240"
    },
    {
      "type": "Feature",
      "properties": {
        "@id": "way/1323632241",
        "boat": "yes",
        "maxspeed": "6",
        "name": "Kattenburgervaart",
        "waterway": "canal",
        "wikidata": "Q37427136"
      },
      "geometry": {
        "type": "LineString",
        "coordinates": [
          [
            4.9216475,
            52.372731
          ],
          [
            4.9231616,
            52.3736841
          ]
        ]
      },
      "id": "way/1323632241"
    },
    {
      "type": "Feature",
      "properties": {
        "@id": "way/1323632242",
        "boat": "yes",
        "maxspeed": "6",
        "name": "Kattenburgervaart",
        "seamark:bridge:category": "yes",
        "waterway": "canal",
        "wikidata": "Q37427136"
      },
      "geometry": {
        "type": "LineString",
        "coordinates": [
          [
            4.9215702,
            52.372683
          ],
          [
            4.9216475,
            52.372731
          ]
        ]
      },
      "id": "way/1323632242"
    },
    {
      "type": "Feature",
      "properties": {
        "@id": "way/1323632243",
        "boat": "yes",
        "maxspeed": "6",
        "name": "Kattenburgervaart",
        "waterway": "canal",
        "wikidata": "Q37427136"
      },
      "geometry": {
        "type": "LineString",
        "coordinates": [
          [
            4.9232811,
            52.3737579
          ],
          [
            4.9240205,
            52.3742145
          ],
          [
            4.9242697,
            52.3744942
          ]
        ]
      },
      "id": "way/1323632243"
    },
    {
      "type": "Feature",
      "properties": {
        "@id": "way/1323632244",
        "boat": "yes",
        "maxspeed": "6",
        "name": "Kattenburgervaart",
        "seamark:bridge:category": "yes",
        "waterway": "canal",
        "wikidata": "Q37427136"
      },
      "geometry": {
        "type": "LineString",
        "coordinates": [
          [
            4.9194122,
            52.3716525
          ],
          [
            4.9195639,
            52.3717511
          ]
        ]
      },
      "id": "way/1323632244"
    },
    {
      "type": "Feature",
      "properties": {
        "@id": "way/1323632245",
        "boat": "yes",
        "maxspeed": "6",
        "name": "Kattenburgervaart",
        "waterway": "canal",
        "wikidata": "Q37427136"
      },
      "geometry": {
        "type": "LineString",
        "coordinates": [
          [
            4.9177932,
            52.3706686
          ],
          [
            4.9183482,
            52.3708142
          ],
          [
            4.9192607,
            52.3714153
          ],
          [
            4.9194122,
            52.3716525
          ]
        ]
      },
      "id": "way/1323632245"
    },
    {
      "type": "Feature",
      "properties": {
        "@id": "way/1323632246",
        "CEMT": "0",
        "boat": "yes",
        "maxspeed": "6",
        "name": "Nieuwe Vaart",
        "oneway": "yes",
        "seamark:bridge:category": "yes",
        "waterway": "canal"
      },
      "geometry": {
        "type": "LineString",
        "coordinates": [
          [
            4.9135219,
            52.3715129
          ],
          [
            4.9140726,
            52.3710417
          ],
          [
            4.9143739,
            52.3708894
          ],
          [
            4.9146749,
            52.3707179
          ],
          [
            4.9151432,
            52.3705719
          ]
        ]
      },
      "id": "way/1323632246"
    },
    {
      "type": "Feature",
      "properties": {
        "@id": "way/1323632247",
        "CEMT": "0",
        "boat": "yes",
        "maxspeed": "6",
        "name": "Nieuwe Vaart",
        "seamark:bridge:category": "yes",
        "waterway": "canal"
      },
      "geometry": {
        "type": "LineString",
        "coordinates": [
          [
            4.9188825,
            52.369357
          ],
          [
            4.9189459,
            52.3693355
          ],
          [
            4.9190673,
            52.3692943
          ]
        ]
      },
      "id": "way/1323632247"
    },
    {
      "type": "Feature",
      "properties": {
        "@id": "way/1323632248",
        "CEMT": "0",
        "boat": "yes",
        "maxspeed": "6",
        "name": "Nieuwe Vaart",
        "waterway": "canal"
      },
      "geometry": {
        "type": "LineString",
        "coordinates": [
          [
            4.9190673,
            52.3692943
          ],
          [
            4.9201623,
            52.3688147
          ],
          [
            4.9211065,
            52.3685081
          ],
          [
            4.9234193,
            52.3676647
          ],
          [
            4.9234454,
            52.3676552
          ],
          [
            4.9247504,
            52.3673537
          ]
        ]
      },
      "id": "way/1323632248"
    },
    {
      "type": "Feature",
      "properties": {
        "@id": "way/1323632249",
        "canoe": "yes",
        "maxspeed": "6",
        "motorboat": "yes",
        "name": "Entrepotdoksluis",
        "seamark:bridge:category": "yes",
        "waterway": "canal",
        "wikidata": "Q19118344"
      },
      "geometry": {
        "type": "LineString",
        "coordinates": [
          [
            4.9193335,
            52.3680363
          ],
          [
            4.9191359,
            52.3678273
          ]
        ]
      },
      "id": "way/1323632249"
    },
    {
      "type": "Feature",
      "properties": {
        "@id": "way/1323632250",
        "canoe": "yes",
        "maxspeed": "6",
        "motorboat": "yes",
        "name": "Entrepotdoksluis",
        "waterway": "canal",
        "wikidata": "Q19118344"
      },
      "geometry": {
        "type": "LineString",
        "coordinates": [
          [
            4.9186601,
            52.3673195
          ],
          [
            4.9184457,
            52.3670906
          ]
        ]
      },
      "id": "way/1323632250"
    },
    {
      "type": "Feature",
      "properties": {
        "@id": "way/1323632251",
        "canoe": "yes",
        "maxspeed": "6",
        "motorboat": "yes",
        "name": "Entrepotdoksluis",
        "seamark:bridge:category": "yes",
        "waterway": "canal",
        "wikidata": "Q19118344"
      },
      "geometry": {
        "type": "LineString",
        "coordinates": [
          [
            4.9188499,
            52.3675221
          ],
          [
            4.9186601,
            52.3673195
          ]
        ]
      },
      "id": "way/1323632251"
    },
    {
      "type": "Feature",
      "properties": {
        "@id": "way/1323632252",
        "canoe": "yes",
        "maxspeed": "6",
        "motorboat": "yes",
        "name": "Wittenburgervaart",
        "seamark:bridge:category": "yes",
        "waterway": "canal"
      },
      "geometry": {
        "type": "LineString",
        "coordinates": [
          [
            4.9225545,
            52.370261
          ],
          [
            4.9224971,
            52.3702247
          ],
          [
            4.9224083,
            52.3701687
          ]
        ]
      },
      "id": "way/1323632252"
    },
    {
      "type": "Feature",
      "properties": {
        "@id": "way/1323632253",
        "canoe": "yes",
        "maxspeed": "6",
        "motorboat": "yes",
        "name": "Wittenburgervaart",
        "waterway": "canal"
      },
      "geometry": {
        "type": "LineString",
        "coordinates": [
          [
            4.9210971,
            52.3695448
          ],
          [
            4.920782,
            52.3693643
          ]
        ]
      },
      "id": "way/1323632253"
    },
    {
      "type": "Feature",
      "properties": {
        "@id": "way/1323632254",
        "canoe": "yes",
        "maxspeed": "6",
        "motorboat": "yes",
        "name": "Entrepotdok",
        "seamark:bridge:category": "yes",
        "waterway": "canal",
        "wikidata": "Q2452724",
        "wikipedia": "nl:Entrepotdok"
      },
      "geometry": {
        "type": "LineString",
        "coordinates": [
          [
            4.9214175,
            52.3658452
          ],
          [
            4.9214924,
            52.3657435
          ]
        ]
      },
      "id": "way/1323632254"
    },
    {
      "type": "Feature",
      "properties": {
        "@id": "way/1323632255",
        "canoe": "yes",
        "maxspeed": "6",
        "motorboat": "yes",
        "name": "Entrepotdok",
        "seamark:bridge:category": "yes",
        "waterway": "canal",
        "wikidata": "Q2452724",
        "wikipedia": "nl:Entrepotdok"
      },
      "geometry": {
        "type": "LineString",
        "coordinates": [
          [
            4.9137076,
            52.3686435
          ],
          [
            4.9138922,
            52.3685797
          ]
        ]
      },
      "id": "way/1323632255"
    },
    {
      "type": "Feature",
      "properties": {
        "@id": "way/1323632256",
        "canoe": "yes",
        "maxspeed": "6",
        "motorboat": "yes",
        "name": "Entrepotdok",
        "waterway": "canal",
        "wikidata": "Q2452724",
        "wikipedia": "nl:Entrepotdok"
      },
      "geometry": {
        "type": "LineString",
        "coordinates": [
          [
            4.9107411,
            52.3697113
          ],
          [
            4.9112061,
            52.3694985
          ],
          [
            4.9137076,
            52.3686435
          ]
        ]
      },
      "id": "way/1323632256"
    },
    {
      "type": "Feature",
      "properties": {
        "@id": "way/1323632257",
        "CEMT": "II",
        "boat": "yes",
        "name": "Schippersgracht",
        "seamark:bridge:category": "yes",
        "waterway": "canal",
        "wikidata": "Q2209820"
      },
      "geometry": {
        "type": "LineString",
        "coordinates": [
          [
            4.9115738,
            52.3702665
          ],
          [
            4.9116706,
            52.3703307
          ],
          [
            4.9117791,
            52.3704021
          ]
        ]
      },
      "id": "way/1323632257"
    },
    {
      "type": "Feature",
      "properties": {
        "@id": "way/1323632258",
        "CEMT": "II",
        "boat": "yes",
        "name": "Schippersgracht",
        "waterway": "canal",
        "wikidata": "Q2209820"
      },
      "geometry": {
        "type": "LineString",
        "coordinates": [
          [
            4.9131256,
            52.3712712
          ],
          [
            4.9135219,
            52.3715129
          ]
        ]
      },
      "id": "way/1323632258"
    },
    {
      "type": "Feature",
      "properties": {
        "@id": "way/1323632259",
        "CEMT": "II",
        "boat": "yes",
        "name": "Schippersgracht",
        "seamark:bridge:category": "yes",
        "waterway": "canal",
        "wikidata": "Q2209820"
      },
      "geometry": {
        "type": "LineString",
        "coordinates": [
          [
            4.9124763,
            52.3708603
          ],
          [
            4.9127904,
            52.3710668
          ],
          [
            4.9131256,
            52.3712712
          ]
        ]
      },
      "id": "way/1323632259"
    },
    {
      "type": "Feature",
      "properties": {
        "@id": "way/1333516460",
        "boat": "yes",
        "name": "Keizersgracht",
        "name:nl": "Keizersgracht",
        "name:uk": "Кейзерсграхт",
        "seamark:bridge:category": "yes",
        "waterway": "canal"
      },
      "geometry": {
        "type": "LineString",
        "coordinates": [
          [
            4.901263,
            52.36436
          ],
          [
            4.9011075,
            52.3643306
          ]
        ]
      },
      "id": "way/1333516460"
    },
    {
      "type": "Feature",
      "properties": {
        "@id": "way/1333516461",
        "boat": "yes",
        "name": "Keizersgracht",
        "name:nl": "Keizersgracht",
        "name:uk": "Кейзерсграхт",
        "waterway": "canal"
      },
      "geometry": {
        "type": "LineString",
        "coordinates": [
          [
            4.9011075,
            52.3643306
          ],
          [
            4.8986844,
            52.3638722
          ]
        ]
      },
      "id": "way/1333516461"
    },
    {
      "type": "Feature",
      "properties": {
        "@id": "way/1333527288",
        "canoe": "yes",
        "motorboat": "yes",
        "name": "Kloveniersburgwal",
        "seamark:bridge:category": "yes",
        "waterway": "canal",
        "wikidata": "Q2621306",
        "wikimedia_commons": "Category:Kloveniersburgwal, Amsterdam",
        "wikipedia": "nl:Kloveniersburgwal"
      },
      "geometry": {
        "type": "LineString",
        "coordinates": [
          [
            4.8987929,
            52.3710337
          ],
          [
            4.8987098,
            52.3709434
          ]
        ]
      },
      "id": "way/1333527288"
    },
    {
      "type": "Feature",
      "properties": {
        "@id": "way/1333527289",
        "canoe": "yes",
        "motorboat": "yes",
        "name": "Kloveniersburgwal",
        "waterway": "canal",
        "wikidata": "Q2621306",
        "wikimedia_commons": "Category:Kloveniersburgwal, Amsterdam",
        "wikipedia": "nl:Kloveniersburgwal"
      },
      "geometry": {
        "type": "LineString",
        "coordinates": [
          [
            4.8987098,
            52.3709434
          ],
          [
            4.8977906,
            52.3699892
          ]
        ]
      },
      "id": "way/1333527289"
    },
    {
      "type": "Feature",
      "properties": {
        "@id": "way/1333527582",
        "CEMT": "0",
        "boat": "yes",
        "maxspeed": "6",
        "name": "Oudeschans",
        "seamark:bridge:category": "yes",
        "waterway": "canal",
        "wikidata": "Q2441755",
        "wikimedia_commons": "Category:Oudeschans, Amsterdam",
        "wikipedia": "nl:Oudeschans (Amsterdam)"
      },
      "geometry": {
        "type": "LineString",
        "coordinates": [
          [
            4.9075627,
            52.3726289
          ],
          [
            4.9077849,
            52.3727379
          ]
        ]
      },
      "id": "way/1333527582"
    },
    {
      "type": "Feature",
      "properties": {
        "@id": "way/1333527583",
        "CEMT": "II",
        "boat": "yes",
        "name": "Oosterdok",
        "name:nl": "Oosterdok",
        "name:uk": "Оостердок",
        "seamark:bridge:category": "yes",
        "waterway": "canal",
        "wikidata": "Q2302371"
      },
      "geometry": {
        "type": "LineString",
        "coordinates": [
          [
            4.9077849,
            52.3727379
          ],
          [
            4.9079726,
            52.3728316
          ]
        ]
      },
      "id": "way/1333527583"
    },
    {
      "type": "Feature",
      "properties": {
        "@id": "way/1333529237",
        "CEMT": "0",
        "boat": "yes",
        "name": "Prinsengracht",
        "name:nl": "Prinsengracht",
        "name:uk": "Принсенграхт",
        "oneway": "yes",
        "waterway": "canal"
      },
      "geometry": {
        "type": "LineString",
        "coordinates": [
          [
            4.8846084,
            52.3649434
          ],
          [
            4.8878863,
            52.3627347
          ]
        ]
      },
      "id": "way/1333529237"
    },
    {
      "type": "Feature",
      "properties": {
        "@id": "way/1333529238",
        "CEMT": "0",
        "boat": "yes",
        "name": "Prinsengracht",
        "name:nl": "Prinsengracht",
        "name:uk": "Принсенграхт",
        "oneway": "yes",
        "waterway": "canal"
      },
      "geometry": {
        "type": "LineString",
        "coordinates": [
          [
            4.8827893,
            52.3661752
          ],
          [
            4.8843386,
            52.3651257
          ]
        ]
      },
      "id": "way/1333529238"
    },
    {
      "type": "Feature",
      "properties": {
        "@id": "way/1333529239",
        "boat": "yes",
        "name": "Singel",
        "name:nl": "Singel",
        "name:uk": "Сінгел",
        "note": "layer -1 is noet apprpriate, this is a normal canal under a bridge.",
        "waterway": "canal"
      },
      "geometry": {
        "type": "LineString",
        "coordinates": [
          [
            4.8884978,
            52.3722496
          ],
          [
            4.888817,
            52.3731379
          ]
        ]
      },
      "id": "way/1333529239"
    },
    {
      "type": "Feature",
      "properties": {
        "@id": "way/1333530967",
        "boat": "yes",
        "name": "Kostverlorenvaart",
        "waterway": "canal"
      },
      "geometry": {
        "type": "LineString",
        "coordinates": [
          [
            4.8782013,
            52.383908
          ],
          [
            4.877139,
            52.3832603
          ]
        ]
      },
      "id": "way/1333530967"
    },
    {
      "type": "Feature",
      "properties": {
        "@id": "way/1333530968",
        "boat": "yes",
        "name": "Kostverlorenvaart",
        "seamark:bridge:category": "yes",
        "waterway": "canal"
      },
      "geometry": {
        "type": "LineString",
        "coordinates": [
          [
            4.8782586,
            52.3839438
          ],
          [
            4.8782013,
            52.383908
          ]
        ]
      },
      "id": "way/1333530968"
    },
    {
      "type": "Feature",
      "properties": {
        "@id": "way/1333530969",
        "boat": "yes",
        "name": "Kostverlorenvaart",
        "seamark:bridge:category": "yes",
        "waterway": "canal"
      },
      "geometry": {
        "type": "LineString",
        "coordinates": [
          [
            4.880616,
            52.3853465
          ],
          [
            4.8800812,
            52.3850566
          ]
        ]
      },
      "id": "way/1333530969"
    },
    {
      "type": "Feature",
      "properties": {
        "@id": "way/1333530970",
        "boat": "yes",
        "name": "Kostverlorenvaart",
        "waterway": "canal"
      },
      "geometry": {
        "type": "LineString",
        "coordinates": [
          [
            4.8800812,
            52.3850566
          ],
          [
            4.8797684,
            52.3848869
          ],
          [
            4.8782586,
            52.3839438
          ]
        ]
      },
      "id": "way/1333530970"
    },
    {
      "type": "Feature",
      "properties": {
        "@id": "way/1333530971",
        "boat": "yes",
        "name": "Kostverlorenvaart",
        "seamark:bridge:category": "yes",
        "waterway": "canal"
      },
      "geometry": {
        "type": "LineString",
        "coordinates": [
          [
            4.877139,
            52.3832603
          ],
          [
            4.8770291,
            52.3831897
          ]
        ]
      },
      "id": "way/1333530971"
    },
    {
      "type": "Feature",
      "properties": {
        "@id": "way/1333530972",
        "boat": "yes",
        "name": "Kostverlorenvaart",
        "seamark:bridge:category": "yes",
        "waterway": "canal"
      },
      "geometry": {
        "type": "LineString",
        "coordinates": [
          [
            4.8770291,
            52.3831897
          ],
          [
            4.876924,
            52.3831222
          ]
        ]
      },
      "id": "way/1333530972"
    },
    {
      "type": "Feature",
      "properties": {
        "@id": "way/1333530973",
        "boat": "yes",
        "name": "Kostverlorenvaart",
        "waterway": "canal"
      },
      "geometry": {
        "type": "LineString",
        "coordinates": [
          [
            4.8737366,
            52.3809697
          ],
          [
            4.8738594,
            52.3804434
          ]
        ]
      },
      "id": "way/1333530973"
    },
    {
      "type": "Feature",
      "properties": {
        "@id": "way/1333530974",
        "boat": "yes",
        "name": "Kostverlorenvaart",
        "seamark:bridge:category": "yes",
        "waterway": "canal"
      },
      "geometry": {
        "type": "LineString",
        "coordinates": [
          [
            4.873783,
            52.3810479
          ],
          [
            4.8737366,
            52.3809697
          ]
        ]
      },
      "id": "way/1333530974"
    },
    {
      "type": "Feature",
      "properties": {
        "@id": "way/1333532556",
        "boat": "yes",
        "name": "Oostelijk Marktkanaal",
        "seamark:bridge:category": "yes",
        "waterway": "canal",
        "wikidata": "Q1989533"
      },
      "geometry": {
        "type": "LineString",
        "coordinates": [
          [
            4.86971,
            52.3760143
          ],
          [
            4.8696859,
            52.3760889
          ]
        ]
      },
      "id": "way/1333532556"
    },
    {
      "type": "Feature",
      "properties": {
        "@id": "way/1333532557",
        "boat": "yes",
        "name": "Oostelijk Marktkanaal",
        "waterway": "canal",
        "wikidata": "Q1989533"
      },
      "geometry": {
        "type": "LineString",
        "coordinates": [
          [
            4.8701251,
            52.3757447
          ],
          [
            4.8697351,
            52.3759366
          ],
          [
            4.86971,
            52.3760143
          ]
        ]
      },
      "id": "way/1333532557"
    },
    {
      "type": "Feature",
      "properties": {
        "@id": "way/1333532558",
        "boat": "yes",
        "seamark:bridge:category": "yes",
        "waterway": "canal"
      },
      "geometry": {
        "type": "LineString",
        "coordinates": [
          [
            4.8693847,
            52.3759786
          ],
          [
            4.8695339,
            52.3759291
          ]
        ]
      },
      "id": "way/1333532558"
    },
    {
      "type": "Feature",
      "properties": {
        "@id": "way/1333532559",
        "boat": "yes",
        "waterway": "canal"
      },
      "geometry": {
        "type": "LineString",
        "coordinates": [
          [
            4.8695339,
            52.3759291
          ],
          [
            4.8697351,
            52.3759366
          ]
        ]
      },
      "id": "way/1333532559"
    },
    {
      "type": "Feature",
      "properties": {
        "@id": "way/1333532560",
        "CEMT": "IV",
        "boat": "yes",
        "maxspeed": "7.5",
        "name": "Kostverlorenvaart",
        "seamark:bridge:category": "yes",
        "waterway": "canal"
      },
      "geometry": {
        "type": "LineString",
        "coordinates": [
          [
            4.8696929,
            52.3752387
          ],
          [
            4.869959,
            52.3755431
          ]
        ]
      },
      "id": "way/1333532560"
    },
    {
      "type": "Feature",
      "properties": {
        "@id": "way/1333532561",
        "CEMT": "IV",
        "boat": "yes",
        "maxspeed": "7.5",
        "name": "Kostverlorenvaart",
        "waterway": "canal"
      },
      "geometry": {
        "type": "LineString",
        "coordinates": [
          [
            4.869959,
            52.3755431
          ],
          [
            4.8701251,
            52.3757447
          ],
          [
            4.8706393,
            52.3764055
          ],
          [
            4.8708637,
            52.3766546
          ],
          [
            4.8725105,
            52.3785195
          ],
          [
            4.8728461,
            52.3788988
          ]
        ]
      },
      "id": "way/1333532561"
    },
    {
      "type": "Feature",
      "properties": {
        "@id": "way/1333532562",
        "CEMT": "IV",
        "boat": "yes",
        "maxspeed": "7.5",
        "name": "Kostverlorenvaart",
        "seamark:bridge:category": "yes",
        "waterway": "canal"
      },
      "geometry": {
        "type": "LineString",
        "coordinates": [
          [
            4.8728461,
            52.3788988
          ],
          [
            4.8731041,
            52.3791937
          ]
        ]
      },
      "id": "way/1333532562"
    },
    {
      "type": "Feature",
      "properties": {
        "@id": "way/1333532563",
        "CEMT": "IV",
        "boat": "yes",
        "maxspeed": "7.5",
        "name": "Kostverlorenvaart",
        "waterway": "canal"
      },
      "geometry": {
        "type": "LineString",
        "coordinates": [
          [
            4.8731041,
            52.3791937
          ],
          [
            4.8735933,
            52.3796995
          ],
          [
            4.8738594,
            52.3804434
          ]
        ]
      },
      "id": "way/1333532563"
    },
    {
      "type": "Feature",
      "properties": {
        "@id": "way/1333533155",
        "boat": "yes",
        "name": "De Rijpgracht",
        "seamark:bridge:category": "yes",
        "waterway": "canal",
        "wikidata": "Q2370863"
      },
      "geometry": {
        "type": "LineString",
        "coordinates": [
          [
            4.862432,
            52.3775778
          ],
          [
            4.8626257,
            52.3776005
          ],
          [
            4.8628701,
            52.3776315
          ],
          [
            4.8636126,
            52.3777255
          ]
        ]
      },
      "id": "way/1333533155"
    },
    {
      "type": "Feature",
      "properties": {
        "@id": "way/1333533156",
        "boat": "yes",
        "name": "De Rijpgracht",
        "waterway": "canal",
        "wikidata": "Q2370863"
      },
      "geometry": {
        "type": "LineString",
        "coordinates": [
          [
            4.8628701,
            52.3776315
          ],
          [
            4.8636126,
            52.3777255
          ]
        ]
      },
      "id": "way/1333533156"
    },
    {
      "type": "Feature",
      "properties": {
        "@id": "way/1333533157",
        "CEMT": "III",
        "boat": "yes",
        "name": "Westelijk Marktkanaal",
        "seamark:bridge:category": "yes",
        "waterway": "canal",
        "wikidata": "Q2418172"
      },
      "geometry": {
        "type": "LineString",
        "coordinates": [
          [
            4.8644835,
            52.3752408
          ],
          [
            4.8643464,
            52.3755811
          ]
        ]
      },
      "id": "way/1333533157"
    },
    {
      "type": "Feature",
      "properties": {
        "@id": "way/1333533158",
        "CEMT": "III",
        "boat": "yes",
        "name": "Westelijk Marktkanaal",
        "waterway": "canal",
        "wikidata": "Q2418172"
      },
      "geometry": {
        "type": "LineString",
        "coordinates": [
          [
            4.8672498,
            52.3726542
          ],
          [
            4.86685,
            52.3728966
          ],
          [
            4.8648255,
            52.3746033
          ],
          [
            4.8645798,
            52.3750313
          ],
          [
            4.8644835,
            52.3752408
          ]
        ]
      },
      "id": "way/1333533158"
    },
    {
      "type": "Feature",
      "properties": {
        "@id": "way/1333534372",
        "boat": "yes",
        "name": "Bilderdijkgracht",
        "seamark:bridge:category": "yes",
        "waterway": "canal",
        "wikidata": "Q15873114"
      },
      "geometry": {
        "type": "LineString",
        "coordinates": [
          [
            4.871583,
            52.3657401
          ],
          [
            4.8715039,
            52.3658542
          ]
        ]
      },
      "id": "way/1333534372"
    },
    {
      "type": "Feature",
      "properties": {
        "@id": "way/1333534373",
        "boat": "yes",
        "name": "Bilderdijkgracht",
        "waterway": "canal",
        "wikidata": "Q15873114"
      },
      "geometry": {
        "type": "LineString",
        "coordinates": [
          [
            4.8715039,
            52.3658542
          ],
          [
            4.8708868,
            52.3667448
          ]
        ]
      },
      "id": "way/1333534373"
    },
    {
      "type": "Feature",
      "properties": {
        "@id": "way/1333534374",
        "boat": "yes",
        "name": "Bilderdijkgracht",
        "seamark:bridge:category": "yes",
        "waterway": "canal",
        "wikidata": "Q15873114"
      },
      "geometry": {
        "type": "LineString",
        "coordinates": [
          [
            4.8708868,
            52.3667448
          ],
          [
            4.8707388,
            52.3669585
          ]
        ]
      },
      "id": "way/1333534374"
    },
    {
      "type": "Feature",
      "properties": {
        "@id": "way/1333534375",
        "boat": "yes",
        "name": "Bilderdijkgracht",
        "waterway": "canal",
        "wikidata": "Q15873114"
      },
      "geometry": {
        "type": "LineString",
        "coordinates": [
          [
            4.8707388,
            52.3669585
          ],
          [
            4.8696437,
            52.368539
          ]
        ]
      },
      "id": "way/1333534375"
    },
    {
      "type": "Feature",
      "properties": {
        "@id": "way/1333534376",
        "boat": "yes",
        "name": "Bilderdijkgracht",
        "seamark:bridge:category": "yes",
        "waterway": "canal",
        "wikidata": "Q15873114"
      },
      "geometry": {
        "type": "LineString",
        "coordinates": [
          [
            4.8696437,
            52.368539
          ],
          [
            4.8695484,
            52.3686776
          ]
        ]
      },
      "id": "way/1333534376"
    },
    {
      "type": "Feature",
      "properties": {
        "@id": "way/1333534377",
        "boat": "yes",
        "name": "Bilderdijkgracht",
        "waterway": "canal",
        "wikidata": "Q15873114"
      },
      "geometry": {
        "type": "LineString",
        "coordinates": [
          [
            4.8695484,
            52.3686776
          ],
          [
            4.869021,
            52.3694667
          ],
          [
            4.8683649,
            52.3703609
          ]
        ]
      },
      "id": "way/1333534377"
    },
    {
      "type": "Feature",
      "properties": {
        "@id": "way/1333534378",
        "boat": "yes",
        "name": "Bilderdijkgracht",
        "seamark:bridge:category": "yes",
        "waterway": "canal",
        "wikidata": "Q15873114"
      },
      "geometry": {
        "type": "LineString",
        "coordinates": [
          [
            4.8683649,
            52.3703609
          ],
          [
            4.8681965,
            52.3706147
          ]
        ]
      },
      "id": "way/1333534378"
    },
    {
      "type": "Feature",
      "properties": {
        "@id": "way/1333534379",
        "boat": "yes",
        "name": "Bilderdijkgracht",
        "waterway": "canal",
        "wikidata": "Q15873114"
      },
      "geometry": {
        "type": "LineString",
        "coordinates": [
          [
            4.8719855,
            52.3651602
          ],
          [
            4.8716814,
            52.365598
          ],
          [
            4.871583,
            52.3657401
          ]
        ]
      },
      "id": "way/1333534379"
    },
    {
      "type": "Feature",
      "properties": {
        "@id": "way/1333534380",
        "CEMT": "IV",
        "canoe": "yes",
        "maxspeed": "7.5",
        "motorboat": "yes",
        "name": "Kostverlorenvaart",
        "seamark:bridge:category": "yes",
        "waterway": "canal"
      },
      "geometry": {
        "type": "LineString",
        "coordinates": [
          [
            4.8599516,
            52.3644689
          ],
          [
            4.8602016,
            52.3647594
          ]
        ]
      },
      "id": "way/1333534380"
    },
    {
      "type": "Feature",
      "properties": {
        "@id": "way/1333534381",
        "CEMT": "IV",
        "canoe": "yes",
        "maxspeed": "7.5",
        "motorboat": "yes",
        "name": "Kostverlorenvaart",
        "waterway": "canal"
      },
      "geometry": {
        "type": "LineString",
        "coordinates": [
          [
            4.8592479,
            52.3637046
          ],
          [
            4.8594392,
            52.3638507
          ],
          [
            4.8599516,
            52.3644689
          ]
        ]
      },
      "id": "way/1333534381"
    },
    {
      "type": "Feature",
      "properties": {
        "@id": "way/1333534382",
        "CEMT": "IV",
        "canoe": "yes",
        "maxspeed": "7.5",
        "motorboat": "yes",
        "name": "Kostverlorenvaart",
        "seamark:bridge:category": "yes",
        "waterway": "canal"
      },
      "geometry": {
        "type": "LineString",
        "coordinates": [
          [
            4.8648879,
            52.3699791
          ],
          [
            4.865185,
            52.3703088
          ]
        ]
      },
      "id": "way/1333534382"
    },
    {
      "type": "Feature",
      "properties": {
        "@id": "way/1333534383",
        "CEMT": "IV",
        "boat": "yes",
        "maxspeed": "7.5",
        "name": "Kostverlorenvaart",
        "waterway": "canal"
      },
      "geometry": {
        "type": "LineString",
        "coordinates": [
          [
            4.865185,
            52.3703088
          ],
          [
            4.8668171,
            52.3719809
          ],
          [
            4.8672498,
            52.3726542
          ],
          [
            4.8696929,
            52.3752387
          ]
        ]
      },
      "id": "way/1333534383"
    },
    {
      "type": "Feature",
      "properties": {
        "@id": "way/1333534384",
        "boat": "yes",
        "name": "Hugo de Grootgracht",
        "waterway": "canal",
        "wikidata": "Q15876490"
      },
      "geometry": {
        "type": "LineString",
        "coordinates": [
          [
            4.8678312,
            52.3718711
          ],
          [
            4.8710624,
            52.3725262
          ]
        ]
      },
      "id": "way/1333534384"
    },
    {
      "type": "Feature",
      "properties": {
        "@id": "way/1333534385",
        "boat": "yes",
        "name": "Hugo de Grootgracht",
        "waterway": "canal",
        "wikidata": "Q15876490"
      },
      "geometry": {
        "type": "LineString",
        "coordinates": [
          [
            4.8673818,
            52.3718034
          ],
          [
            4.8676702,
            52.371835
          ]
        ]
      },
      "id": "way/1333534385"
    },
    {
      "type": "Feature",
      "properties": {
        "@id": "way/1333535579",
        "canoe": "yes",
        "motorboat": "yes",
        "name": "Jacob van Lennepkanaal",
        "seamark:bridge:category": "yes",
        "waterway": "canal"
      },
      "geometry": {
        "type": "LineString",
        "coordinates": [
          [
            4.8600574,
            52.3621686
          ],
          [
            4.86022,
            52.3622051
          ]
        ]
      },
      "id": "way/1333535579"
    },
    {
      "type": "Feature",
      "properties": {
        "@id": "way/1333535580",
        "boat": "yes",
        "name": "Jacob van Lennepkanaal",
        "waterway": "canal"
      },
      "geometry": {
        "type": "LineString",
        "coordinates": [
          [
            4.86022,
            52.3622051
          ],
          [
            4.8636301,
            52.3630252
          ]
        ]
      },
      "id": "way/1333535580"
    },
    {
      "type": "Feature",
      "properties": {
        "@id": "way/1333535581",
        "boat": "yes",
        "name": "Jacob van Lennepkanaal",
        "seamark:bridge:category": "yes",
        "waterway": "canal"
      },
      "geometry": {
        "type": "LineString",
        "coordinates": [
          [
            4.8636301,
            52.3630252
          ],
          [
            4.8639529,
            52.3631023
          ]
        ]
      },
      "id": "way/1333535581"
    },
    {
      "type": "Feature",
      "properties": {
        "@id": "way/1333535582",
        "boat": "yes",
        "name": "Jacob van Lennepkanaal",
        "waterway": "canal"
      },
      "geometry": {
        "type": "LineString",
        "coordinates": [
          [
            4.8639529,
            52.3631023
          ],
          [
            4.8665815,
            52.3637454
          ]
        ]
      },
      "id": "way/1333535582"
    },
    {
      "type": "Feature",
      "properties": {
        "@id": "way/1333535583",
        "boat": "yes",
        "name": "Jacob van Lennepkanaal",
        "seamark:bridge:category": "yes",
        "waterway": "canal"
      },
      "geometry": {
        "type": "LineString",
        "coordinates": [
          [
            4.8665815,
            52.3637454
          ],
          [
            4.8668613,
            52.3638117
          ]
        ]
      },
      "id": "way/1333535583"
    },
    {
      "type": "Feature",
      "properties": {
        "@id": "way/1333535584",
        "boat": "yes",
        "name": "Jacob van Lennepkanaal",
        "waterway": "canal"
      },
      "geometry": {
        "type": "LineString",
        "coordinates": [
          [
            4.8668613,
            52.3638117
          ],
          [
            4.8686465,
            52.364235
          ]
        ]
      },
      "id": "way/1333535584"
    },
    {
      "type": "Feature",
      "properties": {
        "@id": "way/1333535585",
        "boat": "yes",
        "name": "Jacob van Lennepkanaal",
        "seamark:bridge:category": "yes",
        "waterway": "canal"
      },
      "geometry": {
        "type": "LineString",
        "coordinates": [
          [
            4.8686465,
            52.364235
          ],
          [
            4.868749,
            52.3642601
          ]
        ]
      },
      "id": "way/1333535585"
    },
    {
      "type": "Feature",
      "properties": {
        "@id": "way/1333535586",
        "boat": "yes",
        "name": "Jacob van Lennepkanaal",
        "waterway": "canal"
      },
      "geometry": {
        "type": "LineString",
        "coordinates": [
          [
            4.868749,
            52.3642601
          ],
          [
            4.8703865,
            52.364651
          ],
          [
            4.8717416,
            52.3650498
          ]
        ]
      },
      "id": "way/1333535586"
    },
    {
      "type": "Feature",
      "properties": {
        "@id": "way/1333535587",
        "boat": "yes",
        "name": "Jacob van Lennepkanaal",
        "seamark:bridge:category": "yes",
        "waterway": "canal"
      },
      "geometry": {
        "type": "LineString",
        "coordinates": [
          [
            4.8717416,
            52.3650498
          ],
          [
            4.8718548,
            52.365085
          ]
        ]
      },
      "id": "way/1333535587"
    },
    {
      "type": "Feature",
      "properties": {
        "@id": "way/1333535588",
        "boat": "yes",
        "name": "Jacob van Lennepkanaal",
        "waterway": "canal"
      },
      "geometry": {
        "type": "LineString",
        "coordinates": [
          [
            4.8718548,
            52.365085
          ],
          [
            4.8719855,
            52.3651602
          ]
        ]
      },
      "id": "way/1333535588"
    },
    {
      "type": "Feature",
      "properties": {
        "@id": "way/1333535896",
        "CEMT": "IV",
        "canoe": "yes",
        "maxspeed": "7.5",
        "motorboat": "yes",
        "name": "Kostverlorenvaart",
        "seamark:bridge:category": "yes",
        "waterway": "canal"
      },
      "geometry": {
        "type": "LineString",
        "coordinates": [
          [
            4.8547411,
            52.357698
          ],
          [
            4.8549948,
            52.3580143
          ]
        ]
      },
      "id": "way/1333535896"
    },
    {
      "type": "Feature",
      "properties": {
        "@id": "way/1333694437",
        "CEMT": "0",
        "boat": "yes",
        "name": "Ringvaart",
        "waterway": "canal",
        "wikidata": "Q15120362"
      },
      "geometry": {
        "type": "LineString",
        "coordinates": [
          [
            4.9121846,
            52.348229
          ],
          [
            4.9128498,
            52.3483947
          ]
        ]
      },
      "id": "way/1333694437"
    },
    {
      "type": "Feature",
      "properties": {
        "@id": "way/1333694438",
        "CEMT": "0",
        "boat": "yes",
        "layer": "0",
        "name": "Ringvaart",
        "seamark:bridge:category": "yes",
        "waterway": "canal",
        "wikidata": "Q15120362"
      },
      "geometry": {
        "type": "LineString",
        "coordinates": [
          [
            4.9128498,
            52.3483947
          ],
          [
            4.9130928,
            52.3484998
          ],
          [
            4.9133164,
            52.3485996
          ]
        ]
      },
      "id": "way/1333694438"
    },
    {
      "type": "Feature",
      "properties": {
        "@id": "way/1334229368",
        "alt_name": "Haarlemmervaart",
        "boat": "yes",
        "motorboat": "no",
        "name": "Haarlemmertrekvaart",
        "seamark:bridge:category": "yes",
        "waterway": "canal"
      },
      "geometry": {
        "type": "LineString",
        "coordinates": [
          [
            4.8692607,
            52.3855274
          ],
          [
            4.8693358,
            52.3855281
          ],
          [
            4.8693788,
            52.3855286
          ],
          [
            4.8694219,
            52.385529
          ],
          [
            4.8694454,
            52.3855295
          ],
          [
            4.8695585,
            52.3855318
          ]
        ]
      },
      "id": "way/1334229368"
    },
    {
      "type": "Feature",
      "properties": {
        "@id": "way/1334229369",
        "alt_name": "Haarlemmervaart",
        "boat": "yes",
        "name": "Haarlemmertrekvaart",
        "waterway": "canal"
      },
      "geometry": {
        "type": "LineString",
        "coordinates": [
          [
            4.8655822,
            52.3854665
          ],
          [
            4.8669435,
            52.3855039
          ],
          [
            4.8692607,
            52.3855274
          ]
        ]
      },
      "id": "way/1334229369"
    },
    {
      "type": "Feature",
      "properties": {
        "@id": "way/1334264731",
        "CEMT": "0",
        "canoe": "yes",
        "lock": "yes",
        "motorboat": "yes",
        "name": "Stadionsluis",
        "seamark:bridge:category": "yes",
        "waterway": "canal"
      },
      "geometry": {
        "type": "LineString",
        "coordinates": [
          [
            4.8559289,
            52.3420679
          ],
          [
            4.8559791,
            52.3420743
          ]
        ]
      },
      "id": "way/1334264731"
    },
    {
      "type": "Feature",
      "properties": {
        "@id": "way/1334264732",
        "CEMT": "0",
        "canoe": "yes",
        "lock": "yes",
        "motorboat": "yes",
        "name": "Stadionsluis",
        "waterway": "canal"
      },
      "geometry": {
        "type": "LineString",
        "coordinates": [
          [
            4.8552355,
            52.3419795
          ],
          [
            4.8559289,
            52.3420679
          ]
        ]
      },
      "id": "way/1334264732"
    },
    {
      "type": "Feature",
      "properties": {
        "@id": "way/1334264733",
        "CEMT": "0",
        "canoe": "yes",
        "motorboat": "yes",
        "name": "Stadiongracht",
        "seamark:bridge:category": "yes",
        "waterway": "canal"
      },
      "geometry": {
        "type": "LineString",
        "coordinates": [
          [
            4.8549895,
            52.3419486
          ],
          [
            4.8551774,
            52.3419721
          ]
        ]
      },
      "id": "way/1334264733"
    },
    {
      "type": "Feature",
      "properties": {
        "@id": "way/1334264734",
        "CEMT": "0",
        "canoe": "yes",
        "motorboat": "yes",
        "name": "Stadiongracht",
        "seamark:bridge:category": "yes",
        "waterway": "canal"
      },
      "geometry": {
        "type": "LineString",
        "coordinates": [
          [
            4.8530961,
            52.3417115
          ],
          [
            4.853349,
            52.3417432
          ]
        ]
      },
      "id": "way/1334264734"
    },
    {
      "type": "Feature",
      "properties": {
        "@id": "way/1334264735",
        "CEMT": "0",
        "canoe": "yes",
        "motorboat": "yes",
        "name": "Stadiongracht",
        "waterway": "canal"
      },
      "geometry": {
        "type": "LineString",
        "coordinates": [
          [
            4.8536337,
            52.341781
          ],
          [
            4.8549895,
            52.3419486
          ]
        ]
      },
      "id": "way/1334264735"
    },
    {
      "type": "Feature",
      "properties": {
        "@id": "way/1334264736",
        "CEMT": "0",
        "canoe": "yes",
        "motorboat": "yes",
        "name": "Olympiakanaal",
        "seamark:bridge:category": "yes",
        "waterway": "canal"
      },
      "geometry": {
        "type": "LineString",
        "coordinates": [
          [
            4.851268,
            52.3432466
          ],
          [
            4.8516601,
            52.343315
          ]
        ]
      },
      "id": "way/1334264736"
    },
    {
      "type": "Feature",
      "properties": {
        "@id": "way/1334264737",
        "CEMT": "0",
        "boat": "yes",
        "name": "Olympiakanaal",
        "waterway": "canal"
      },
      "geometry": {
        "type": "LineString",
        "coordinates": [
          [
            4.8516601,
            52.343315
          ],
          [
            4.8519644,
            52.3433703
          ]
        ]
      },
      "id": "way/1334264737"
    },
    {
      "type": "Feature",
      "properties": {
        "@id": "way/1334264738",
        "boat": "yes",
        "name": "Stadiongracht",
        "waterway": "canal"
      },
      "geometry": {
        "type": "LineString",
        "coordinates": [
          [
            4.8515649,
            52.3443775
          ],
          [
            4.8519644,
            52.3433703
          ]
        ]
      },
      "id": "way/1334264738"
    },
    {
      "type": "Feature",
      "properties": {
        "@id": "way/1334264739",
        "boat": "yes",
        "name": "Stadiongracht",
        "waterway": "canal"
      },
      "geometry": {
        "type": "LineString",
        "coordinates": [
          [
            4.851464,
            52.3449243
          ],
          [
            4.8515246,
            52.3445639
          ]
        ]
      },
      "id": "way/1334264739"
    },
    {
      "type": "Feature",
      "properties": {
        "@id": "way/1334264740",
        "boat": "yes",
        "name": "Olympiakanaal",
        "seamark:bridge:category": "yes",
        "waterway": "canal"
      },
      "geometry": {
        "type": "LineString",
        "coordinates": [
          [
            4.8507226,
            52.3449056
          ],
          [
            4.8510688,
            52.3449266
          ]
        ]
      },
      "id": "way/1334264740"
    },
    {
      "type": "Feature",
      "properties": {
        "@id": "way/1334264741",
        "boat": "yes",
        "name": "Olympiakanaal",
        "waterway": "canal"
      },
      "geometry": {
        "type": "LineString",
        "coordinates": [
          [
            4.8510688,
            52.3449266
          ],
          [
            4.8511153,
            52.3449294
          ],
          [
            4.851464,
            52.3449243
          ]
        ]
      },
      "id": "way/1334264741"
    },
    {
      "type": "Feature",
      "properties": {
        "@id": "way/1334264743",
        "canoe": "yes",
        "motorboat": "yes",
        "note": "Riekerhaven",
        "waterway": "canal"
      },
      "geometry": {
        "type": "LineString",
        "coordinates": [
          [
            4.8470975,
            52.342287
          ],
          [
            4.8477274,
            52.3421703
          ]
        ]
      },
      "id": "way/1334264743"
    },
    {
      "type": "Feature",
      "properties": {
        "@id": "way/1334264748",
        "CEMT": "IV",
        "canoe": "yes",
        "motorboat": "yes",
        "name": "Schinkel",
        "waterway": "canal",
        "wikidata": "Q2039670",
        "wikipedia": "nl:Schinkel (rivier)"
      },
      "geometry": {
        "type": "LineString",
        "coordinates": [
          [
            4.8524789,
            52.3512194
          ],
          [
            4.8535252,
            52.3546705
          ]
        ]
      },
      "id": "way/1334264748"
    },
    {
      "type": "Feature",
      "properties": {
        "@id": "way/1334264749",
        "CEMT": "IV",
        "canoe": "yes",
        "motorboat": "yes",
        "name": "Schinkel",
        "seamark:bridge:category": "yes",
        "waterway": "canal",
        "wikidata": "Q2039670",
        "wikipedia": "nl:Schinkel (rivier)"
      },
      "geometry": {
        "type": "LineString",
        "coordinates": [
          [
            4.8523003,
            52.3506731
          ],
          [
            4.8523905,
            52.3509232
          ]
        ]
      },
      "id": "way/1334264749"
    },
    {
      "type": "Feature",
      "properties": {
        "@id": "way/1334264750",
        "CEMT": "IV",
        "canoe": "yes",
        "motorboat": "yes",
        "name": "Schinkel",
        "seamark:bridge:category": "yes",
        "waterway": "canal",
        "wikidata": "Q2039670",
        "wikipedia": "nl:Schinkel (rivier)"
      },
      "geometry": {
        "type": "LineString",
        "coordinates": [
          [
            4.8523905,
            52.3509232
          ],
          [
            4.8524789,
            52.3512194
          ]
        ]
      },
      "id": "way/1334264750"
    },
    {
      "type": "Feature",
      "properties": {
        "@id": "way/1334264751",
        "CEMT": "IV",
        "canoe": "yes",
        "motorboat": "yes",
        "name": "Schinkel",
        "seamark:bridge:category": "yes",
        "waterway": "canal",
        "wikidata": "Q2039670",
        "wikipedia": "nl:Schinkel (rivier)"
      },
      "geometry": {
        "type": "LineString",
        "coordinates": [
          [
            4.8535252,
            52.3546705
          ],
          [
            4.8536012,
            52.3549325
          ]
        ]
      },
      "id": "way/1334264751"
    },
    {
      "type": "Feature",
      "properties": {
        "@id": "way/1334808580",
        "CEMT": "0",
        "boat": "yes",
        "name": "Amstelkanaal",
        "waterway": "canal",
        "wikidata": "Q2371875"
      },
      "geometry": {
        "type": "LineString",
        "coordinates": [
          [
            4.9100404,
            52.3498926
          ],
          [
            4.911069,
            52.3500738
          ]
        ]
      },
      "id": "way/1334808580"
    },
    {
      "type": "Feature",
      "properties": {
        "@id": "way/1334808581",
        "CEMT": "0",
        "boat": "yes",
        "name": "Amstelkanaal",
        "seamark:bridge:category": "yes",
        "waterway": "canal",
        "wikidata": "Q2371875"
      },
      "geometry": {
        "type": "LineString",
        "coordinates": [
          [
            4.909524,
            52.349808
          ],
          [
            4.9098085,
            52.3498518
          ],
          [
            4.9100404,
            52.3498926
          ]
        ]
      },
      "id": "way/1334808581"
    },
    {
      "type": "Feature",
      "properties": {
        "@id": "way/1334808582",
        "CEMT": "0",
        "boat": "yes",
        "name": "Amstelkanaal",
        "seamark:bridge:category": "yes",
        "waterway": "canal",
        "wikidata": "Q2371875"
      },
      "geometry": {
        "type": "LineString",
        "coordinates": [
          [
            4.9039033,
            52.3490331
          ],
          [
            4.9041546,
            52.3490683
          ],
          [
            4.9044661,
            52.349105
          ]
        ]
      },
      "id": "way/1334808582"
    },
    {
      "type": "Feature",
      "properties": {
        "@id": "way/1334808583",
        "CEMT": "0",
        "boat": "yes",
        "name": "Amstelkanaal",
        "waterway": "canal",
        "wikidata": "Q2371875"
      },
      "geometry": {
        "type": "LineString",
        "coordinates": [
          [
            4.8998859,
            52.3484696
          ],
          [
            4.9039033,
            52.3490331
          ]
        ]
      },
      "id": "way/1334808583"
    },
    {
      "type": "Feature",
      "properties": {
        "@id": "way/1334808584",
        "CEMT": "0",
        "boat": "yes",
        "name": "Amstelkanaal",
        "seamark:bridge:category": "yes",
        "waterway": "canal",
        "wikidata": "Q2371875"
      },
      "geometry": {
        "type": "LineString",
        "coordinates": [
          [
            4.8997314,
            52.3484477
          ],
          [
            4.8998223,
            52.3484607
          ],
          [
            4.8998859,
            52.3484696
          ]
        ]
      },
      "id": "way/1334808584"
    },
    {
      "type": "Feature",
      "properties": {
        "@id": "way/1334808585",
        "CEMT": "0",
        "boat": "yes",
        "name": "Amstelkanaal",
        "waterway": "canal",
        "wikidata": "Q2371875"
      },
      "geometry": {
        "type": "LineString",
        "coordinates": [
          [
            4.8954512,
            52.3480049
          ],
          [
            4.8964177,
            52.3479766
          ],
          [
            4.8997314,
            52.3484477
          ]
        ]
      },
      "id": "way/1334808585"
    },
    {
      "type": "Feature",
      "properties": {
        "@id": "way/1334808586",
        "CEMT": "0",
        "boat": "yes",
        "name": "Amstelkanaal",
        "seamark:bridge:category": "yes",
        "waterway": "canal",
        "wikidata": "Q2371875"
      },
      "geometry": {
        "type": "LineString",
        "coordinates": [
          [
            4.8950784,
            52.3480195
          ],
          [
            4.8952424,
            52.348011
          ],
          [
            4.8954512,
            52.3480049
          ]
        ]
      },
      "id": "way/1334808586"
    },
    {
      "type": "Feature",
      "properties": {
        "@id": "way/1334808587",
        "CEMT": "0",
        "boat": "yes",
        "name": "Amstelkanaal",
        "waterway": "canal",
        "wikidata": "Q2371875"
      },
      "geometry": {
        "type": "LineString",
        "coordinates": [
          [
            4.8916253,
            52.3481982
          ],
          [
            4.8950784,
            52.3480195
          ]
        ]
      },
      "id": "way/1334808587"
    },
    {
      "type": "Feature",
      "properties": {
        "@id": "way/1334808588",
        "CEMT": "0",
        "boat": "yes",
        "name": "Amstelkanaal",
        "seamark:bridge:category": "yes",
        "waterway": "canal",
        "wikidata": "Q2371875"
      },
      "geometry": {
        "type": "LineString",
        "coordinates": [
          [
            4.8909585,
            52.3482288
          ],
          [
            4.8912304,
            52.3482186
          ],
          [
            4.8916253,
            52.3481982
          ]
        ]
      },
      "id": "way/1334808588"
    },
    {
      "type": "Feature",
      "properties": {
        "@id": "way/1334808589",
        "CEMT": "0",
        "boat": "yes",
        "name": "Amstelkanaal",
        "waterway": "canal",
        "wikidata": "Q2371875"
      },
      "geometry": {
        "type": "LineString",
        "coordinates": [
          [
            4.8863297,
            52.3484595
          ],
          [
            4.8899541,
            52.3482665
          ],
          [
            4.8909585,
            52.3482288
          ]
        ]
      },
      "id": "way/1334808589"
    },
    {
      "type": "Feature",
      "properties": {
        "@id": "way/1334808590",
        "canoe": "yes",
        "motorboat": "yes",
        "name": "Boerenwetering",
        "seamark:bridge:category": "yes",
        "waterway": "canal"
      },
      "geometry": {
        "type": "LineString",
        "coordinates": [
          [
            4.8855059,
            52.342549
          ],
          [
            4.8855124,
            52.3425945
          ]
        ]
      },
      "id": "way/1334808590"
    },
    {
      "type": "Feature",
      "properties": {
        "@id": "way/1334808591",
        "canoe": "yes",
        "motorboat": "yes",
        "name": "Boerenwetering",
        "waterway": "canal"
      },
      "geometry": {
        "type": "LineString",
        "coordinates": [
          [
            4.8855124,
            52.3425945
          ],
          [
            4.8857611,
            52.3443307
          ]
        ]
      },
      "id": "way/1334808591"
    },
    {
      "type": "Feature",
      "properties": {
        "@id": "way/1334808592",
        "canoe": "yes",
        "motorboat": "yes",
        "name": "Boerenwetering",
        "waterway": "canal"
      },
      "geometry": {
        "type": "LineString",
        "coordinates": [
          [
            4.8858148,
            52.3447053
          ],
          [
            4.8861323,
            52.3471592
          ]
        ]
      },
      "id": "way/1334808592"
    },
    {
      "type": "Feature",
      "properties": {
        "@id": "way/1334808593",
        "canoe": "yes",
        "motorboat": "yes",
        "name": "Boerenwetering",
        "seamark:bridge:category": "yes",
        "waterway": "canal"
      },
      "geometry": {
        "type": "LineString",
        "coordinates": [
          [
            4.8857611,
            52.3443307
          ],
          [
            4.8858148,
            52.3447053
          ]
        ]
      },
      "id": "way/1334808593"
    },
    {
      "type": "Feature",
      "properties": {
        "@id": "way/1334808594",
        "canoe": "yes",
        "motorboat": "yes",
        "name": "Boerenwetering",
        "waterway": "canal"
      },
      "geometry": {
        "type": "LineString",
        "coordinates": [
          [
            4.8861828,
            52.3476471
          ],
          [
            4.8863297,
            52.3484595
          ]
        ]
      },
      "id": "way/1334808594"
    },
    {
      "type": "Feature",
      "properties": {
        "@id": "way/1334808595",
        "canoe": "yes",
        "motorboat": "yes",
        "name": "Boerenwetering",
        "seamark:bridge:category": "yes",
        "waterway": "canal"
      },
      "geometry": {
        "type": "LineString",
        "coordinates": [
          [
            4.8861323,
            52.3471592
          ],
          [
            4.8861828,
            52.3476471
          ]
        ]
      },
      "id": "way/1334808595"
    },
    {
      "type": "Feature",
      "properties": {
        "@id": "way/1334808596",
        "canoe": "yes",
        "motorboat": "yes",
        "name": "Noorder Amstelkanaal",
        "seamark:bridge:category": "yes",
        "waterway": "canal"
      },
      "geometry": {
        "type": "LineString",
        "coordinates": [
          [
            4.8602978,
            52.3488807
          ],
          [
            4.8600084,
            52.3486245
          ]
        ]
      },
      "id": "way/1334808596"
    },
    {
      "type": "Feature",
      "properties": {
        "@id": "way/1334808597",
        "canoe": "yes",
        "motorboat": "yes",
        "name": "Noorder Amstelkanaal",
        "waterway": "canal"
      },
      "geometry": {
        "type": "LineString",
        "coordinates": [
          [
            4.8600084,
            52.3486245
          ],
          [
            4.8589248,
            52.3476651
          ],
          [
            4.8587629,
            52.3476074
          ],
          [
            4.8580403,
            52.3474693
          ]
        ]
      },
      "id": "way/1334808597"
    },
    {
      "type": "Feature",
      "properties": {
        "@id": "way/1334808598",
        "canoe": "yes",
        "motorboat": "yes",
        "name": "Noorder Amstelkanaal",
        "seamark:bridge:category": "yes",
        "waterway": "canal"
      },
      "geometry": {
        "type": "LineString",
        "coordinates": [
          [
            4.8655201,
            52.3507618
          ],
          [
            4.8651123,
            52.3506567
          ]
        ]
      },
      "id": "way/1334808598"
    },
    {
      "type": "Feature",
      "properties": {
        "@id": "way/1334808599",
        "canoe": "yes",
        "motorboat": "yes",
        "name": "Noorder Amstelkanaal",
        "waterway": "canal"
      },
      "geometry": {
        "type": "LineString",
        "coordinates": [
          [
            4.8703813,
            52.3520243
          ],
          [
            4.8701257,
            52.3519588
          ],
          [
            4.8655201,
            52.3507618
          ]
        ]
      },
      "id": "way/1334808599"
    },
    {
      "type": "Feature",
      "properties": {
        "@id": "way/1334808600",
        "canoe": "yes",
        "motorboat": "yes",
        "name": "Noorder Amstelkanaal",
        "seamark:bridge:category": "yes",
        "waterway": "canal"
      },
      "geometry": {
        "type": "LineString",
        "coordinates": [
          [
            4.8708974,
            52.3521085
          ],
          [
            4.8703813,
            52.3520243
          ]
        ]
      },
      "id": "way/1334808600"
    },
    {
      "type": "Feature",
      "properties": {
        "@id": "way/1334808601",
        "canoe": "yes",
        "motorboat": "yes",
        "name": "Noorder Amstelkanaal",
        "waterway": "canal"
      },
      "geometry": {
        "type": "LineString",
        "coordinates": [
          [
            4.8731146,
            52.3522079
          ],
          [
            4.8718337,
            52.3522157
          ],
          [
            4.8708974,
            52.3521085
          ]
        ]
      },
      "id": "way/1334808601"
    },
    {
      "type": "Feature",
      "properties": {
        "@id": "way/1334808602",
        "canoe": "yes",
        "motorboat": "yes",
        "name": "Noorder Amstelkanaal",
        "seamark:bridge:category": "yes",
        "waterway": "canal"
      },
      "geometry": {
        "type": "LineString",
        "coordinates": [
          [
            4.8736117,
            52.3521796
          ],
          [
            4.8731146,
            52.3522079
          ]
        ]
      },
      "id": "way/1334808602"
    },
    {
      "type": "Feature",
      "properties": {
        "@id": "way/1334808603",
        "canoe": "yes",
        "motorboat": "yes",
        "name": "Noorder Amstelkanaal",
        "waterway": "canal"
      },
      "geometry": {
        "type": "LineString",
        "coordinates": [
          [
            4.8787727,
            52.3512437
          ],
          [
            4.8779784,
            52.3513693
          ],
          [
            4.8740317,
            52.3521088
          ],
          [
            4.8736117,
            52.3521796
          ]
        ]
      },
      "id": "way/1334808603"
    },
    {
      "type": "Feature",
      "properties": {
        "@id": "way/1334808604",
        "canoe": "yes",
        "motorboat": "yes",
        "name": "Noorder Amstelkanaal",
        "seamark:bridge:category": "yes",
        "waterway": "canal"
      },
      "geometry": {
        "type": "LineString",
        "coordinates": [
          [
            4.8793093,
            52.3511478
          ],
          [
            4.8787727,
            52.3512437
          ]
        ]
      },
      "id": "way/1334808604"
    },
    {
      "type": "Feature",
      "properties": {
        "@id": "way/1334808605",
        "canoe": "yes",
        "motorboat": "yes",
        "name": "Noorder Amstelkanaal",
        "waterway": "canal"
      },
      "geometry": {
        "type": "LineString",
        "coordinates": [
          [
            4.8846018,
            52.349693
          ],
          [
            4.8838407,
            52.3502421
          ],
          [
            4.8835488,
            52.3503732
          ],
          [
            4.8793093,
            52.3511478
          ]
        ]
      },
      "id": "way/1334808605"
    },
    {
      "type": "Feature",
      "properties": {
        "@id": "way/1334808606",
        "canoe": "yes",
        "motorboat": "yes",
        "name": "Noorder Amstelkanaal",
        "seamark:bridge:category": "yes",
        "waterway": "canal"
      },
      "geometry": {
        "type": "LineString",
        "coordinates": [
          [
            4.8849813,
            52.3494193
          ],
          [
            4.8846018,
            52.349693
          ]
        ]
      },
      "id": "way/1334808606"
    },
    {
      "type": "Feature",
      "properties": {
        "@id": "way/1334808607",
        "canoe": "yes",
        "motorboat": "yes",
        "name": "Noorder Amstelkanaal",
        "waterway": "canal"
      },
      "geometry": {
        "type": "LineString",
        "coordinates": [
          [
            4.8863297,
            52.3484595
          ],
          [
            4.885419,
            52.3491231
          ],
          [
            4.8849813,
            52.3494193
          ]
        ]
      },
      "id": "way/1334808607"
    },
    {
      "type": "Feature",
      "properties": {
        "@id": "way/1334808608",
        "CEMT": "0",
        "boat": "yes",
        "name": "Zuider Amstelkanaal",
        "waterway": "canal"
      },
      "geometry": {
        "type": "LineString",
        "coordinates": [
          [
            4.8848296,
            52.3477706
          ],
          [
            4.8863297,
            52.3484595
          ]
        ]
      },
      "id": "way/1334808608"
    },
    {
      "type": "Feature",
      "properties": {
        "@id": "way/1334808609",
        "CEMT": "0",
        "boat": "yes",
        "name": "Zuider Amstelkanaal",
        "seamark:bridge:category": "yes",
        "waterway": "canal"
      },
      "geometry": {
        "type": "LineString",
        "coordinates": [
          [
            4.8843225,
            52.3475218
          ],
          [
            4.8848296,
            52.3477706
          ]
        ]
      },
      "id": "way/1334808609"
    },
    {
      "type": "Feature",
      "properties": {
        "@id": "way/1334808610",
        "CEMT": "0",
        "boat": "yes",
        "name": "Zuider Amstelkanaal",
        "seamark:bridge:category": "yes",
        "waterway": "canal"
      },
      "geometry": {
        "type": "LineString",
        "coordinates": [
          [
            4.8811994,
            52.3459647
          ],
          [
            4.8816931,
            52.3462163
          ]
        ]
      },
      "id": "way/1334808610"
    },
    {
      "type": "Feature",
      "properties": {
        "@id": "way/1334808611",
        "CEMT": "0",
        "boat": "yes",
        "name": "Zuider Amstelkanaal",
        "waterway": "canal"
      },
      "geometry": {
        "type": "LineString",
        "coordinates": [
          [
            4.8816931,
            52.3462163
          ],
          [
            4.8825074,
            52.3466314
          ],
          [
            4.8843225,
            52.3475218
          ]
        ]
      },
      "id": "way/1334808611"
    },
    {
      "type": "Feature",
      "properties": {
        "@id": "way/1334808612",
        "CEMT": "0",
        "boat": "yes",
        "name": "Zuider Amstelkanaal",
        "seamark:bridge:category": "yes",
        "waterway": "canal"
      },
      "geometry": {
        "type": "LineString",
        "coordinates": [
          [
            4.8763163,
            52.3445986
          ],
          [
            4.8768754,
            52.3446251
          ]
        ]
      },
      "id": "way/1334808612"
    },
    {
      "type": "Feature",
      "properties": {
        "@id": "way/1334808613",
        "CEMT": "0",
        "boat": "yes",
        "name": "Zuider Amstelkanaal",
        "waterway": "canal"
      },
      "geometry": {
        "type": "LineString",
        "coordinates": [
          [
            4.8728562,
            52.3444698
          ],
          [
            4.874981,
            52.3445496
          ],
          [
            4.8763163,
            52.3445986
          ]
        ]
      },
      "id": "way/1334808613"
    },
    {
      "type": "Feature",
      "properties": {
        "@id": "way/1334808614",
        "CEMT": "0",
        "boat": "yes",
        "name": "Zuider Amstelkanaal",
        "seamark:bridge:category": "yes",
        "waterway": "canal"
      },
      "geometry": {
        "type": "LineString",
        "coordinates": [
          [
            4.8726392,
            52.3444617
          ],
          [
            4.8728562,
            52.3444698
          ]
        ]
      },
      "id": "way/1334808614"
    },
    {
      "type": "Feature",
      "properties": {
        "@id": "way/1334808615",
        "CEMT": "0",
        "canoe": "yes",
        "motorboat": "yes",
        "name": "Zuider Amstelkanaal",
        "waterway": "canal"
      },
      "geometry": {
        "type": "LineString",
        "coordinates": [
          [
            4.8682799,
            52.3440015
          ],
          [
            4.8707498,
            52.3443542
          ],
          [
            4.8715633,
            52.3444213
          ],
          [
            4.8726392,
            52.3444617
          ]
        ]
      },
      "id": "way/1334808615"
    },
    {
      "type": "Feature",
      "properties": {
        "@id": "way/1334808616",
        "CEMT": "0",
        "boat": "yes",
        "name": "Zuider Amstelkanaal",
        "seamark:bridge:category": "yes",
        "waterway": "canal"
      },
      "geometry": {
        "type": "LineString",
        "coordinates": [
          [
            4.867716,
            52.3439209
          ],
          [
            4.8682799,
            52.3440015
          ]
        ]
      },
      "id": "way/1334808616"
    },
    {
      "type": "Feature",
      "properties": {
        "@id": "way/1334808617",
        "CEMT": "0",
        "canoe": "yes",
        "motorboat": "yes",
        "name": "Zuider Amstelkanaal",
        "waterway": "canal"
      },
      "geometry": {
        "type": "LineString",
        "coordinates": [
          [
            4.8655136,
            52.3433752
          ],
          [
            4.8671618,
            52.3438418
          ],
          [
            4.867716,
            52.3439209
          ]
        ]
      },
      "id": "way/1334808617"
    },
    {
      "type": "Feature",
      "properties": {
        "@id": "way/1334808618",
        "CEMT": "0",
        "boat": "yes",
        "name": "Zuider Amstelkanaal",
        "seamark:bridge:category": "yes",
        "waterway": "canal"
      },
      "geometry": {
        "type": "LineString",
        "coordinates": [
          [
            4.8653204,
            52.3433147
          ],
          [
            4.8655136,
            52.3433752
          ]
        ]
      },
      "id": "way/1334808618"
    },
    {
      "type": "Feature",
      "properties": {
        "@id": "way/1334808619",
        "CEMT": "0",
        "canoe": "yes",
        "motorboat": "yes",
        "name": "Zuider Amstelkanaal",
        "waterway": "canal"
      },
      "geometry": {
        "type": "LineString",
        "coordinates": [
          [
            4.8605302,
            52.3425426
          ],
          [
            4.8624068,
            52.342519
          ],
          [
            4.8634596,
            52.3426433
          ],
          [
            4.8648242,
            52.3430594
          ],
          [
            4.8653204,
            52.3433147
          ]
        ]
      },
      "id": "way/1334808619"
    },
    {
      "type": "Feature",
      "properties": {
        "@id": "way/1334808620",
        "CEMT": "0",
        "canoe": "yes",
        "motorboat": "yes",
        "name": "Zuider Amstelkanaal",
        "seamark:bridge:category": "yes",
        "waterway": "canal"
      },
      "geometry": {
        "type": "LineString",
        "coordinates": [
          [
            4.8604001,
            52.3425425
          ],
          [
            4.8605302,
            52.3425426
          ]
        ]
      },
      "id": "way/1334808620"
    },
    {
      "type": "Feature",
      "properties": {
        "@id": "way/1334808621",
        "CEMT": "0",
        "canoe": "yes",
        "motorboat": "yes",
        "name": "Zuider Amstelkanaal",
        "waterway": "canal"
      },
      "geometry": {
        "type": "LineString",
        "coordinates": [
          [
            4.857802,
            52.3423306
          ],
          [
            4.8593958,
            52.3425336
          ],
          [
            4.8604001,
            52.3425425
          ]
        ]
      },
      "id": "way/1334808621"
    },
    {
      "type": "Feature",
      "properties": {
        "@id": "way/1334808622",
        "CEMT": "0",
        "canoe": "yes",
        "motorboat": "yes",
        "name": "Stadiongracht",
        "seamark:bridge:category": "yes",
        "waterway": "canal"
      },
      "geometry": {
        "type": "LineString",
        "coordinates": [
          [
            4.8572008,
            52.3422477
          ],
          [
            4.8574894,
            52.3422908
          ]
        ]
      },
      "id": "way/1334808622"
    },
    {
      "type": "Feature",
      "properties": {
        "@id": "way/1334808623",
        "CEMT": "0",
        "canoe": "yes",
        "motorboat": "yes",
        "name": "Zuider Amstelkanaal",
        "seamark:bridge:category": "yes",
        "waterway": "canal"
      },
      "geometry": {
        "type": "LineString",
        "coordinates": [
          [
            4.8574894,
            52.3422908
          ],
          [
            4.857802,
            52.3423306
          ]
        ]
      },
      "id": "way/1334808623"
    },
    {
      "type": "Feature",
      "properties": {
        "@id": "way/1334808624",
        "CEMT": "0",
        "canoe": "yes",
        "motorboat": "yes",
        "name": "Stadiongracht",
        "seamark:bridge:category": "yes",
        "waterway": "canal"
      },
      "geometry": {
        "type": "LineString",
        "coordinates": [
          [
            4.853349,
            52.3417432
          ],
          [
            4.8536337,
            52.341781
          ]
        ]
      },
      "id": "way/1334808624"
    },
    {
      "type": "Feature",
      "properties": {
        "@id": "way/1334812562",
        "CEMT": "II",
        "boat": "yes",
        "name": "Weespertrekvaart",
        "seamark:bridge:category": "yes",
        "waterway": "canal",
        "wikidata": "Q2358028"
      },
      "geometry": {
        "type": "LineString",
        "coordinates": [
          [
            4.9191678,
            52.3425406
          ],
          [
            4.9194678,
            52.3426055
          ],
          [
            4.9197378,
            52.3426635
          ]
        ]
      },
      "id": "way/1334812562"
    },
    {
      "type": "Feature",
      "properties": {
        "@id": "way/1334812563",
        "CEMT": "II",
        "boat": "yes",
        "name": "Weespertrekvaart",
        "seamark:bridge:category": "yes",
        "waterway": "canal",
        "wikidata": "Q2358028"
      },
      "geometry": {
        "type": "LineString",
        "coordinates": [
          [
            4.9185347,
            52.3424037
          ],
          [
            4.918853,
            52.3424725
          ],
          [
            4.9191678,
            52.3425406
          ]
        ]
      },
      "id": "way/1334812563"
    },
    {
      "type": "Feature",
      "properties": {
        "@id": "way/1334812564",
        "CEMT": "II",
        "boat": "yes",
        "name": "Weespertrekvaart",
        "waterway": "canal",
        "wikidata": "Q2358028"
      },
      "geometry": {
        "type": "LineString",
        "coordinates": [
          [
            4.9153538,
            52.3419526
          ],
          [
            4.9173452,
            52.3421915
          ],
          [
            4.9185347,
            52.3424037
          ]
        ]
      },
      "id": "way/1334812564"
    },
    {
      "type": "Feature",
      "properties": {
        "@id": "way/1334812565",
        "CEMT": "II",
        "boat": "yes",
        "name": "Duivendrechtsevaart",
        "waterway": "canal",
        "wikidata": "Q4489489",
        "wikimedia_commons": "Category:Duivendrechtsevaart",
        "wikipedia": "nl:Duivendrechtsevaart"
      },
      "geometry": {
        "type": "LineString",
        "coordinates": [
          [
            4.9191862,
            52.3296972
          ],
          [
            4.9175325,
            52.3315046
          ]
        ]
      },
      "id": "way/1334812565"
    },
    {
      "type": "Feature",
      "properties": {
        "@id": "way/1334812566",
        "CEMT": "II",
        "boat": "yes",
        "name": "Duivendrechtsevaart",
        "seamark:bridge:category": "yes",
        "waterway": "canal",
        "wikidata": "Q4489489",
        "wikimedia_commons": "Category:Duivendrechtsevaart",
        "wikipedia": "nl:Duivendrechtsevaart"
      },
      "geometry": {
        "type": "LineString",
        "coordinates": [
          [
            4.9198546,
            52.3289341
          ],
          [
            4.9191862,
            52.3296972
          ]
        ]
      },
      "id": "way/1334812566"
    },
    {
      "type": "Feature",
      "properties": {
        "@id": "way/1334812567",
        "CEMT": "II",
        "boat": "yes",
        "name": "Duivendrechtsevaart",
        "waterway": "canal",
        "wikidata": "Q4489489",
        "wikipedia": "nl:Duivendrechtsevaart"
      },
      "geometry": {
        "type": "LineString",
        "coordinates": [
          [
            4.917168,
            52.3319137
          ],
          [
            4.9168873,
            52.3321613
          ],
          [
            4.9151732,
            52.3347518
          ],
          [
            4.9142813,
            52.3360542
          ]
        ]
      },
      "id": "way/1334812567"
    },
    {
      "type": "Feature",
      "properties": {
        "@id": "way/1334812568",
        "CEMT": "II",
        "boat": "yes",
        "name": "Duivendrechtsevaart",
        "waterway": "canal",
        "wikidata": "Q4489489",
        "wikimedia_commons": "Category:Duivendrechtsevaart",
        "wikipedia": "nl:Duivendrechtsevaart"
      },
      "geometry": {
        "type": "LineString",
        "coordinates": [
          [
            4.9219273,
            52.3266592
          ],
          [
            4.9212184,
            52.3275318
          ],
          [
            4.9198546,
            52.3289341
          ]
        ]
      },
      "id": "way/1334812568"
    },
    {
      "type": "Feature",
      "properties": {
        "@id": "way/1334812569",
        "CEMT": "II",
        "boat": "yes",
        "name": "Duivendrechtsevaart",
        "waterway": "canal",
        "wikidata": "Q4489489",
        "wikipedia": "nl:Duivendrechtsevaart"
      },
      "geometry": {
        "type": "LineString",
        "coordinates": [
          [
            4.9140752,
            52.3363552
          ],
          [
            4.9126547,
            52.3384296
          ]
        ]
      },
      "id": "way/1334812569"
    },
    {
      "type": "Feature",
      "properties": {
        "@id": "way/1334812570",
        "CEMT": "II",
        "boat": "yes",
        "name": "Duivendrechtsevaart",
        "seamark:bridge:category": "yes",
        "waterway": "canal",
        "wikidata": "Q4489489",
        "wikipedia": "nl:Duivendrechtsevaart"
      },
      "geometry": {
        "type": "LineString",
        "coordinates": [
          [
            4.9142813,
            52.3360542
          ],
          [
            4.9140752,
            52.3363552
          ]
        ]
      },
      "id": "way/1334812570"
    },
    {
      "type": "Feature",
      "properties": {
        "@id": "way/1334812571",
        "CEMT": "II",
        "boat": "yes",
        "name": "Duivendrechtsevaart",
        "seamark:bridge:category": "yes",
        "waterway": "canal",
        "wikidata": "Q4489489",
        "wikipedia": "nl:Duivendrechtsevaart"
      },
      "geometry": {
        "type": "LineString",
        "coordinates": [
          [
            4.9126547,
            52.3384296
          ],
          [
            4.9125868,
            52.3385287
          ],
          [
            4.9125377,
            52.3386062
          ]
        ]
      },
      "id": "way/1334812571"
    },
    {
      "type": "Feature",
      "properties": {
        "@id": "way/1334812572",
        "CEMT": "II",
        "boat": "yes",
        "name": "Duivendrechtsevaart",
        "waterway": "canal",
        "wikidata": "Q4489489",
        "wikipedia": "nl:Duivendrechtsevaart"
      },
      "geometry": {
        "type": "LineString",
        "coordinates": [
          [
            4.9125377,
            52.3386062
          ],
          [
            4.9120288,
            52.3394097
          ]
        ]
      },
      "id": "way/1334812572"
    },
    {
      "type": "Feature",
      "properties": {
        "@id": "way/1334812573",
        "CEMT": "II",
        "boat": "yes",
        "maxspeed": "7.5",
        "name": "Amstel",
        "name:nl": "Amstel",
        "name:ru": "Амстел",
        "seamark:bridge:category": "yes",
        "waterway": "river"
      },
      "geometry": {
        "type": "LineString",
        "coordinates": [
          [
            4.9128051,
            52.3471924
          ],
          [
            4.9127425,
            52.3473577
          ],
          [
            4.9126888,
            52.3475036
          ]
        ]
      },
      "id": "way/1334812573"
    },
    {
      "type": "Feature",
      "properties": {
        "@id": "way/1334812574",
        "CEMT": "II",
        "boat": "yes",
        "maxspeed": "7.5",
        "name": "Amstel",
        "name:nl": "Amstel",
        "name:ru": "Амстел",
        "waterway": "river"
      },
      "geometry": {
        "type": "LineString",
        "coordinates": [
          [
            4.9153538,
            52.3419526
          ],
          [
            4.9145797,
            52.3430262
          ],
          [
            4.9133649,
            52.3452952
          ],
          [
            4.9133607,
            52.3459842
          ],
          [
            4.9128051,
            52.3471924
          ]
        ]
      },
      "id": "way/1334812574"
    },
    {
      "type": "Feature",
      "properties": {
        "@id": "way/1334812576",
        "CEMT": "II",
        "boat": "yes",
        "maxspeed": "7.5",
        "name": "Amstel",
        "name:nl": "Amstel",
        "name:ru": "Амстел",
        "waterway": "river"
      },
      "geometry": {
        "type": "LineString",
        "coordinates": [
          [
            4.9097158,
            52.3388577
          ],
          [
            4.9120288,
            52.3394097
          ],
          [
            4.9123793,
            52.339504
          ],
          [
            4.9140609,
            52.3402015
          ],
          [
            4.9152638,
            52.341169
          ],
          [
            4.915436,
            52.3415058
          ],
          [
            4.9153538,
            52.3419526
          ]
        ]
      },
      "id": "way/1334812576"
    },
    {
      "type": "Feature",
      "properties": {
        "@id": "way/1334816099",
        "canoe": "yes",
        "motorboat": "yes",
        "name": "Lozingskanaal",
        "waterway": "canal"
      },
      "geometry": {
        "type": "LineString",
        "coordinates": [
          [
            4.9271601,
            52.3664587
          ],
          [
            4.9277854,
            52.3665007
          ],
          [
            4.931484,
            52.3665698
          ]
        ]
      },
      "id": "way/1334816099"
    },
    {
      "type": "Feature",
      "properties": {
        "@id": "way/1334843249",
        "canoe": "yes",
        "motorboat": "yes",
        "name": "Jacob van Lennepkanaal",
        "waterway": "canal"
      },
      "geometry": {
        "type": "LineString",
        "coordinates": [
          [
            4.8731217,
            52.3654784
          ],
          [
            4.8719855,
            52.3651602
          ]
        ]
      },
      "id": "way/1334843249"
    },
    {
      "type": "Feature",
      "properties": {
        "@id": "way/1335712364",
        "boat": "yes",
        "canoe": "yes",
        "motorboat": "yes",
        "name": "Zuider Amstelkanaal",
        "waterway": "canal"
      },
      "geometry": {
        "type": "LineString",
        "coordinates": [
          [
            4.8648242,
            52.3430594
          ],
          [
            4.8649705,
            52.3416078
          ]
        ]
      },
      "id": "way/1335712364"
    },
    {
      "type": "Feature",
      "properties": {
        "@id": "way/1335712366",
        "canoe": "yes",
        "motorboat": "yes",
        "name": "Leidsegracht",
        "waterway": "canal",
        "wikidata": "Q657507"
      },
      "geometry": {
        "type": "LineString",
        "coordinates": [
          [
            4.8808399,
            52.3654658
          ],
          [
            4.8807118,
            52.3654208
          ]
        ]
      },
      "id": "way/1335712366"
    }
  ]
}
